number of nodes: 121 
number of edges: 120 
capital_cost_pump_station: 166000 
ps_OM_cost: 175950 
water_demand: 1.095e-05 
Solution Value: 429125 
Solution Value 1: 87175.3 
Solution Value 2: 166000 
Solution Value 3: 175950 
diameter[1,0,0.05] 1 
diameter[1,0,0.06] 0 
diameter[1,0,0.08] 0 
diameter[1,0,0.1] 0 
diameter[1,0,0.15] 0 
diameter[1,0,0.2] 0 
diameter[1,0,0.25] 0 
diameter[1,0,0.3] 0 
diameter[1,0,0.35] 0 
diameter[1,0,0.4] 0 
diameter[1,0,0.45] 0 
diameter[1,0,0.5] 0 
diameter[1,0,0.6] 0 
diameter[1,2,0.05] -0 
diameter[1,2,0.06] -0 
diameter[1,2,0.08] -0 
diameter[1,2,0.1] 1 
diameter[1,2,0.15] 0 
diameter[1,2,0.2] 0 
diameter[1,2,0.25] 0 
diameter[1,2,0.3] 0 
diameter[1,2,0.35] 0 
diameter[1,2,0.4] 0 
diameter[1,2,0.45] 0 
diameter[1,2,0.5] 0 
diameter[1,2,0.6] 0 
diameter[2,3,0.05] 0 
diameter[2,3,0.06] -0 
diameter[2,3,0.08] -0 
diameter[2,3,0.1] 1 
diameter[2,3,0.15] 0 
diameter[2,3,0.2] 0 
diameter[2,3,0.25] 0 
diameter[2,3,0.3] 0 
diameter[2,3,0.35] 0 
diameter[2,3,0.4] 0 
diameter[2,3,0.45] 0 
diameter[2,3,0.5] 0 
diameter[2,3,0.6] 0 
diameter[3,6,0.05] -0 
diameter[3,6,0.06] -0 
diameter[3,6,0.08] -0 
diameter[3,6,0.1] 1 
diameter[3,6,0.15] -0 
diameter[3,6,0.2] 0 
diameter[3,6,0.25] 0 
diameter[3,6,0.3] 0 
diameter[3,6,0.35] 0 
diameter[3,6,0.4] 0 
diameter[3,6,0.45] 0 
diameter[3,6,0.5] 0 
diameter[3,6,0.6] 0 
diameter[4,5,0.05] 0 
diameter[4,5,0.06] -0 
diameter[4,5,0.08] -0 
diameter[4,5,0.1] 1 
diameter[4,5,0.15] 0 
diameter[4,5,0.2] 0 
diameter[4,5,0.25] 0 
diameter[4,5,0.3] 0 
diameter[4,5,0.35] 0 
diameter[4,5,0.4] 0 
diameter[4,5,0.45] 0 
diameter[4,5,0.5] 0 
diameter[4,5,0.6] 0 
diameter[5,1,0.05] 0 
diameter[5,1,0.06] 0 
diameter[5,1,0.08] -0 
diameter[5,1,0.1] 1 
diameter[5,1,0.15] 0 
diameter[5,1,0.2] 0 
diameter[5,1,0.25] 0 
diameter[5,1,0.3] 0 
diameter[5,1,0.35] 0 
diameter[5,1,0.4] 0 
diameter[5,1,0.45] 0 
diameter[5,1,0.5] 0 
diameter[5,1,0.6] 0 
diameter[6,7,0.05] -0 
diameter[6,7,0.06] -0 
diameter[6,7,0.08] 1 
diameter[6,7,0.1] -0 
diameter[6,7,0.15] -0 
diameter[6,7,0.2] 0 
diameter[6,7,0.25] 0 
diameter[6,7,0.3] 0 
diameter[6,7,0.35] 0 
diameter[6,7,0.4] 0 
diameter[6,7,0.45] 0 
diameter[6,7,0.5] 0 
diameter[6,7,0.6] 0 
diameter[7,11,0.05] -0 
diameter[7,11,0.06] -0 
diameter[7,11,0.08] 1 
diameter[7,11,0.1] 0 
diameter[7,11,0.15] 0 
diameter[7,11,0.2] 0 
diameter[7,11,0.25] 0 
diameter[7,11,0.3] 0 
diameter[7,11,0.35] 0 
diameter[7,11,0.4] 0 
diameter[7,11,0.45] 0 
diameter[7,11,0.5] 0 
diameter[7,11,0.6] 0 
diameter[8,4,0.05] 0 
diameter[8,4,0.06] 0 
diameter[8,4,0.08] -0 
diameter[8,4,0.1] 1 
diameter[8,4,0.15] 0 
diameter[8,4,0.2] 0 
diameter[8,4,0.25] 0 
diameter[8,4,0.3] 0 
diameter[8,4,0.35] 0 
diameter[8,4,0.4] 0 
diameter[8,4,0.45] 0 
diameter[8,4,0.5] 0 
diameter[8,4,0.6] 0 
diameter[10,8,0.05] 0 
diameter[10,8,0.06] 0 
diameter[10,8,0.08] -0 
diameter[10,8,0.1] 1 
diameter[10,8,0.15] 0 
diameter[10,8,0.2] 0 
diameter[10,8,0.25] 0 
diameter[10,8,0.3] 0 
diameter[10,8,0.35] 0 
diameter[10,8,0.4] 0 
diameter[10,8,0.45] 0 
diameter[10,8,0.5] 0 
diameter[10,8,0.6] 0 
diameter[10,12,0.05] 1 
diameter[10,12,0.06] 0 
diameter[10,12,0.08] 0 
diameter[10,12,0.1] 0 
diameter[10,12,0.15] 0 
diameter[10,12,0.2] 0 
diameter[10,12,0.25] 0 
diameter[10,12,0.3] 0 
diameter[10,12,0.35] 0 
diameter[10,12,0.4] 0 
diameter[10,12,0.45] 0 
diameter[10,12,0.5] 0 
diameter[10,12,0.6] 0 
diameter[13,10,0.05] 0 
diameter[13,10,0.06] 0 
diameter[13,10,0.08] -0 
diameter[13,10,0.1] 1 
diameter[13,10,0.15] 0 
diameter[13,10,0.2] 0 
diameter[13,10,0.25] 0 
diameter[13,10,0.3] 0 
diameter[13,10,0.35] 0 
diameter[13,10,0.4] 0 
diameter[13,10,0.45] 0 
diameter[13,10,0.5] 0 
diameter[13,10,0.6] 0 
diameter[14,9,0.05] 1 
diameter[14,9,0.06] 0 
diameter[14,9,0.08] 0 
diameter[14,9,0.1] 0 
diameter[14,9,0.15] 0 
diameter[14,9,0.2] 0 
diameter[14,9,0.25] 0 
diameter[14,9,0.3] 0 
diameter[14,9,0.35] 0 
diameter[14,9,0.4] 0 
diameter[14,9,0.45] 0 
diameter[14,9,0.5] 0 
diameter[14,9,0.6] 0 
diameter[15,13,0.05] 0 
diameter[15,13,0.06] 0 
diameter[15,13,0.08] -0 
diameter[15,13,0.1] 1 
diameter[15,13,0.15] 0 
diameter[15,13,0.2] 0 
diameter[15,13,0.25] 0 
diameter[15,13,0.3] 0 
diameter[15,13,0.35] 0 
diameter[15,13,0.4] 0 
diameter[15,13,0.45] 0 
diameter[15,13,0.5] 0 
diameter[15,13,0.6] 0 
diameter[15,14,0.05] 1 
diameter[15,14,0.06] 0 
diameter[15,14,0.08] 0 
diameter[15,14,0.1] 0 
diameter[15,14,0.15] 0 
diameter[15,14,0.2] 0 
diameter[15,14,0.25] 0 
diameter[15,14,0.3] 0 
diameter[15,14,0.35] 0 
diameter[15,14,0.4] 0 
diameter[15,14,0.45] 0 
diameter[15,14,0.5] 0 
diameter[15,14,0.6] 0 
diameter[16,15,0.05] 0 
diameter[16,15,0.06] 0 
diameter[16,15,0.08] 0 
diameter[16,15,0.1] 1 
diameter[16,15,0.15] 0 
diameter[16,15,0.2] 0 
diameter[16,15,0.25] 0 
diameter[16,15,0.3] 0 
diameter[16,15,0.35] 0 
diameter[16,15,0.4] 0 
diameter[16,15,0.45] 0 
diameter[16,15,0.5] 0 
diameter[16,15,0.6] 0 
diameter[18,16,0.05] 0 
diameter[18,16,0.06] 0 
diameter[18,16,0.08] 0 
diameter[18,16,0.1] 1 
diameter[18,16,0.15] 0 
diameter[18,16,0.2] 0 
diameter[18,16,0.25] 0 
diameter[18,16,0.3] 0 
diameter[18,16,0.35] 0 
diameter[18,16,0.4] 0 
diameter[18,16,0.45] 0 
diameter[18,16,0.5] 0 
diameter[18,16,0.6] 0 
diameter[18,17,0.05] 1 
diameter[18,17,0.06] 0 
diameter[18,17,0.08] 0 
diameter[18,17,0.1] 0 
diameter[18,17,0.15] 0 
diameter[18,17,0.2] 0 
diameter[18,17,0.25] 0 
diameter[18,17,0.3] 0 
diameter[18,17,0.35] 0 
diameter[18,17,0.4] 0 
diameter[18,17,0.45] 0 
diameter[18,17,0.5] 0 
diameter[18,17,0.6] 0 
diameter[20,18,0.05] 0 
diameter[20,18,0.06] 0 
diameter[20,18,0.08] 0 
diameter[20,18,0.1] 1 
diameter[20,18,0.15] 0 
diameter[20,18,0.2] 0 
diameter[20,18,0.25] 0 
diameter[20,18,0.3] 0 
diameter[20,18,0.35] 0 
diameter[20,18,0.4] 0 
diameter[20,18,0.45] 0 
diameter[20,18,0.5] 0 
diameter[20,18,0.6] 0 
diameter[20,19,0.05] 1 
diameter[20,19,0.06] 0 
diameter[20,19,0.08] 0 
diameter[20,19,0.1] 0 
diameter[20,19,0.15] 0 
diameter[20,19,0.2] 0 
diameter[20,19,0.25] 0 
diameter[20,19,0.3] 0 
diameter[20,19,0.35] 0 
diameter[20,19,0.4] 0 
diameter[20,19,0.45] 0 
diameter[20,19,0.5] 0 
diameter[20,19,0.6] 0 
diameter[21,20,0.05] 0 
diameter[21,20,0.06] 0 
diameter[21,20,0.08] 0 
diameter[21,20,0.1] 1 
diameter[21,20,0.15] 0 
diameter[21,20,0.2] 0 
diameter[21,20,0.25] 0 
diameter[21,20,0.3] 0 
diameter[21,20,0.35] 0 
diameter[21,20,0.4] 0 
diameter[21,20,0.45] 0 
diameter[21,20,0.5] 0 
diameter[21,20,0.6] 0 
diameter[22,21,0.05] 0 
diameter[22,21,0.06] 0 
diameter[22,21,0.08] 0 
diameter[22,21,0.1] 1 
diameter[22,21,0.15] 0 
diameter[22,21,0.2] 0 
diameter[22,21,0.25] 0 
diameter[22,21,0.3] 0 
diameter[22,21,0.35] 0 
diameter[22,21,0.4] 0 
diameter[22,21,0.45] 0 
diameter[22,21,0.5] 0 
diameter[22,21,0.6] 0 
diameter[23,22,0.05] 0 
diameter[23,22,0.06] 0 
diameter[23,22,0.08] 0 
diameter[23,22,0.1] 1 
diameter[23,22,0.15] 0 
diameter[23,22,0.2] 0 
diameter[23,22,0.25] 0 
diameter[23,22,0.3] 0 
diameter[23,22,0.35] 0 
diameter[23,22,0.4] 0 
diameter[23,22,0.45] 0 
diameter[23,22,0.5] 0 
diameter[23,22,0.6] 0 
diameter[26,24,0.05] 1 
diameter[26,24,0.06] 0 
diameter[26,24,0.08] 0 
diameter[26,24,0.1] 0 
diameter[26,24,0.15] 0 
diameter[26,24,0.2] 0 
diameter[26,24,0.25] 0 
diameter[26,24,0.3] 0 
diameter[26,24,0.35] 0 
diameter[26,24,0.4] 0 
diameter[26,24,0.45] 0 
diameter[26,24,0.5] 0 
diameter[26,24,0.6] 0 
diameter[27,23,0.05] 0 
diameter[27,23,0.06] 0 
diameter[27,23,0.08] 0 
diameter[27,23,0.1] 1 
diameter[27,23,0.15] 0 
diameter[27,23,0.2] 0 
diameter[27,23,0.25] 0 
diameter[27,23,0.3] 0 
diameter[27,23,0.35] 0 
diameter[27,23,0.4] 0 
diameter[27,23,0.45] 0 
diameter[27,23,0.5] 0 
diameter[27,23,0.6] 0 
diameter[28,27,0.05] 0 
diameter[28,27,0.06] 0 
diameter[28,27,0.08] 0 
diameter[28,27,0.1] 1 
diameter[28,27,0.15] 0 
diameter[28,27,0.2] 0 
diameter[28,27,0.25] 0 
diameter[28,27,0.3] 0 
diameter[28,27,0.35] 0 
diameter[28,27,0.4] 0 
diameter[28,27,0.45] 0 
diameter[28,27,0.5] 0 
diameter[28,27,0.6] 0 
diameter[28,32,0.05] 1 
diameter[28,32,0.06] 0 
diameter[28,32,0.08] 0 
diameter[28,32,0.1] 0 
diameter[28,32,0.15] 0 
diameter[28,32,0.2] 0 
diameter[28,32,0.25] 0 
diameter[28,32,0.3] 0 
diameter[28,32,0.35] 0 
diameter[28,32,0.4] 0 
diameter[28,32,0.45] 0 
diameter[28,32,0.5] 0 
diameter[28,32,0.6] 0 
diameter[29,25,0.05] 1 
diameter[29,25,0.06] 0 
diameter[29,25,0.08] 0 
diameter[29,25,0.1] 0 
diameter[29,25,0.15] 0 
diameter[29,25,0.2] 0 
diameter[29,25,0.25] 0 
diameter[29,25,0.3] 0 
diameter[29,25,0.35] 0 
diameter[29,25,0.4] 0 
diameter[29,25,0.45] 0 
diameter[29,25,0.5] 0 
diameter[29,25,0.6] 0 
diameter[29,28,0.05] 0 
diameter[29,28,0.06] 0 
diameter[29,28,0.08] 0 
diameter[29,28,0.1] 1 
diameter[29,28,0.15] 0 
diameter[29,28,0.2] 0 
diameter[29,28,0.25] 0 
diameter[29,28,0.3] 0 
diameter[29,28,0.35] 0 
diameter[29,28,0.4] 0 
diameter[29,28,0.45] 0 
diameter[29,28,0.5] 0 
diameter[29,28,0.6] 0 
diameter[30,26,0.05] 1 
diameter[30,26,0.06] 0 
diameter[30,26,0.08] 0 
diameter[30,26,0.1] 0 
diameter[30,26,0.15] 0 
diameter[30,26,0.2] 0 
diameter[30,26,0.25] 0 
diameter[30,26,0.3] 0 
diameter[30,26,0.35] 0 
diameter[30,26,0.4] 0 
diameter[30,26,0.45] 0 
diameter[30,26,0.5] 0 
diameter[30,26,0.6] 0 
diameter[31,30,0.05] 1 
diameter[31,30,0.06] 0 
diameter[31,30,0.08] 0 
diameter[31,30,0.1] 0 
diameter[31,30,0.15] 0 
diameter[31,30,0.2] 0 
diameter[31,30,0.25] 0 
diameter[31,30,0.3] 0 
diameter[31,30,0.35] 0 
diameter[31,30,0.4] 0 
diameter[31,30,0.45] 0 
diameter[31,30,0.5] 0 
diameter[31,30,0.6] 0 
diameter[33,29,0.05] 0 
diameter[33,29,0.06] 0 
diameter[33,29,0.08] 0 
diameter[33,29,0.1] 1 
diameter[33,29,0.15] 0 
diameter[33,29,0.2] 0 
diameter[33,29,0.25] 0 
diameter[33,29,0.3] 0 
diameter[33,29,0.35] 0 
diameter[33,29,0.4] 0 
diameter[33,29,0.45] 0 
diameter[33,29,0.5] 0 
diameter[33,29,0.6] 0 
diameter[34,33,0.05] 0 
diameter[34,33,0.06] 0 
diameter[34,33,0.08] 0 
diameter[34,33,0.1] -0 
diameter[34,33,0.15] 1 
diameter[34,33,0.2] 0 
diameter[34,33,0.25] 0 
diameter[34,33,0.3] 0 
diameter[34,33,0.35] 0 
diameter[34,33,0.4] 0 
diameter[34,33,0.45] 0 
diameter[34,33,0.5] 0 
diameter[34,33,0.6] 0 
diameter[35,31,0.05] 1 
diameter[35,31,0.06] 0 
diameter[35,31,0.08] 0 
diameter[35,31,0.1] 0 
diameter[35,31,0.15] 0 
diameter[35,31,0.2] 0 
diameter[35,31,0.25] 0 
diameter[35,31,0.3] 0 
diameter[35,31,0.35] 0 
diameter[35,31,0.4] 0 
diameter[35,31,0.45] 0 
diameter[35,31,0.5] 0 
diameter[35,31,0.6] 0 
diameter[36,35,0.05] 1 
diameter[36,35,0.06] 0 
diameter[36,35,0.08] 0 
diameter[36,35,0.1] 0 
diameter[36,35,0.15] 0 
diameter[36,35,0.2] 0 
diameter[36,35,0.25] 0 
diameter[36,35,0.3] 0 
diameter[36,35,0.35] 0 
diameter[36,35,0.4] 0 
diameter[36,35,0.45] 0 
diameter[36,35,0.5] 0 
diameter[36,35,0.6] 0 
diameter[37,34,0.05] 0 
diameter[37,34,0.06] 0 
diameter[37,34,0.08] 0 
diameter[37,34,0.1] -0 
diameter[37,34,0.15] 1 
diameter[37,34,0.2] 0 
diameter[37,34,0.25] 0 
diameter[37,34,0.3] 0 
diameter[37,34,0.35] 0 
diameter[37,34,0.4] 0 
diameter[37,34,0.45] 0 
diameter[37,34,0.5] 0 
diameter[37,34,0.6] 0 
diameter[38,36,0.05] 1 
diameter[38,36,0.06] 0 
diameter[38,36,0.08] 0 
diameter[38,36,0.1] 0 
diameter[38,36,0.15] 0 
diameter[38,36,0.2] 0 
diameter[38,36,0.25] 0 
diameter[38,36,0.3] 0 
diameter[38,36,0.35] 0 
diameter[38,36,0.4] 0 
diameter[38,36,0.45] 0 
diameter[38,36,0.5] 0 
diameter[38,36,0.6] 0 
diameter[39,37,0.05] 0 
diameter[39,37,0.06] 0 
diameter[39,37,0.08] 0 
diameter[39,37,0.1] -0 
diameter[39,37,0.15] 1 
diameter[39,37,0.2] 0 
diameter[39,37,0.25] 0 
diameter[39,37,0.3] 0 
diameter[39,37,0.35] 0 
diameter[39,37,0.4] 0 
diameter[39,37,0.45] 0 
diameter[39,37,0.5] 0 
diameter[39,37,0.6] 0 
diameter[39,41,0.05] 1 
diameter[39,41,0.06] 0 
diameter[39,41,0.08] 0 
diameter[39,41,0.1] 0 
diameter[39,41,0.15] 0 
diameter[39,41,0.2] 0 
diameter[39,41,0.25] 0 
diameter[39,41,0.3] 0 
diameter[39,41,0.35] 0 
diameter[39,41,0.4] 0 
diameter[39,41,0.45] 0 
diameter[39,41,0.5] 0 
diameter[39,41,0.6] 0 
diameter[42,38,0.05] 1 
diameter[42,38,0.06] 0 
diameter[42,38,0.08] 0 
diameter[42,38,0.1] 0 
diameter[42,38,0.15] 0 
diameter[42,38,0.2] 0 
diameter[42,38,0.25] 0 
diameter[42,38,0.3] 0 
diameter[42,38,0.35] 0 
diameter[42,38,0.4] 0 
diameter[42,38,0.45] 0 
diameter[42,38,0.5] 0 
diameter[42,38,0.6] 0 
diameter[42,43,0.05] 0 
diameter[42,43,0.06] 0 
diameter[42,43,0.08] 0 
diameter[42,43,0.1] 0 
diameter[42,43,0.15] 1 
diameter[42,43,0.2] 0 
diameter[42,43,0.25] 0 
diameter[42,43,0.3] 0 
diameter[42,43,0.35] 0 
diameter[42,43,0.4] 0 
diameter[42,43,0.45] 0 
diameter[42,43,0.5] 0 
diameter[42,43,0.6] 0 
diameter[43,39,0.05] 0 
diameter[43,39,0.06] 0 
diameter[43,39,0.08] 0 
diameter[43,39,0.1] -0 
diameter[43,39,0.15] 1 
diameter[43,39,0.2] 0 
diameter[43,39,0.25] 0 
diameter[43,39,0.3] 0 
diameter[43,39,0.35] 0 
diameter[43,39,0.4] 0 
diameter[43,39,0.45] 0 
diameter[43,39,0.5] 0 
diameter[43,39,0.6] 0 
diameter[44,40,0.05] 1 
diameter[44,40,0.06] -0 
diameter[44,40,0.08] -0 
diameter[44,40,0.1] 0 
diameter[44,40,0.15] 0 
diameter[44,40,0.2] 0 
diameter[44,40,0.25] 0 
diameter[44,40,0.3] 0 
diameter[44,40,0.35] 0 
diameter[44,40,0.4] 0 
diameter[44,40,0.45] 0 
diameter[44,40,0.5] 0 
diameter[44,40,0.6] 0 
diameter[45,42,0.05] 0 
diameter[45,42,0.06] 0 
diameter[45,42,0.08] 0 
diameter[45,42,0.1] 0 
diameter[45,42,0.15] 1 
diameter[45,42,0.2] 0 
diameter[45,42,0.25] 0 
diameter[45,42,0.3] 0 
diameter[45,42,0.35] 0 
diameter[45,42,0.4] 0 
diameter[45,42,0.45] 0 
diameter[45,42,0.5] 0 
diameter[45,42,0.6] 0 
diameter[46,44,0.05] 1 
diameter[46,44,0.06] -0 
diameter[46,44,0.08] -0 
diameter[46,44,0.1] 0 
diameter[46,44,0.15] 0 
diameter[46,44,0.2] 0 
diameter[46,44,0.25] 0 
diameter[46,44,0.3] 0 
diameter[46,44,0.35] 0 
diameter[46,44,0.4] 0 
diameter[46,44,0.45] 0 
diameter[46,44,0.5] 0 
diameter[46,44,0.6] 0 
diameter[47,46,0.05] 1 
diameter[47,46,0.06] -0 
diameter[47,46,0.08] -0 
diameter[47,46,0.1] -0 
diameter[47,46,0.15] 0 
diameter[47,46,0.2] 0 
diameter[47,46,0.25] 0 
diameter[47,46,0.3] 0 
diameter[47,46,0.35] 0 
diameter[47,46,0.4] 0 
diameter[47,46,0.45] 0 
diameter[47,46,0.5] 0 
diameter[47,46,0.6] 0 
diameter[48,49,0.05] 0 
diameter[48,49,0.06] 0 
diameter[48,49,0.08] 0 
diameter[48,49,0.1] 0 
diameter[48,49,0.15] 1 
diameter[48,49,0.2] 0 
diameter[48,49,0.25] 0 
diameter[48,49,0.3] 0 
diameter[48,49,0.35] 0 
diameter[48,49,0.4] 0 
diameter[48,49,0.45] 0 
diameter[48,49,0.5] 0 
diameter[48,49,0.6] 0 
diameter[49,45,0.05] 0 
diameter[49,45,0.06] 0 
diameter[49,45,0.08] 0 
diameter[49,45,0.1] 0 
diameter[49,45,0.15] 1 
diameter[49,45,0.2] 0 
diameter[49,45,0.25] 0 
diameter[49,45,0.3] 0 
diameter[49,45,0.35] 0 
diameter[49,45,0.4] 0 
diameter[49,45,0.45] 0 
diameter[49,45,0.5] 0 
diameter[49,45,0.6] 0 
diameter[49,52,0.05] 1 
diameter[49,52,0.06] 0 
diameter[49,52,0.08] 0 
diameter[49,52,0.1] 0 
diameter[49,52,0.15] 0 
diameter[49,52,0.2] 0 
diameter[49,52,0.25] 0 
diameter[49,52,0.3] 0 
diameter[49,52,0.35] 0 
diameter[49,52,0.4] 0 
diameter[49,52,0.45] 0 
diameter[49,52,0.5] 0 
diameter[49,52,0.6] 0 
diameter[50,47,0.05] 1 
diameter[50,47,0.06] -0 
diameter[50,47,0.08] -0 
diameter[50,47,0.1] 0 
diameter[50,47,0.15] 0 
diameter[50,47,0.2] 0 
diameter[50,47,0.25] 0 
diameter[50,47,0.3] 0 
diameter[50,47,0.35] 0 
diameter[50,47,0.4] 0 
diameter[50,47,0.45] 0 
diameter[50,47,0.5] 0 
diameter[50,47,0.6] 0 
diameter[51,56,0.05] 1 
diameter[51,56,0.06] 0 
diameter[51,56,0.08] 0 
diameter[51,56,0.1] 0 
diameter[51,56,0.15] 0 
diameter[51,56,0.2] 0 
diameter[51,56,0.25] 0 
diameter[51,56,0.3] 0 
diameter[51,56,0.35] 0 
diameter[51,56,0.4] 0 
diameter[51,56,0.45] 0 
diameter[51,56,0.5] 0 
diameter[51,56,0.6] 0 
diameter[53,48,0.05] 0 
diameter[53,48,0.06] 0 
diameter[53,48,0.08] 0 
diameter[53,48,0.1] 0 
diameter[53,48,0.15] 1 
diameter[53,48,0.2] 0 
diameter[53,48,0.25] 0 
diameter[53,48,0.3] 0 
diameter[53,48,0.35] 0 
diameter[53,48,0.4] 0 
diameter[53,48,0.45] 0 
diameter[53,48,0.5] 0 
diameter[53,48,0.6] 0 
diameter[53,51,0.05] 1 
diameter[53,51,0.06] 0 
diameter[53,51,0.08] 0 
diameter[53,51,0.1] 0 
diameter[53,51,0.15] 0 
diameter[53,51,0.2] 0 
diameter[53,51,0.25] 0 
diameter[53,51,0.3] 0 
diameter[53,51,0.35] 0 
diameter[53,51,0.4] 0 
diameter[53,51,0.45] 0 
diameter[53,51,0.5] 0 
diameter[53,51,0.6] 0 
diameter[54,50,0.05] 1 
diameter[54,50,0.06] -0 
diameter[54,50,0.08] -0 
diameter[54,50,0.1] 0 
diameter[54,50,0.15] 0 
diameter[54,50,0.2] 0 
diameter[54,50,0.25] 0 
diameter[54,50,0.3] 0 
diameter[54,50,0.35] 0 
diameter[54,50,0.4] 0 
diameter[54,50,0.45] 0 
diameter[54,50,0.5] 0 
diameter[54,50,0.6] 0 
diameter[55,54,0.05] 1 
diameter[55,54,0.06] -0 
diameter[55,54,0.08] -0 
diameter[55,54,0.1] -0 
diameter[55,54,0.15] 0 
diameter[55,54,0.2] 0 
diameter[55,54,0.25] 0 
diameter[55,54,0.3] 0 
diameter[55,54,0.35] 0 
diameter[55,54,0.4] 0 
diameter[55,54,0.45] 0 
diameter[55,54,0.5] 0 
diameter[55,54,0.6] 0 
diameter[57,53,0.05] 0 
diameter[57,53,0.06] 0 
diameter[57,53,0.08] 0 
diameter[57,53,0.1] 0 
diameter[57,53,0.15] 1 
diameter[57,53,0.2] 0 
diameter[57,53,0.25] 0 
diameter[57,53,0.3] 0 
diameter[57,53,0.35] 0 
diameter[57,53,0.4] 0 
diameter[57,53,0.45] 0 
diameter[57,53,0.5] 0 
diameter[57,53,0.6] 0 
diameter[58,57,0.05] 0 
diameter[58,57,0.06] 0 
diameter[58,57,0.08] 0 
diameter[58,57,0.1] 0 
diameter[58,57,0.15] 1 
diameter[58,57,0.2] 0 
diameter[58,57,0.25] 0 
diameter[58,57,0.3] 0 
diameter[58,57,0.35] 0 
diameter[58,57,0.4] 0 
diameter[58,57,0.45] 0 
diameter[58,57,0.5] 0 
diameter[58,57,0.6] 0 
diameter[59,55,0.05] 1 
diameter[59,55,0.06] -0 
diameter[59,55,0.08] 0 
diameter[59,55,0.1] 0 
diameter[59,55,0.15] 0 
diameter[59,55,0.2] 0 
diameter[59,55,0.25] 0 
diameter[59,55,0.3] 0 
diameter[59,55,0.35] 0 
diameter[59,55,0.4] 0 
diameter[59,55,0.45] 0 
diameter[59,55,0.5] 0 
diameter[59,55,0.6] 0 
diameter[60,59,0.05] 1 
diameter[60,59,0.06] -0 
diameter[60,59,0.08] 0 
diameter[60,59,0.1] 0 
diameter[60,59,0.15] 0 
diameter[60,59,0.2] 0 
diameter[60,59,0.25] 0 
diameter[60,59,0.3] 0 
diameter[60,59,0.35] 0 
diameter[60,59,0.4] 0 
diameter[60,59,0.45] 0 
diameter[60,59,0.5] 0 
diameter[60,59,0.6] 0 
diameter[61,58,0.05] 0 
diameter[61,58,0.06] 0 
diameter[61,58,0.08] 0 
diameter[61,58,0.1] 0 
diameter[61,58,0.15] 1 
diameter[61,58,0.2] 0 
diameter[61,58,0.25] 0 
diameter[61,58,0.3] 0 
diameter[61,58,0.35] 0 
diameter[61,58,0.4] 0 
diameter[61,58,0.45] 0 
diameter[61,58,0.5] 0 
diameter[61,58,0.6] 0 
diameter[61,62,0.05] 1 
diameter[61,62,0.06] 0 
diameter[61,62,0.08] 0 
diameter[61,62,0.1] 0 
diameter[61,62,0.15] 0 
diameter[61,62,0.2] 0 
diameter[61,62,0.25] 0 
diameter[61,62,0.3] 0 
diameter[61,62,0.35] 0 
diameter[61,62,0.4] 0 
diameter[61,62,0.45] 0 
diameter[61,62,0.5] 0 
diameter[61,62,0.6] 0 
diameter[62,63,0.05] 1 
diameter[62,63,0.06] 0 
diameter[62,63,0.08] 0 
diameter[62,63,0.1] 0 
diameter[62,63,0.15] 0 
diameter[62,63,0.2] 0 
diameter[62,63,0.25] 0 
diameter[62,63,0.3] 0 
diameter[62,63,0.35] 0 
diameter[62,63,0.4] 0 
diameter[62,63,0.45] 0 
diameter[62,63,0.5] 0 
diameter[62,63,0.6] 0 
diameter[64,60,0.05] 1 
diameter[64,60,0.06] 0 
diameter[64,60,0.08] 0 
diameter[64,60,0.1] 0 
diameter[64,60,0.15] 0 
diameter[64,60,0.2] 0 
diameter[64,60,0.25] 0 
diameter[64,60,0.3] 0 
diameter[64,60,0.35] 0 
diameter[64,60,0.4] 0 
diameter[64,60,0.45] 0 
diameter[64,60,0.5] 0 
diameter[64,60,0.6] 0 
diameter[65,61,0.05] 0 
diameter[65,61,0.06] 0 
diameter[65,61,0.08] 0 
diameter[65,61,0.1] 0 
diameter[65,61,0.15] 1 
diameter[65,61,0.2] 0 
diameter[65,61,0.25] 0 
diameter[65,61,0.3] 0 
diameter[65,61,0.35] 0 
diameter[65,61,0.4] 0 
diameter[65,61,0.45] 0 
diameter[65,61,0.5] 0 
diameter[65,61,0.6] 0 
diameter[67,64,0.05] -0 
diameter[67,64,0.06] 1 
diameter[67,64,0.08] 0 
diameter[67,64,0.1] 0 
diameter[67,64,0.15] 0 
diameter[67,64,0.2] 0 
diameter[67,64,0.25] 0 
diameter[67,64,0.3] 0 
diameter[67,64,0.35] 0 
diameter[67,64,0.4] 0 
diameter[67,64,0.45] 0 
diameter[67,64,0.5] 0 
diameter[67,64,0.6] 0 
diameter[67,65,0.05] 0 
diameter[67,65,0.06] 0 
diameter[67,65,0.08] 0 
diameter[67,65,0.1] 0 
diameter[67,65,0.15] 1 
diameter[67,65,0.2] 0 
diameter[67,65,0.25] 0 
diameter[67,65,0.3] 0 
diameter[67,65,0.35] 0 
diameter[67,65,0.4] 0 
diameter[67,65,0.45] 0 
diameter[67,65,0.5] 0 
diameter[67,65,0.6] 0 
diameter[68,71,0.05] 1 
diameter[68,71,0.06] 0 
diameter[68,71,0.08] 0 
diameter[68,71,0.1] 0 
diameter[68,71,0.15] 0 
diameter[68,71,0.2] 0 
diameter[68,71,0.25] 0 
diameter[68,71,0.3] 0 
diameter[68,71,0.35] 0 
diameter[68,71,0.4] 0 
diameter[68,71,0.45] 0 
diameter[68,71,0.5] 0 
diameter[68,71,0.6] 0 
diameter[69,67,0.05] 0 
diameter[69,67,0.06] 0 
diameter[69,67,0.08] 0 
diameter[69,67,0.1] 0 
diameter[69,67,0.15] 1 
diameter[69,67,0.2] 0 
diameter[69,67,0.25] 0 
diameter[69,67,0.3] 0 
diameter[69,67,0.35] 0 
diameter[69,67,0.4] 0 
diameter[69,67,0.45] 0 
diameter[69,67,0.5] 0 
diameter[69,67,0.6] 0 
diameter[69,73,0.05] 0 
diameter[69,73,0.06] 0 
diameter[69,73,0.08] 0 
diameter[69,73,0.1] 1 
diameter[69,73,0.15] 0 
diameter[69,73,0.2] 0 
diameter[69,73,0.25] 0 
diameter[69,73,0.3] 0 
diameter[69,73,0.35] 0 
diameter[69,73,0.4] 0 
diameter[69,73,0.45] 0 
diameter[69,73,0.5] 0 
diameter[69,73,0.6] 0 
diameter[70,77,0.05] 1 
diameter[70,77,0.06] 0 
diameter[70,77,0.08] 0 
diameter[70,77,0.1] 0 
diameter[70,77,0.15] 0 
diameter[70,77,0.2] 0 
diameter[70,77,0.25] 0 
diameter[70,77,0.3] 0 
diameter[70,77,0.35] 0 
diameter[70,77,0.4] 0 
diameter[70,77,0.45] 0 
diameter[70,77,0.5] 0 
diameter[70,77,0.6] 0 
diameter[70,75,0.05] 0 
diameter[70,75,0.06] 0 
diameter[70,75,0.08] 0 
diameter[70,75,0.1] 0 
diameter[70,75,0.15] 1 
diameter[70,75,0.2] -0 
diameter[70,75,0.25] -0 
diameter[70,75,0.3] 0 
diameter[70,75,0.35] 0 
diameter[70,75,0.4] 0 
diameter[70,75,0.45] 0 
diameter[70,75,0.5] 0 
diameter[70,75,0.6] 0 
diameter[71,70,0.05] 0 
diameter[71,70,0.06] 0 
diameter[71,70,0.08] 0 
diameter[71,70,0.1] 0 
diameter[71,70,0.15] 1 
diameter[71,70,0.2] -0 
diameter[71,70,0.25] -0 
diameter[71,70,0.3] 0 
diameter[71,70,0.35] 0 
diameter[71,70,0.4] 0 
diameter[71,70,0.45] 0 
diameter[71,70,0.5] 0 
diameter[71,70,0.6] 0 
diameter[71,76,0.05] 1 
diameter[71,76,0.06] 0 
diameter[71,76,0.08] 0 
diameter[71,76,0.1] 0 
diameter[71,76,0.15] 0 
diameter[71,76,0.2] 0 
diameter[71,76,0.25] 0 
diameter[71,76,0.3] 0 
diameter[71,76,0.35] 0 
diameter[71,76,0.4] 0 
diameter[71,76,0.45] 0 
diameter[71,76,0.5] 0 
diameter[71,76,0.6] 0 
diameter[72,66,0.05] 1 
diameter[72,66,0.06] 0 
diameter[72,66,0.08] 0 
diameter[72,66,0.1] 0 
diameter[72,66,0.15] 0 
diameter[72,66,0.2] 0 
diameter[72,66,0.25] 0 
diameter[72,66,0.3] 0 
diameter[72,66,0.35] 0 
diameter[72,66,0.4] 0 
diameter[72,66,0.45] 0 
diameter[72,66,0.5] 0 
diameter[72,66,0.6] 0 
diameter[72,80,0.05] 0 
diameter[72,80,0.06] 0 
diameter[72,80,0.08] 0 
diameter[72,80,0.1] 1 
diameter[72,80,0.15] 0 
diameter[72,80,0.2] 0 
diameter[72,80,0.25] 0 
diameter[72,80,0.3] 0 
diameter[72,80,0.35] 0 
diameter[72,80,0.4] 0 
diameter[72,80,0.45] 0 
diameter[72,80,0.5] 0 
diameter[72,80,0.6] 0 
diameter[73,72,0.05] 0 
diameter[73,72,0.06] 0 
diameter[73,72,0.08] 0 
diameter[73,72,0.1] 0 
diameter[73,72,0.15] 1 
diameter[73,72,0.2] 0 
diameter[73,72,0.25] 0 
diameter[73,72,0.3] 0 
diameter[73,72,0.35] 0 
diameter[73,72,0.4] 0 
diameter[73,72,0.45] 0 
diameter[73,72,0.5] 0 
diameter[73,72,0.6] 0 
diameter[74,69,0.05] 0 
diameter[74,69,0.06] 0 
diameter[74,69,0.08] 0 
diameter[74,69,0.1] 0 
diameter[74,69,0.15] 1 
diameter[74,69,0.2] 0 
diameter[74,69,0.25] 0 
diameter[74,69,0.3] 0 
diameter[74,69,0.35] 0 
diameter[74,69,0.4] 0 
diameter[74,69,0.45] 0 
diameter[74,69,0.5] 0 
diameter[74,69,0.6] 0 
diameter[74,79,0.05] 1 
diameter[74,79,0.06] -0 
diameter[74,79,0.08] -0 
diameter[74,79,0.1] 0 
diameter[74,79,0.15] 0 
diameter[74,79,0.2] 0 
diameter[74,79,0.25] 0 
diameter[74,79,0.3] 0 
diameter[74,79,0.35] 0 
diameter[74,79,0.4] 0 
diameter[74,79,0.45] 0 
diameter[74,79,0.5] 0 
diameter[74,79,0.6] 0 
diameter[75,74,0.05] 0 
diameter[75,74,0.06] 0 
diameter[75,74,0.08] 0 
diameter[75,74,0.1] 0 
diameter[75,74,0.15] 1 
diameter[75,74,0.2] -0 
diameter[75,74,0.25] -0 
diameter[75,74,0.3] 0 
diameter[75,74,0.35] 0 
diameter[75,74,0.4] 0 
diameter[75,74,0.45] 0 
diameter[75,74,0.5] 0 
diameter[75,74,0.6] 0 
diameter[78,83,0.05] 1 
diameter[78,83,0.06] 0 
diameter[78,83,0.08] 0 
diameter[78,83,0.1] 0 
diameter[78,83,0.15] 0 
diameter[78,83,0.2] 0 
diameter[78,83,0.25] 0 
diameter[78,83,0.3] 0 
diameter[78,83,0.35] 0 
diameter[78,83,0.4] 0 
diameter[78,83,0.45] 0 
diameter[78,83,0.5] 0 
diameter[78,83,0.6] 0 
diameter[79,78,0.05] 1 
diameter[79,78,0.06] 0 
diameter[79,78,0.08] 0 
diameter[79,78,0.1] 0 
diameter[79,78,0.15] 0 
diameter[79,78,0.2] 0 
diameter[79,78,0.25] 0 
diameter[79,78,0.3] 0 
diameter[79,78,0.35] 0 
diameter[79,78,0.4] 0 
diameter[79,78,0.45] 0 
diameter[79,78,0.5] 0 
diameter[79,78,0.6] 0 
diameter[79,81,0.05] 1 
diameter[79,81,0.06] -0 
diameter[79,81,0.08] -0 
diameter[79,81,0.1] 0 
diameter[79,81,0.15] 0 
diameter[79,81,0.2] 0 
diameter[79,81,0.25] 0 
diameter[79,81,0.3] 0 
diameter[79,81,0.35] 0 
diameter[79,81,0.4] 0 
diameter[79,81,0.45] 0 
diameter[79,81,0.5] 0 
diameter[79,81,0.6] 0 
diameter[80,85,0.05] 0 
diameter[80,85,0.06] 0 
diameter[80,85,0.08] 0 
diameter[80,85,0.1] 1 
diameter[80,85,0.15] 0 
diameter[80,85,0.2] 0 
diameter[80,85,0.25] 0 
diameter[80,85,0.3] 0 
diameter[80,85,0.35] 0 
diameter[80,85,0.4] 0 
diameter[80,85,0.45] 0 
diameter[80,85,0.5] 0 
diameter[80,85,0.6] 0 
diameter[81,84,0.05] 1 
diameter[81,84,0.06] -0 
diameter[81,84,0.08] -0 
diameter[81,84,0.1] 0 
diameter[81,84,0.15] 0 
diameter[81,84,0.2] 0 
diameter[81,84,0.25] 0 
diameter[81,84,0.3] 0 
diameter[81,84,0.35] 0 
diameter[81,84,0.4] 0 
diameter[81,84,0.45] 0 
diameter[81,84,0.5] 0 
diameter[81,84,0.6] 0 
diameter[84,86,0.05] 1 
diameter[84,86,0.06] -0 
diameter[84,86,0.08] -0 
diameter[84,86,0.1] 0 
diameter[84,86,0.15] 0 
diameter[84,86,0.2] 0 
diameter[84,86,0.25] 0 
diameter[84,86,0.3] 0 
diameter[84,86,0.35] 0 
diameter[84,86,0.4] 0 
diameter[84,86,0.45] 0 
diameter[84,86,0.5] 0 
diameter[84,86,0.6] 0 
diameter[85,89,0.05] 0 
diameter[85,89,0.06] 0 
diameter[85,89,0.08] 0 
diameter[85,89,0.1] 1 
diameter[85,89,0.15] 0 
diameter[85,89,0.2] 0 
diameter[85,89,0.25] 0 
diameter[85,89,0.3] 0 
diameter[85,89,0.35] 0 
diameter[85,89,0.4] 0 
diameter[85,89,0.45] 0 
diameter[85,89,0.5] 0 
diameter[85,89,0.6] 0 
diameter[86,87,0.05] 1 
diameter[86,87,0.06] -0 
diameter[86,87,0.08] -0 
diameter[86,87,0.1] 0 
diameter[86,87,0.15] 0 
diameter[86,87,0.2] 0 
diameter[86,87,0.25] 0 
diameter[86,87,0.3] 0 
diameter[86,87,0.35] 0 
diameter[86,87,0.4] 0 
diameter[86,87,0.45] 0 
diameter[86,87,0.5] 0 
diameter[86,87,0.6] 0 
diameter[87,88,0.05] 1 
diameter[87,88,0.06] -0 
diameter[87,88,0.08] -0 
diameter[87,88,0.1] 0 
diameter[87,88,0.15] 0 
diameter[87,88,0.2] 0 
diameter[87,88,0.25] 0 
diameter[87,88,0.3] 0 
diameter[87,88,0.35] 0 
diameter[87,88,0.4] 0 
diameter[87,88,0.45] 0 
diameter[87,88,0.5] 0 
diameter[87,88,0.6] 0 
diameter[88,82,0.05] 1 
diameter[88,82,0.06] 0 
diameter[88,82,0.08] 0 
diameter[88,82,0.1] 0 
diameter[88,82,0.15] 0 
diameter[88,82,0.2] 0 
diameter[88,82,0.25] 0 
diameter[88,82,0.3] 0 
diameter[88,82,0.35] 0 
diameter[88,82,0.4] 0 
diameter[88,82,0.45] 0 
diameter[88,82,0.5] 0 
diameter[88,82,0.6] 0 
diameter[88,91,0.05] 1 
diameter[88,91,0.06] 0 
diameter[88,91,0.08] 0 
diameter[88,91,0.1] 0 
diameter[88,91,0.15] 0 
diameter[88,91,0.2] 0 
diameter[88,91,0.25] 0 
diameter[88,91,0.3] 0 
diameter[88,91,0.35] 0 
diameter[88,91,0.4] 0 
diameter[88,91,0.45] 0 
diameter[88,91,0.5] 0 
diameter[88,91,0.6] 0 
diameter[89,90,0.05] 0 
diameter[89,90,0.06] 0 
diameter[89,90,0.08] 0 
diameter[89,90,0.1] 1 
diameter[89,90,0.15] 0 
diameter[89,90,0.2] 0 
diameter[89,90,0.25] 0 
diameter[89,90,0.3] 0 
diameter[89,90,0.35] 0 
diameter[89,90,0.4] 0 
diameter[89,90,0.45] 0 
diameter[89,90,0.5] 0 
diameter[89,90,0.6] 0 
diameter[90,93,0.05] 0 
diameter[90,93,0.06] 0 
diameter[90,93,0.08] 0 
diameter[90,93,0.1] 1 
diameter[90,93,0.15] 0 
diameter[90,93,0.2] 0 
diameter[90,93,0.25] 0 
diameter[90,93,0.3] 0 
diameter[90,93,0.35] 0 
diameter[90,93,0.4] 0 
diameter[90,93,0.45] 0 
diameter[90,93,0.5] 0 
diameter[90,93,0.6] 0 
diameter[93,95,0.05] 0 
diameter[93,95,0.06] 0 
diameter[93,95,0.08] 0 
diameter[93,95,0.1] 1 
diameter[93,95,0.15] 0 
diameter[93,95,0.2] 0 
diameter[93,95,0.25] 0 
diameter[93,95,0.3] 0 
diameter[93,95,0.35] 0 
diameter[93,95,0.4] 0 
diameter[93,95,0.45] 0 
diameter[93,95,0.5] 0 
diameter[93,95,0.6] 0 
diameter[94,92,0.05] 1 
diameter[94,92,0.06] 0 
diameter[94,92,0.08] 0 
diameter[94,92,0.1] 0 
diameter[94,92,0.15] 0 
diameter[94,92,0.2] 0 
diameter[94,92,0.25] 0 
diameter[94,92,0.3] 0 
diameter[94,92,0.35] 0 
diameter[94,92,0.4] 0 
diameter[94,92,0.45] 0 
diameter[94,92,0.5] 0 
diameter[94,92,0.6] 0 
diameter[95,99,0.05] 1 
diameter[95,99,0.06] 0 
diameter[95,99,0.08] 0 
diameter[95,99,0.1] 0 
diameter[95,99,0.15] 0 
diameter[95,99,0.2] 0 
diameter[95,99,0.25] 0 
diameter[95,99,0.3] 0 
diameter[95,99,0.35] 0 
diameter[95,99,0.4] 0 
diameter[95,99,0.45] 0 
diameter[95,99,0.5] 0 
diameter[95,99,0.6] 0 
diameter[95,96,0.05] 0 
diameter[95,96,0.06] 0 
diameter[95,96,0.08] 0 
diameter[95,96,0.1] 1 
diameter[95,96,0.15] 0 
diameter[95,96,0.2] 0 
diameter[95,96,0.25] 0 
diameter[95,96,0.3] 0 
diameter[95,96,0.35] 0 
diameter[95,96,0.4] 0 
diameter[95,96,0.45] 0 
diameter[95,96,0.5] 0 
diameter[95,96,0.6] 0 
diameter[96,98,0.05] 0 
diameter[96,98,0.06] 0 
diameter[96,98,0.08] 0 
diameter[96,98,0.1] 1 
diameter[96,98,0.15] 0 
diameter[96,98,0.2] 0 
diameter[96,98,0.25] 0 
diameter[96,98,0.3] 0 
diameter[96,98,0.35] 0 
diameter[96,98,0.4] 0 
diameter[96,98,0.45] 0 
diameter[96,98,0.5] 0 
diameter[96,98,0.6] 0 
diameter[97,94,0.05] 1 
diameter[97,94,0.06] 0 
diameter[97,94,0.08] 0 
diameter[97,94,0.1] 0 
diameter[97,94,0.15] 0 
diameter[97,94,0.2] 0 
diameter[97,94,0.25] 0 
diameter[97,94,0.3] 0 
diameter[97,94,0.35] 0 
diameter[97,94,0.4] 0 
diameter[97,94,0.45] 0 
diameter[97,94,0.5] 0 
diameter[97,94,0.6] 0 
diameter[98,103,0.05] 0 
diameter[98,103,0.06] 0 
diameter[98,103,0.08] 0 
diameter[98,103,0.1] 1 
diameter[98,103,0.15] 0 
diameter[98,103,0.2] 0 
diameter[98,103,0.25] 0 
diameter[98,103,0.3] 0 
diameter[98,103,0.35] 0 
diameter[98,103,0.4] 0 
diameter[98,103,0.45] 0 
diameter[98,103,0.5] 0 
diameter[98,103,0.6] 0 
diameter[99,97,0.05] 1 
diameter[99,97,0.06] 0 
diameter[99,97,0.08] 0 
diameter[99,97,0.1] 0 
diameter[99,97,0.15] 0 
diameter[99,97,0.2] 0 
diameter[99,97,0.25] 0 
diameter[99,97,0.3] 0 
diameter[99,97,0.35] 0 
diameter[99,97,0.4] 0 
diameter[99,97,0.45] 0 
diameter[99,97,0.5] 0 
diameter[99,97,0.6] 0 
diameter[99,101,0.05] 1 
diameter[99,101,0.06] 0 
diameter[99,101,0.08] 0 
diameter[99,101,0.1] 0 
diameter[99,101,0.15] 0 
diameter[99,101,0.2] 0 
diameter[99,101,0.25] 0 
diameter[99,101,0.3] 0 
diameter[99,101,0.35] 0 
diameter[99,101,0.4] 0 
diameter[99,101,0.45] 0 
diameter[99,101,0.5] 0 
diameter[99,101,0.6] 0 
diameter[101,100,0.05] 1 
diameter[101,100,0.06] 0 
diameter[101,100,0.08] 0 
diameter[101,100,0.1] 0 
diameter[101,100,0.15] 0 
diameter[101,100,0.2] 0 
diameter[101,100,0.25] 0 
diameter[101,100,0.3] 0 
diameter[101,100,0.35] 0 
diameter[101,100,0.4] 0 
diameter[101,100,0.45] 0 
diameter[101,100,0.5] 0 
diameter[101,100,0.6] 0 
diameter[102,107,0.05] 0 
diameter[102,107,0.06] 0 
diameter[102,107,0.08] 0 
diameter[102,107,0.1] 1 
diameter[102,107,0.15] 0 
diameter[102,107,0.2] 0 
diameter[102,107,0.25] 0 
diameter[102,107,0.3] 0 
diameter[102,107,0.35] 0 
diameter[102,107,0.4] 0 
diameter[102,107,0.45] 0 
diameter[102,107,0.5] 0 
diameter[102,107,0.6] 0 
diameter[103,102,0.05] 0 
diameter[103,102,0.06] 0 
diameter[103,102,0.08] -0 
diameter[103,102,0.1] 1 
diameter[103,102,0.15] 0 
diameter[103,102,0.2] 0 
diameter[103,102,0.25] 0 
diameter[103,102,0.3] 0 
diameter[103,102,0.35] 0 
diameter[103,102,0.4] 0 
diameter[103,102,0.45] 0 
diameter[103,102,0.5] 0 
diameter[103,102,0.6] 0 
diameter[106,104,0.05] 1 
diameter[106,104,0.06] 0 
diameter[106,104,0.08] 0 
diameter[106,104,0.1] 0 
diameter[106,104,0.15] 0 
diameter[106,104,0.2] 0 
diameter[106,104,0.25] 0 
diameter[106,104,0.3] 0 
diameter[106,104,0.35] 0 
diameter[106,104,0.4] 0 
diameter[106,104,0.45] 0 
diameter[106,104,0.5] 0 
diameter[106,104,0.6] 0 
diameter[106,105,0.05] 1 
diameter[106,105,0.06] 0 
diameter[106,105,0.08] 0 
diameter[106,105,0.1] 0 
diameter[106,105,0.15] 0 
diameter[106,105,0.2] 0 
diameter[106,105,0.25] 0 
diameter[106,105,0.3] 0 
diameter[106,105,0.35] 0 
diameter[106,105,0.4] 0 
diameter[106,105,0.45] 0 
diameter[106,105,0.5] 0 
diameter[106,105,0.6] 0 
diameter[107,106,0.05] 1 
diameter[107,106,0.06] 0 
diameter[107,106,0.08] 0 
diameter[107,106,0.1] 0 
diameter[107,106,0.15] 0 
diameter[107,106,0.2] 0 
diameter[107,106,0.25] 0 
diameter[107,106,0.3] 0 
diameter[107,106,0.35] 0 
diameter[107,106,0.4] 0 
diameter[107,106,0.45] 0 
diameter[107,106,0.5] 0 
diameter[107,106,0.6] 0 
diameter[107,108,0.05] 0 
diameter[107,108,0.06] 0 
diameter[107,108,0.08] -0 
diameter[107,108,0.1] 1 
diameter[107,108,0.15] 0 
diameter[107,108,0.2] 0 
diameter[107,108,0.25] 0 
diameter[107,108,0.3] 0 
diameter[107,108,0.35] 0 
diameter[107,108,0.4] 0 
diameter[107,108,0.45] 0 
diameter[107,108,0.5] 0 
diameter[107,108,0.6] 0 
diameter[108,112,0.05] 0 
diameter[108,112,0.06] 0 
diameter[108,112,0.08] -0 
diameter[108,112,0.1] 1 
diameter[108,112,0.15] 0 
diameter[108,112,0.2] 0 
diameter[108,112,0.25] 0 
diameter[108,112,0.3] 0 
diameter[108,112,0.35] 0 
diameter[108,112,0.4] 0 
diameter[108,112,0.45] 0 
diameter[108,112,0.5] 0 
diameter[108,112,0.6] 0 
diameter[109,113,0.05] 0 
diameter[109,113,0.06] 0 
diameter[109,113,0.08] -0 
diameter[109,113,0.1] 1 
diameter[109,113,0.15] 0 
diameter[109,113,0.2] 0 
diameter[109,113,0.25] 0 
diameter[109,113,0.3] 0 
diameter[109,113,0.35] 0 
diameter[109,113,0.4] 0 
diameter[109,113,0.45] 0 
diameter[109,113,0.5] 0 
diameter[109,113,0.6] 0 
diameter[110,109,0.05] 0 
diameter[110,109,0.06] 0 
diameter[110,109,0.08] -0 
diameter[110,109,0.1] 1 
diameter[110,109,0.15] 0 
diameter[110,109,0.2] 0 
diameter[110,109,0.25] 0 
diameter[110,109,0.3] 0 
diameter[110,109,0.35] 0 
diameter[110,109,0.4] 0 
diameter[110,109,0.45] 0 
diameter[110,109,0.5] 0 
diameter[110,109,0.6] 0 
diameter[111,110,0.05] 0 
diameter[111,110,0.06] 0 
diameter[111,110,0.08] -0 
diameter[111,110,0.1] 1 
diameter[111,110,0.15] 0 
diameter[111,110,0.2] 0 
diameter[111,110,0.25] 0 
diameter[111,110,0.3] 0 
diameter[111,110,0.35] 0 
diameter[111,110,0.4] 0 
diameter[111,110,0.45] 0 
diameter[111,110,0.5] 0 
diameter[111,110,0.6] 0 
diameter[112,111,0.05] 0 
diameter[112,111,0.06] 0 
diameter[112,111,0.08] -0 
diameter[112,111,0.1] 1 
diameter[112,111,0.15] 0 
diameter[112,111,0.2] 0 
diameter[112,111,0.25] 0 
diameter[112,111,0.3] 0 
diameter[112,111,0.35] 0 
diameter[112,111,0.4] 0 
diameter[112,111,0.45] 0 
diameter[112,111,0.5] 0 
diameter[112,111,0.6] 0 
diameter[113,114,0.05] -0 
diameter[113,114,0.06] -0 
diameter[113,114,0.08] 0 
diameter[113,114,0.1] 1 
diameter[113,114,0.15] 0 
diameter[113,114,0.2] 0 
diameter[113,114,0.25] 0 
diameter[113,114,0.3] 0 
diameter[113,114,0.35] 0 
diameter[113,114,0.4] 0 
diameter[113,114,0.45] 0 
diameter[113,114,0.5] 0 
diameter[113,114,0.6] 0 
diameter[114,115,0.05] 0 
diameter[114,115,0.06] 0 
diameter[114,115,0.08] 1 
diameter[114,115,0.1] 0 
diameter[114,115,0.15] 0 
diameter[114,115,0.2] 0 
diameter[114,115,0.25] 0 
diameter[114,115,0.3] 0 
diameter[114,115,0.35] 0 
diameter[114,115,0.4] 0 
diameter[114,115,0.45] 0 
diameter[114,115,0.5] 0 
diameter[114,115,0.6] 0 
diameter[115,118,0.05] 0 
diameter[115,118,0.06] -0 
diameter[115,118,0.08] 0 
diameter[115,118,0.1] 1 
diameter[115,118,0.15] 0 
diameter[115,118,0.2] 0 
diameter[115,118,0.25] 0 
diameter[115,118,0.3] 0 
diameter[115,118,0.35] 0 
diameter[115,118,0.4] 0 
diameter[115,118,0.45] 0 
diameter[115,118,0.5] 0 
diameter[115,118,0.6] 0 
diameter[116,117,0.05] 1 
diameter[116,117,0.06] -0 
diameter[116,117,0.08] -0 
diameter[116,117,0.1] 0 
diameter[116,117,0.15] 0 
diameter[116,117,0.2] 0 
diameter[116,117,0.25] 0 
diameter[116,117,0.3] 0 
diameter[116,117,0.35] 0 
diameter[116,117,0.4] 0 
diameter[116,117,0.45] 0 
diameter[116,117,0.5] 0 
diameter[116,117,0.6] 0 
diameter[118,119,0.05] -0 
diameter[118,119,0.06] 0 
diameter[118,119,0.08] 1 
diameter[118,119,0.1] -0 
diameter[118,119,0.15] 0 
diameter[118,119,0.2] 0 
diameter[118,119,0.25] 0 
diameter[118,119,0.3] 0 
diameter[118,119,0.35] 0 
diameter[118,119,0.4] 0 
diameter[118,119,0.45] 0 
diameter[118,119,0.5] 0 
diameter[118,119,0.6] 0 
diameter[119,116,0.05] 1 
diameter[119,116,0.06] -0 
diameter[119,116,0.08] -0 
diameter[119,116,0.1] 0 
diameter[119,116,0.15] 0 
diameter[119,116,0.2] 0 
diameter[119,116,0.25] 0 
diameter[119,116,0.3] 0 
diameter[119,116,0.35] 0 
diameter[119,116,0.4] 0 
diameter[119,116,0.45] 0 
diameter[119,116,0.5] 0 
diameter[119,116,0.6] 0 
diameter[119,120,0.05] 1 
diameter[119,120,0.06] -0 
diameter[119,120,0.08] 0 
diameter[119,120,0.1] 0 
diameter[119,120,0.15] 0 
diameter[119,120,0.2] 0 
diameter[119,120,0.25] 0 
diameter[119,120,0.3] 0 
diameter[119,120,0.35] 0 
diameter[119,120,0.4] 0 
diameter[119,120,0.45] 0 
diameter[119,120,0.5] 0 
diameter[119,120,0.6] 0 
hydro loss[1,0] 0.0556423 
hydro loss[1,2] 0.022206 
hydro loss[2,3] 0.0367225 
hydro loss[3,6] 0.00363781 
hydro loss[4,5] 0.0530273 
hydro loss[5,1] 0.0846416 
hydro loss[6,7] 0.0101798 
hydro loss[7,11] 0.00724502 
hydro loss[8,4] 0.111307 
hydro loss[10,8] 0.0986986 
hydro loss[10,12] 0.052818 
hydro loss[13,10] 0.124068 
hydro loss[14,9] 0.0695529 
hydro loss[15,13] 0.219933 
hydro loss[15,14] 0.258361 
hydro loss[16,15] 0.336951 
hydro loss[18,16] 0.464916 
hydro loss[18,17] 0.0323383 
hydro loss[20,18] 0.737435 
hydro loss[20,19] 0.0998822 
hydro loss[21,20] 0.621388 
hydro loss[22,21] 0.374731 
hydro loss[23,22] 3.06118 
hydro loss[26,24] 0.0417314 
hydro loss[27,23] 1.55359 
hydro loss[28,27] 0.47483 
hydro loss[28,32] 0.0850761 
hydro loss[29,25] 0.0556429 
hydro loss[29,28] 1.76576 
hydro loss[30,26] 0.150651 
hydro loss[31,30] 0.425629 
hydro loss[33,29] 1.70088 
hydro loss[34,33] 0.143637 
hydro loss[35,31] 1.26898 
hydro loss[36,35] 1.9678 
hydro loss[37,34] 0.15263 
hydro loss[38,36] 1.56692 
hydro loss[39,37] 0.207947 
hydro loss[39,41] 0.0357841 
hydro loss[42,38] 3.12557 
hydro loss[42,43] 0.339686 
hydro loss[43,39] 0.0905539 
hydro loss[44,40] 0.0580324 
hydro loss[45,42] 0.433827 
hydro loss[46,44] 0.15065 
hydro loss[47,46] 0.212814 
hydro loss[48,49] 0.569042 
hydro loss[49,45] 0.437924 
hydro loss[49,52] 0.0850757 
hydro loss[50,47] 0.931525 
hydro loss[51,56] 0.055643 
hydro loss[53,48] 0.585512 
hydro loss[53,51] 0.360575 
hydro loss[54,50] 1.14331 
hydro loss[55,54] 0.768259 
hydro loss[57,53] 0.430001 
hydro loss[58,57] 0.287817 
hydro loss[59,55] 3.13534 
hydro loss[60,59] 3.36699 
hydro loss[61,58] 0.298356 
hydro loss[61,62] 0.148775 
hydro loss[62,63] 0.0576968 
hydro loss[64,60] 4.97809 
hydro loss[65,61] 0.662032 
hydro loss[67,64] 1.50347 
hydro loss[67,65] 0.552677 
hydro loss[68,71] 411.455 
hydro loss[69,67] 0.663427 
hydro loss[69,73] 2.03435 
hydro loss[70,77] 0.0580333 
hydro loss[70,75] 2.04443 
hydro loss[71,70] 2.15029 
hydro loss[71,76] 0.0448701 
hydro loss[72,66] 0.0973732 
hydro loss[72,80] 1.85201 
hydro loss[73,72] 0.226457 
hydro loss[74,69] 1.15805 
hydro loss[74,79] 4.9467 
hydro loss[75,74] 1.53761 
hydro loss[78,83] 0.0714797 
hydro loss[79,78] 0.11902 
hydro loss[79,81] 2.47583 
hydro loss[80,85] 1.74942 
hydro loss[81,84] 1.53654 
hydro loss[84,86] 0.822168 
hydro loss[85,89] 2.1022 
hydro loss[86,87] 0.543855 
hydro loss[87,88] 0.884296 
hydro loss[88,82] 0.104331 
hydro loss[88,91] 0.0782648 
hydro loss[89,90] 1.03489 
hydro loss[90,93] 1.01367 
hydro loss[93,95] 1.05917 
hydro loss[94,92] 0.0417314 
hydro loss[95,99] 2.12552 
hydro loss[95,96] 1.10865 
hydro loss[96,98] 0.757316 
hydro loss[97,94] 0.268739 
hydro loss[98,103] 0.788314 
hydro loss[99,97] 0.392978 
hydro loss[99,101] 0.277866 
hydro loss[101,100] 0.0659392 
hydro loss[102,107] 0.542194 
hydro loss[103,102] 0.476181 
hydro loss[106,104] 0.0714799 
hydro loss[106,105] 0.0659392 
hydro loss[107,106] 0.504397 
hydro loss[107,108] 0.26637 
hydro loss[108,112] 0.24361 
hydro loss[109,113] 0.339763 
hydro loss[110,109] 0.131906 
hydro loss[111,110] 0.160327 
hydro loss[112,111] 0.239098 
hydro loss[113,114] 0.0270912 
hydro loss[114,115] 0.706867 
hydro loss[115,118] 0.0573005 
hydro loss[116,117] 0.13261 
hydro loss[118,119] 0.0435495 
hydro loss[119,116] 0.591525 
hydro loss[119,120] 0.743863 
PUMP[1,0] 0 
PUMP[1,2] 0 
PUMP[2,3] 0 
PUMP[3,6] 0 
PUMP[4,5] 0 
PUMP[5,1] 0 
PUMP[6,7] 0 
PUMP[7,11] 0 
PUMP[8,4] 0 
PUMP[10,8] 0 
PUMP[10,12] 0 
PUMP[13,10] 0 
PUMP[14,9] 0 
PUMP[15,13] 0 
PUMP[15,14] 0 
PUMP[16,15] 0 
PUMP[18,16] 0 
PUMP[18,17] 0 
PUMP[20,18] 0 
PUMP[20,19] 0 
PUMP[21,20] 0 
PUMP[22,21] 0 
PUMP[23,22] 0 
PUMP[26,24] 0 
PUMP[27,23] 0 
PUMP[28,27] 0 
PUMP[28,32] 0 
PUMP[29,25] 0 
PUMP[29,28] 0 
PUMP[30,26] 0 
PUMP[31,30] 0 
PUMP[33,29] 0 
PUMP[34,33] 0 
PUMP[35,31] 0 
PUMP[36,35] 0 
PUMP[37,34] 0 
PUMP[38,36] 0 
PUMP[39,37] 0 
PUMP[39,41] 0 
PUMP[42,38] 0 
PUMP[42,43] 0 
PUMP[43,39] 0 
PUMP[44,40] 0 
PUMP[45,42] 0 
PUMP[46,44] 0 
PUMP[47,46] 0 
PUMP[48,49] 0 
PUMP[49,45] 0 
PUMP[49,52] 0 
PUMP[50,47] 0 
PUMP[51,56] 0 
PUMP[53,48] 0 
PUMP[53,51] 0 
PUMP[54,50] 0 
PUMP[55,54] 0 
PUMP[57,53] 0 
PUMP[58,57] 0 
PUMP[59,55] 0 
PUMP[60,59] 0 
PUMP[61,58] 0 
PUMP[61,62] 0 
PUMP[62,63] 0 
PUMP[64,60] 0 
PUMP[65,61] 0 
PUMP[67,64] 0 
PUMP[67,65] 0 
PUMP[68,71] 1 
PUMP[69,67] 0 
PUMP[69,73] 0 
PUMP[70,77] 0 
PUMP[70,75] 0 
PUMP[71,70] 0 
PUMP[71,76] 0 
PUMP[72,66] 0 
PUMP[72,80] 0 
PUMP[73,72] 0 
PUMP[74,69] 0 
PUMP[74,79] 0 
PUMP[75,74] 0 
PUMP[78,83] 0 
PUMP[79,78] 0 
PUMP[79,81] 0 
PUMP[80,85] 0 
PUMP[81,84] 0 
PUMP[84,86] 0 
PUMP[85,89] 0 
PUMP[86,87] 0 
PUMP[87,88] 0 
PUMP[88,82] 0 
PUMP[88,91] 0 
PUMP[89,90] 0 
PUMP[90,93] 0 
PUMP[93,95] 0 
PUMP[94,92] 0 
PUMP[95,99] 0 
PUMP[95,96] 0 
PUMP[96,98] 0 
PUMP[97,94] 0 
PUMP[98,103] 0 
PUMP[99,97] 0 
PUMP[99,101] 0 
PUMP[101,100] 0 
PUMP[102,107] 0 
PUMP[103,102] 0 
PUMP[106,104] 0 
PUMP[106,105] 0 
PUMP[107,106] 0 
PUMP[107,108] 0 
PUMP[108,112] 0 
PUMP[109,113] 0 
PUMP[110,109] 0 
PUMP[111,110] 0 
PUMP[112,111] 0 
PUMP[113,114] 0 
PUMP[114,115] 0 
PUMP[115,118] 0 
PUMP[116,117] 0 
PUMP[118,119] 0 
PUMP[119,116] 0 
PUMP[119,120] 0 
PRESSURE BY PUMP[1,0] 0 
PRESSURE BY PUMP[1,2] 0 
PRESSURE BY PUMP[2,3] 0 
PRESSURE BY PUMP[3,6] 0 
PRESSURE BY PUMP[4,5] 0 
PRESSURE BY PUMP[5,1] 0 
PRESSURE BY PUMP[6,7] 0 
PRESSURE BY PUMP[7,11] 0 
PRESSURE BY PUMP[8,4] 0 
PRESSURE BY PUMP[10,8] 0 
PRESSURE BY PUMP[10,12] 0 
PRESSURE BY PUMP[13,10] 0 
PRESSURE BY PUMP[14,9] 0 
PRESSURE BY PUMP[15,13] 0 
PRESSURE BY PUMP[15,14] 0 
PRESSURE BY PUMP[16,15] 0 
PRESSURE BY PUMP[18,16] 0 
PRESSURE BY PUMP[18,17] 0 
PRESSURE BY PUMP[20,18] 0 
PRESSURE BY PUMP[20,19] 0 
PRESSURE BY PUMP[21,20] 0 
PRESSURE BY PUMP[22,21] 0 
PRESSURE BY PUMP[23,22] 0 
PRESSURE BY PUMP[26,24] 0 
PRESSURE BY PUMP[27,23] 0 
PRESSURE BY PUMP[28,27] 0 
PRESSURE BY PUMP[28,32] 0 
PRESSURE BY PUMP[29,25] 0 
PRESSURE BY PUMP[29,28] 0 
PRESSURE BY PUMP[30,26] 0 
PRESSURE BY PUMP[31,30] 0 
PRESSURE BY PUMP[33,29] 0 
PRESSURE BY PUMP[34,33] 0 
PRESSURE BY PUMP[35,31] 0 
PRESSURE BY PUMP[36,35] 0 
PRESSURE BY PUMP[37,34] 0 
PRESSURE BY PUMP[38,36] 0 
PRESSURE BY PUMP[39,37] 0 
PRESSURE BY PUMP[39,41] 0 
PRESSURE BY PUMP[42,38] 0 
PRESSURE BY PUMP[42,43] 0 
PRESSURE BY PUMP[43,39] 0 
PRESSURE BY PUMP[44,40] 0 
PRESSURE BY PUMP[45,42] 0 
PRESSURE BY PUMP[46,44] 0 
PRESSURE BY PUMP[47,46] 0 
PRESSURE BY PUMP[48,49] 0 
PRESSURE BY PUMP[49,45] 0 
PRESSURE BY PUMP[49,52] 0 
PRESSURE BY PUMP[50,47] 0 
PRESSURE BY PUMP[51,56] 0 
PRESSURE BY PUMP[53,48] 0 
PRESSURE BY PUMP[53,51] 0 
PRESSURE BY PUMP[54,50] 0 
PRESSURE BY PUMP[55,54] 0 
PRESSURE BY PUMP[57,53] 0 
PRESSURE BY PUMP[58,57] 0 
PRESSURE BY PUMP[59,55] 0 
PRESSURE BY PUMP[60,59] 0 
PRESSURE BY PUMP[61,58] 0 
PRESSURE BY PUMP[61,62] 0 
PRESSURE BY PUMP[62,63] 0 
PRESSURE BY PUMP[64,60] 0 
PRESSURE BY PUMP[65,61] 0 
PRESSURE BY PUMP[67,64] 0 
PRESSURE BY PUMP[67,65] 0 
PRESSURE BY PUMP[68,71] 436.069 
PRESSURE BY PUMP[69,67] 0 
PRESSURE BY PUMP[69,73] 0 
PRESSURE BY PUMP[70,77] 0 
PRESSURE BY PUMP[70,75] 0 
PRESSURE BY PUMP[71,70] 0 
PRESSURE BY PUMP[71,76] 0 
PRESSURE BY PUMP[72,66] 0 
PRESSURE BY PUMP[72,80] 0 
PRESSURE BY PUMP[73,72] 0 
PRESSURE BY PUMP[74,69] 0 
PRESSURE BY PUMP[74,79] 0 
PRESSURE BY PUMP[75,74] 0 
PRESSURE BY PUMP[78,83] 0 
PRESSURE BY PUMP[79,78] 0 
PRESSURE BY PUMP[79,81] 0 
PRESSURE BY PUMP[80,85] 0 
PRESSURE BY PUMP[81,84] 0 
PRESSURE BY PUMP[84,86] 0 
PRESSURE BY PUMP[85,89] 0 
PRESSURE BY PUMP[86,87] 0 
PRESSURE BY PUMP[87,88] 0 
PRESSURE BY PUMP[88,82] 0 
PRESSURE BY PUMP[88,91] 0 
PRESSURE BY PUMP[89,90] 0 
PRESSURE BY PUMP[90,93] 0 
PRESSURE BY PUMP[93,95] 0 
PRESSURE BY PUMP[94,92] 0 
PRESSURE BY PUMP[95,99] 0 
PRESSURE BY PUMP[95,96] 0 
PRESSURE BY PUMP[96,98] 0 
PRESSURE BY PUMP[97,94] 0 
PRESSURE BY PUMP[98,103] 0 
PRESSURE BY PUMP[99,97] 0 
PRESSURE BY PUMP[99,101] 0 
PRESSURE BY PUMP[101,100] 0 
PRESSURE BY PUMP[102,107] 0 
PRESSURE BY PUMP[103,102] 0 
PRESSURE BY PUMP[106,104] 0 
PRESSURE BY PUMP[106,105] 0 
PRESSURE BY PUMP[107,106] 0 
PRESSURE BY PUMP[107,108] 0 
PRESSURE BY PUMP[108,112] 0 
PRESSURE BY PUMP[109,113] 0 
PRESSURE BY PUMP[110,109] 0 
PRESSURE BY PUMP[111,110] 0 
PRESSURE BY PUMP[112,111] 0 
PRESSURE BY PUMP[113,114] 0 
PRESSURE BY PUMP[114,115] 0 
PRESSURE BY PUMP[115,118] 0 
PRESSURE BY PUMP[116,117] 0 
PRESSURE BY PUMP[118,119] 0 
PRESSURE BY PUMP[119,116] 0 
PRESSURE BY PUMP[119,120] 0 
HEAD PRESSURE[0] 31.6756 
HEAD PRESSURE[1] 31.7312 
HEAD PRESSURE[2] 31.709 
HEAD PRESSURE[3] 31.6723 
HEAD PRESSURE[4] 31.8689 
HEAD PRESSURE[5] 31.8159 
HEAD PRESSURE[6] 31.6687 
HEAD PRESSURE[7] 31.6585 
HEAD PRESSURE[8] 31.9802 
HEAD PRESSURE[9] 32.095 
HEAD PRESSURE[10] 32.0789 
HEAD PRESSURE[11] 31.6512 
HEAD PRESSURE[12] 32.0261 
HEAD PRESSURE[13] 32.203 
HEAD PRESSURE[14] 32.1645 
HEAD PRESSURE[15] 32.4229 
HEAD PRESSURE[16] 32.7599 
HEAD PRESSURE[17] 33.1924 
HEAD PRESSURE[18] 33.2248 
HEAD PRESSURE[19] 33.8623 
HEAD PRESSURE[20] 33.9622 
HEAD PRESSURE[21] 34.5836 
HEAD PRESSURE[22] 34.9583 
HEAD PRESSURE[23] 38.0195 
HEAD PRESSURE[24] 35.9017 
HEAD PRESSURE[25] 41.758 
HEAD PRESSURE[26] 35.9435 
HEAD PRESSURE[27] 39.5731 
HEAD PRESSURE[28] 40.0479 
HEAD PRESSURE[29] 41.8137 
HEAD PRESSURE[30] 36.0941 
HEAD PRESSURE[31] 36.5197 
HEAD PRESSURE[32] 39.9628 
HEAD PRESSURE[33] 43.5146 
HEAD PRESSURE[34] 43.6582 
HEAD PRESSURE[35] 37.7887 
HEAD PRESSURE[36] 39.7565 
HEAD PRESSURE[37] 43.8108 
HEAD PRESSURE[38] 41.3234 
HEAD PRESSURE[39] 44.0188 
HEAD PRESSURE[40] 32.4577 
HEAD PRESSURE[41] 43.983 
HEAD PRESSURE[42] 44.449 
HEAD PRESSURE[43] 44.1093 
HEAD PRESSURE[44] 32.5157 
HEAD PRESSURE[45] 44.8828 
HEAD PRESSURE[46] 32.6664 
HEAD PRESSURE[47] 32.8792 
HEAD PRESSURE[48] 45.8898 
HEAD PRESSURE[49] 45.3208 
HEAD PRESSURE[50] 33.8107 
HEAD PRESSURE[51] 46.1147 
HEAD PRESSURE[52] 45.2357 
HEAD PRESSURE[53] 46.4753 
HEAD PRESSURE[54] 34.954 
HEAD PRESSURE[55] 35.7223 
HEAD PRESSURE[56] 46.0591 
HEAD PRESSURE[57] 46.9053 
HEAD PRESSURE[58] 47.1931 
HEAD PRESSURE[59] 38.8576 
HEAD PRESSURE[60] 42.2246 
HEAD PRESSURE[61] 47.4915 
HEAD PRESSURE[62] 47.3427 
HEAD PRESSURE[63] 47.285 
HEAD PRESSURE[64] 47.2027 
HEAD PRESSURE[65] 48.1535 
HEAD PRESSURE[66] 47.0114 
HEAD PRESSURE[67] 48.7062 
HEAD PRESSURE[68] 31.6462 
HEAD PRESSURE[69] 49.3696 
HEAD PRESSURE[70] 54.1097 
HEAD PRESSURE[71] 56.26 
HEAD PRESSURE[72] 47.1088 
HEAD PRESSURE[73] 47.3353 
HEAD PRESSURE[74] 50.5277 
HEAD PRESSURE[75] 52.0653 
HEAD PRESSURE[76] 56.2151 
HEAD PRESSURE[77] 54.0517 
HEAD PRESSURE[78] 45.462 
HEAD PRESSURE[79] 45.581 
HEAD PRESSURE[80] 45.2568 
HEAD PRESSURE[81] 43.1051 
HEAD PRESSURE[82] 39.214 
HEAD PRESSURE[83] 45.3905 
HEAD PRESSURE[84] 41.5686 
HEAD PRESSURE[85] 43.5074 
HEAD PRESSURE[86] 40.7464 
HEAD PRESSURE[87] 40.2026 
HEAD PRESSURE[88] 39.3183 
HEAD PRESSURE[89] 41.4052 
HEAD PRESSURE[90] 40.3703 
HEAD PRESSURE[91] 39.24 
HEAD PRESSURE[92] 35.4685 
HEAD PRESSURE[93] 39.3566 
HEAD PRESSURE[94] 35.5102 
HEAD PRESSURE[95] 38.2974 
HEAD PRESSURE[96] 37.1888 
HEAD PRESSURE[97] 35.7789 
HEAD PRESSURE[98] 36.4315 
HEAD PRESSURE[99] 36.1719 
HEAD PRESSURE[100] 35.8281 
HEAD PRESSURE[101] 35.8941 
HEAD PRESSURE[102] 35.167 
HEAD PRESSURE[103] 35.6432 
HEAD PRESSURE[104] 34.0489 
HEAD PRESSURE[105] 34.0545 
HEAD PRESSURE[106] 34.1204 
HEAD PRESSURE[107] 34.6248 
HEAD PRESSURE[108] 34.3584 
HEAD PRESSURE[109] 33.5835 
HEAD PRESSURE[110] 33.7154 
HEAD PRESSURE[111] 33.8757 
HEAD PRESSURE[112] 34.1148 
HEAD PRESSURE[113] 33.2437 
HEAD PRESSURE[114] 33.2166 
HEAD PRESSURE[115] 32.5098 
HEAD PRESSURE[116] 31.8174 
HEAD PRESSURE[117] 31.6848 
HEAD PRESSURE[118] 32.4525 
HEAD PRESSURE[119] 32.4089 
HEAD PRESSURE[120] 31.665 
