"","V1","V2","V3"
"1",-87.5270833343525,32.4453240733353,73.9164505004883
"2",-87.526064815834,32.4231944437059,82.3395843505859
"3",-87.5259722232414,32.4476388881501,75.7874908447266
"4",-87.5258796306488,32.4228240733355,81.7768249511719
"5",-87.5256944454636,32.4493981474093,73.5726013183594
"6",-87.5252314825006,32.4544907400019,75.0831604003906
"7",-87.5249537047228,32.4231944437059,82.7203598022461
"8",-87.5247685195377,32.4545833325945,77.769775390625
"9",-87.5247685195377,32.4493981474093,75.9890594482422
"10",-87.5246759269451,32.4518055548167,72.4890289306641
"11",-87.5244907417599,32.4239351844466,84.8688278198242
"12",-87.5243981491673,32.4232870362985,83.9284057617188
"13",-87.5243055565747,32.4539351844463,76.4224014282227
"14",-87.5243055565747,32.4518055548167,73.1949462890625
"15",-87.5243055565747,32.4516203696315,73.1798858642578
"16",-87.5243055565747,32.4511574066686,73.8526000976562
"17",-87.5242129639821,32.4547685177796,79.8041229248047
"18",-87.5242129639821,32.4523611103723,72.8143005371094
"19",-87.5242129639821,32.4521759251871,73.3523101806641
"20",-87.5242129639821,32.4511574066686,75.4255981445312
"21",-87.5240277787969,32.4552314807426,79.7049713134766
"22",-87.5240277787969,32.4511574066686,75.4255981445312
"23",-87.5240277787969,32.4499537029649,77.1032867431641
"24",-87.5239351862043,32.448564814076,77.430061340332
"25",-87.5238425936117,32.4540277770389,76.8218536376953
"26",-87.5238425936117,32.4523611103723,73.3306198120117
"27",-87.5238425936117,32.4242129622244,83.7141265869141
"28",-87.5237500010192,32.4527314807426,72.9924774169922
"29",-87.5236574084265,32.4548611103722,79.8906631469727
"30",-87.5236574084265,32.4518055548167,76.1032562255859
"31",-87.5236574084265,32.4247685177799,82.506233215332
"32",-87.5235956800315,32.4522685177797,75.1089324951172
"33",-87.523564815834,32.4512499992612,77.6742706298828
"34",-87.523564815834,32.4342129622243,71.7050857543945
"35",-87.523564815834,32.4338425918539,71.9546051025391
"36",-87.5234722232414,32.4525462955575,74.464973449707
"37",-87.5233796306488,32.45513888815,80.016975402832
"38",-87.5233796306488,32.4521759251871,75.7238159179688
"39",-87.5233796306488,32.434953702965,69.4720764160156
"40",-87.5231944454636,32.4547685177796,79.9014587402344
"41",-87.5231944454636,32.4518055548167,76.8570022583008
"42",-87.523101852871,32.4338425918539,72.6443557739258
"43",-87.5230092602784,32.4521759251871,76.2062683105469
"44",-87.5230092602784,32.4236574066688,82.9686050415039
"45",-87.5229166676858,32.4548611103722,79.9208831787109
"46",-87.522638889908,32.4542129622241,78.5408554077148
"47",-87.522638889908,32.4520833325945,75.8271636962891
"48",-87.522638889908,32.4516203696315,78.9053115844727
"49",-87.5225462973154,32.4530092585204,74.8313598632812
"50",-87.5225462973154,32.4527314807426,74.8535003662109
"51",-87.5224537047228,32.4529166659278,74.8313598632812
"52",-87.5224537047228,32.4517129622241,78.9053115844727
"53",-87.5223611121302,32.4536574066685,77.0354843139648
"54",-87.5222685195376,32.4542129622241,78.5523071289062
"55",-87.5222685195376,32.4506944437056,79.6818695068359
"56",-87.5221759269451,32.4553240733352,77.6341171264648
"57",-87.5221759269451,32.4512499992612,80.3745880126953
"58",-87.5220833343525,32.4528240733352,77.3882293701172
"59",-87.5220833343525,32.4456018511131,68.7158660888672
"60",-87.5219907417599,32.4542129622241,79.2044982910156
"61",-87.5219907417599,32.4538425918537,78.4327163696289
"62",-87.5219907417599,32.4457870362982,68.7158660888672
"63",-87.5218981491673,32.4530092585204,77.0572128295898
"64",-87.5218981491673,32.446064814076,68.3203430175781
"65",-87.5218055565747,32.4514351844463,78.5822372436523
"66",-87.5218055565747,32.4462499992612,68.2771682739258
"67",-87.5218055565747,32.444027777039,73.6821441650391
"68",-87.5217129639821,32.4512499992612,79.0441055297852
"69",-87.5216203713895,32.4552314807426,79.8667602539062
"70",-87.5216203713895,32.4492129622241,70.1258773803711
"71",-87.5216203713895,32.4489351844464,70.0501937866211
"72",-87.5216203713895,32.4486574066686,70.0346908569336
"73",-87.5216203713895,32.4475462955575,69.5685119628906
"74",-87.5216203713895,32.4473611103723,69.5385131835938
"75",-87.5216203713895,32.4471759251871,69.3344573974609
"76",-87.5216203713895,32.4464351844464,67.7144012451172
"77",-87.5215277787969,32.4545833325945,81.0890884399414
"78",-87.5215277787969,32.4482870362982,69.7839813232422
"79",-87.5215277787969,32.4480092585205,69.8584442138672
"80",-87.5215277787969,32.4466203696316,68.8595352172852
"81",-87.5215277787969,32.4456944437057,70.4389801025391
"82",-87.5214351862043,32.455601851113,79.3865432739258
"83",-87.5214351862043,32.4542129622241,80.4295806884766
"84",-87.5213425936117,32.4537499992611,79.2650146484375
"85",-87.5213425936117,32.453101851113,78.279426574707
"86",-87.5212500010191,32.4540277770389,81.9107208251953
"87",-87.5212500010191,32.4495833325945,73.0497817993164
"88",-87.5212500010191,32.4461574066686,70.8182144165039
"89",-87.5212500010191,32.4456944437057,72.085693359375
"90",-87.5211574084265,32.4533796288908,78.6449813842773
"91",-87.5211574084265,32.4492129622241,72.2393493652344
"92",-87.5211574084265,32.4489351844464,71.8717727661133
"93",-87.5211574084265,32.4487499992612,71.7322311401367
"94",-87.5211574084265,32.448564814076,71.7322311401367
"95",-87.5211574084265,32.4483796288908,70.5143280029297
"96",-87.5211574084265,32.448101851113,69.9200286865234
"97",-87.5211574084265,32.4479166659279,71.1024017333984
"98",-87.5211574084265,32.4475462955575,70.6011581420898
"99",-87.5211574084265,32.4469907400019,69.7160415649414
"100",-87.5211574084265,32.4468055548168,69.4989013671875
"101",-87.5211574084265,32.4466203696316,70.0475540161133
"102",-87.5211574084265,32.4463425918538,70.8182144165039
"103",-87.5210648158339,32.4553240733352,80.5948028564453
"104",-87.5210648158339,32.4498611103723,73.2439880371094
"105",-87.5209722232413,32.4529166659278,79.4819793701172
"106",-87.5209722232413,32.446064814076,72.9137115478516
"107",-87.5209722232413,32.4456944437057,73.0368347167969
"108",-87.5208796306488,32.4548611103722,82.3830490112305
"109",-87.5208796306488,32.4545833325945,82.5816268920898
"110",-87.5208796306488,32.4492129622241,72.6741638183594
"111",-87.5208796306488,32.4479166659279,71.8690490722656
"112",-87.5207870380562,32.4552314807426,81.8464202880859
"113",-87.5207870380562,32.4468055548168,69.7469177246094
"114",-87.5207870380562,32.4443055548168,73.5748596191406
"115",-87.5206944454636,32.4529166659278,79.9757843017578
"116",-87.5206944454636,32.4501388881501,74.6226501464844
"117",-87.5206944454636,32.4484722214834,72.8887634277344
"118",-87.5206944454636,32.446064814076,74.3273468017578
"119",-87.5206944454636,32.4456018511131,74.2837677001953
"120",-87.520601852871,32.4547685177796,83.1304473876953
"121",-87.520601852871,32.450601851113,75.904052734375
"122",-87.520601852871,32.4492129622241,73.7605133056641
"123",-87.520601852871,32.4487499992612,73.7676544189453
"124",-87.520601852871,32.4482870362982,73.202880859375
"125",-87.520601852871,32.4479166659279,73.4069900512695
"126",-87.520601852871,32.4466203696316,71.8005065917969
"127",-87.520601852871,32.4350462955576,73.8614730834961
"128",-87.5205092602784,32.448101851113,73.202880859375
"129",-87.5205092602784,32.4471759251871,70.8205261230469
"130",-87.5205092602784,32.446064814076,74.3273468017578
"131",-87.5204166676858,32.4488425918538,74.4544830322266
"132",-87.5204166676858,32.4456944437057,75.1538848876953
"133",-87.5203240750932,32.4569907400018,81.3829193115234
"134",-87.5203240750932,32.4568055548167,81.6129608154297
"135",-87.5203240750932,32.4553240733352,82.5281829833984
"136",-87.5203240750932,32.4543981474093,83.3665924072266
"137",-87.5203240750932,32.4492129622241,74.4987640380859
"138",-87.5203240750932,32.446527777039,72.468147277832
"139",-87.5202314825006,32.4348611103724,73.9409408569336
"140",-87.520138889908,32.453564814076,82.2698974609375
"141",-87.5201851862043,32.4488888881501,75.8054809570312
"142",-87.520138889908,32.4466203696316,74.1283493041992
"143",-87.520138889908,32.4456944437057,76.3123092651367
"144",-87.520138889908,32.444490740002,74.103157043457
"145",-87.5200462973154,32.4518055548167,79.4402770996094
"146",-87.5200462973154,32.4491203696316,75.8221282958984
"147",-87.5200462973154,32.448101851113,74.0519485473633
"148",-87.5200462973154,32.4473611103723,71.1700439453125
"149",-87.5200462973154,32.4461574066686,75.3434677124023
"150",-87.5200462973154,32.4447685177797,74.2100830078125
"151",-87.5199537047228,32.455601851113,83.0720520019531
"152",-87.5199537047228,32.4468981474094,74.0270538330078
"153",-87.5199537047228,32.4255092585207,82.4733047485352
"154",-87.5199537047228,32.4253240733355,82.3605651855469
"155",-87.5198611121302,32.4536574066685,83.0869522094727
"156",-87.5198611121302,32.4487499992612,76.1787719726562
"157",-87.5198611121302,32.4462499992612,76.1056900024414
"158",-87.5198611121302,32.4457870362982,76.46728515625
"159",-87.5198611121302,32.444027777039,73.5636596679688
"160",-87.5198611121302,32.4250462955577,82.6026306152344
"161",-87.5197685195376,32.4492129622241,76.2507934570312
"162",-87.5197685195376,32.4484722214834,74.9431610107422
"163",-87.5197685195376,32.448101851113,74.1064910888672
"164",-87.5197685195376,32.4473611103723,72.3847732543945
"165",-87.5197685195376,32.4469907400019,75.1175231933594
"166",-87.5197685195376,32.434953702965,74.0891876220703
"167",-87.5196759269451,32.4550462955574,84.3480911254883
"168",-87.5196759269451,32.4539351844463,83.2577133178711
"169",-87.5196759269451,32.4458796288908,76.6751556396484
"170",-87.5195833343525,32.4563425918537,84.3689117431641
"171",-87.5195833343525,32.4557870362982,85.5101165771484
"172",-87.5195833343525,32.4547685177796,85.0440216064453
"173",-87.5195833343525,32.4545833325945,85.5340881347656
"174",-87.5195833343525,32.4481944437056,73.7632141113281
"175",-87.5195833343525,32.4445833325946,73.7090759277344
"176",-87.5195833343525,32.4343981474095,75.9380569458008
"177",-87.5194907417599,32.4524537029649,81.9992370605469
"178",-87.5194907417599,32.4508796288908,77.5857543945312
"179",-87.5194907417599,32.4486574066686,76.3902282714844
"180",-87.5194907417599,32.4468981474094,76.8319931030273
"181",-87.5194907417599,32.4462499992612,76.8013000488281
"182",-87.5194907417599,32.437453702965,73.2409362792969
"183",-87.5193981491673,32.4473611103723,74.4168243408203
"184",-87.5193055565747,32.4555092585204,86.0757141113281
"185",-87.5193055565747,32.4552314807426,85.9547271728516
"186",-87.5193055565747,32.4495833325945,76.7983856201172
"187",-87.5193055565747,32.4458796288908,76.937744140625
"188",-87.5193055565747,32.4264351844466,83.7471466064453
"189",-87.5191666676858,32.45638888815,83.9932861328125
"190",-87.5192129639821,32.4560648140759,85.7458801269531
"191",-87.5192129639821,32.4538425918537,85.6224670410156
"192",-87.5192129639821,32.4524537029649,82.0410461425781
"193",-87.5192129639821,32.4517129622241,79.3869781494141
"194",-87.5192129639821,32.4486574066686,76.2951278686523
"195",-87.5192129639821,32.4461574066686,77.1657562255859
"196",-87.5191203713895,32.4534722214834,86.0799179077148
"197",-87.5191203713895,32.4515277770389,80.0995101928711
"198",-87.5191203713895,32.4508796288908,78.2779083251953
"199",-87.5190277787969,32.4550462955574,87.9945678710938
"200",-87.5190277787969,32.4492129622241,77.0263214111328
"201",-87.5190277787969,32.4469907400019,77.1050109863281
"202",-87.5190277787969,32.4432870362983,71.031623840332
"203",-87.5190277787969,32.4256944437059,84.6741638183594
"204",-87.5189351862043,32.4543981474093,87.8999328613281
"205",-87.5189351862043,32.4534722214834,86.0799179077148
"206",-87.5189351862043,32.4524537029649,81.8984832763672
"207",-87.5189351862043,32.4472685177797,74.3198394775391
"208",-87.5189351862043,32.4458796288908,77.1255569458008
"209",-87.5189351862043,32.4353240733354,73.6559753417969
"210",-87.5189351862043,32.4247685177799,84.0223236083984
"211",-87.5188425936117,32.4560648140759,85.9820861816406
"212",-87.5188425936117,32.4547685177796,88.8538284301758
"213",-87.5188425936117,32.4486574066686,75.5202102661133
"214",-87.5188425936117,32.4373611103724,73.8077774047852
"215",-87.5188425936117,32.4348611103724,74.8999938964844
"216",-87.5188425936117,32.4243981474096,83.9963684082031
"217",-87.5187500010191,32.45513888815,88.3964080810547
"218",-87.5187500010191,32.4488888881501,75.9211349487305
"219",-87.5187500010191,32.4481944437056,73.7398910522461
"220",-87.5187500010191,32.4468055548168,77.7772750854492
"221",-87.5187500010191,32.4459722214834,77.4373092651367
"222",-87.5186574084265,32.4564351844463,82.7321472167969
"223",-87.5186574084265,32.4557870362982,86.4833450317383
"224",-87.5186574084265,32.4539351844463,87.2467346191406
"225",-87.5186574084265,32.4484722214834,74.4398803710938
"226",-87.5186574084265,32.4477314807427,74.0386199951172
"227",-87.5186574084265,32.4474537029649,74.8842010498047
"228",-87.5186574084265,32.4462499992612,78.1855316162109
"229",-87.5186574084265,32.4456018511131,76.8535919189453
"230",-87.5186574084265,32.4453240733353,75.7498092651367
"231",-87.5186574084265,32.4348611103724,74.8999938964844
"232",-87.5186574084265,32.4265277770392,84.3056030273438
"233",-87.5185648158339,32.4524537029649,81.6206359863281
"234",-87.5185648158339,32.4516203696315,80.4876556396484
"235",-87.5185648158339,32.4458796288908,78.1121063232422
"236",-87.5184722232413,32.453564814076,86.0428924560547
"237",-87.5184722232413,32.4508796288908,78.7100296020508
"238",-87.5184722232413,32.4452314807427,76.2793121337891
"239",-87.5184722232413,32.4449537029649,75.2368316650391
"240",-87.5184722232413,32.4348611103724,74.9376602172852
"241",-87.5184722232413,32.4252314807429,85.2952270507812
"242",-87.5183796306488,32.4560648140759,85.7531051635742
"243",-87.5183796306488,32.4553240733352,87.6583786010742
"244",-87.5183796306488,32.4541203696315,88.8696517944336
"245",-87.5183796306488,32.4462499992612,78.5346984863281
"246",-87.5183796306488,32.4458796288908,78.1121063232422
"247",-87.5183796306488,32.4446759251872,74.8377456665039
"248",-87.5183796306488,32.437453702965,73.68212890625
"249",-87.5183796306488,32.4320833325947,79.9898071289062
"250",-87.5182870380562,32.4564351844463,80.764892578125
"251",-87.5182870380562,32.4487499992612,76.8380432128906
"252",-87.5182870380562,32.4484722214834,75.8178634643555
"253",-87.5182870380562,32.4481944437056,75.5959320068359
"254",-87.5182870380562,32.4479166659279,76.5285491943359
"255",-87.5182870380562,32.4477314807427,77.0568008422852
"256",-87.5182870380562,32.4469907400019,78.5910491943359
"257",-87.5182870380562,32.4265277770392,84.2395782470703
"258",-87.5182870380562,32.423842591854,83.8157806396484
"259",-87.5181944454636,32.4537499992611,87.2768020629883
"260",-87.5181944454636,32.4459722214834,79.4228668212891
"261",-87.5181944454636,32.437453702965,73.3229293823242
"262",-87.5181944454636,32.4348611103724,75.0293579101562
"263",-87.5181944454636,32.4244907400022,84.49560546875
"264",-87.518101852871,32.4543981474093,88.9388046264648
"265",-87.518101852871,32.4508796288908,79.2766952514648
"266",-87.518101852871,32.450601851113,79.1467056274414
"267",-87.518101852871,32.4469907400019,78.5910491943359
"268",-87.5180092602784,32.4531944437056,84.8306198120117
"269",-87.5180092602784,32.4453240733353,78.4271087646484
"270",-87.5180092602784,32.437916665928,75.114387512207
"271",-87.5180092602784,32.4267129622244,84.2704162597656
"272",-87.5180092602784,32.4265277770392,84.2704162597656
"273",-87.5179166676858,32.4550462955574,86.5312042236328
"274",-87.5179166676858,32.4524537029649,82.0250549316406
"275",-87.5179166676858,32.4472685177797,79.0131683349609
"276",-87.5179166676858,32.4469907400019,79.2886505126953
"277",-87.5179166676858,32.4458796288908,79.9271469116211
"278",-87.5179166676858,32.435416665928,72.9074859619141
"279",-87.5179166676858,32.4270833325947,82.6128463745117
"280",-87.5178240750932,32.4546759251871,87.9257202148438
"281",-87.5178240750932,32.4539351844463,86.7816925048828
"282",-87.5178240750932,32.4518981474093,81.4026947021484
"283",-87.5178240750932,32.434953702965,75.0578231811523
"284",-87.5178240750932,32.4338425918539,78.4602661132812
"285",-87.5178240750932,32.4334722214835,79.2459259033203
"286",-87.5178240750932,32.4313425918539,80.3547058105469
"287",-87.5178240750932,32.4256944437059,85.8387451171875
"288",-87.5178240750932,32.4252314807429,85.81787109375
"289",-87.5177314825006,32.4508796288908,80.5353775024414
"290",-87.5177314825006,32.4473611103723,80.5770111083984
"291",-87.5177314825006,32.4469907400019,81.1619567871094
"292",-87.5177314825006,32.4380092585206,74.016716003418
"293",-87.517638889908,32.4561574066685,79.2392730712891
"294",-87.517638889908,32.4516203696315,81.9862060546875
"295",-87.517638889908,32.4491203696316,79.8423919677734
"296",-87.5176851862043,32.4453240733353,79.6941070556641
"297",-87.517638889908,32.4343055548169,76.5598526000977
"298",-87.517638889908,32.4266203696318,84.5598449707031
"299",-87.5175462973154,32.4441203696316,73.9616928100586
"300",-87.5175462973154,32.4337499992613,77.7288360595703
"301",-87.5175462973154,32.4334722214835,79.1787185668945
"302",-87.5175462973154,32.4318055548169,81.0197372436523
"303",-87.5174537047228,32.45513888815,83.6944732666016
"304",-87.5174537047228,32.4545833325945,85.2682952880859
"305",-87.5174537047228,32.4543055548167,85.6269683837891
"306",-87.5174537047228,32.4482870362982,79.3028030395508
"307",-87.5174537047228,32.4459722214834,81.8372344970703
"308",-87.5174537047228,32.4341203696317,76.7480316162109
"309",-87.5173611121302,32.4469907400019,81.9712829589844
"310",-87.5173611121302,32.4446759251872,76.9967498779297
"311",-87.5173611121302,32.428842591854,85.7710723876953
"312",-87.5172685195376,32.453101851113,83.9110107421875
"313",-87.5172685195376,32.4509722214834,80.8945083618164
"314",-87.5172685195376,32.4408796288909,76.8055648803711
"315",-87.5172685195376,32.4343055548169,76.3528289794922
"316",-87.5172685195376,32.4262499992614,85.0433120727539
"317",-87.517175926945,32.4525462955575,84.4229888916016
"318",-87.517175926945,32.4507870362982,81.5821990966797
"319",-87.517175926945,32.4491203696316,82.6071929931641
"320",-87.517175926945,32.4487499992612,82.0366058349609
"321",-87.517175926945,32.4268981474095,84.2601928710938
"322",-87.517175926945,32.4253240733355,86.7768707275391
"323",-87.5170833343524,32.4515277770389,83.3494644165039
"324",-87.5170833343524,32.4509722214834,81.5821990966797
"325",-87.5170833343524,32.4441203696316,75.8697509765625
"326",-87.5170833343524,32.4405092585205,77.68212890625
"327",-87.5170833343524,32.4342129622243,75.9313201904297
"328",-87.5169907417599,32.4436574066686,74.4685211181641
"329",-87.5168981491673,32.4473611103723,81.4378509521484
"330",-87.5168981491673,32.4251388881503,87.3944320678711
"331",-87.5168055565747,32.45263888815,85.2669677734375
"332",-87.5168055565747,32.4492129622241,82.933837890625
"333",-87.5168055565747,32.4489351844464,82.7099151611328
"334",-87.5168055565747,32.4468055548168,83.1391906738281
"335",-87.5168055565747,32.441527777039,76.0254058837891
"336",-87.5168055565747,32.4266203696318,85.9236221313477
"337",-87.5167129639821,32.4518981474093,84.0783233642578
"338",-87.5167129639821,32.4472685177797,81.4378509521484
"339",-87.5167129639821,32.4336574066687,77.2017593383789
"340",-87.5167129639821,32.4328240733354,79.0228271484375
"341",-87.5167129639821,32.430879628891,82.0237426757812
"342",-87.5167129639821,32.4290277770391,86.083984375
"343",-87.5167129639821,32.4285648140762,86.8300933837891
"344",-87.5167129639821,32.4256944437059,87.4788055419922
"345",-87.5166203713895,32.4531944437056,85.6919326782227
"346",-87.5166203713895,32.4376388881502,75.0069961547852
"347",-87.5166203713895,32.4319907400021,82.2123107910156
"348",-87.5166203713895,32.4248611103725,88.5401763916016
"349",-87.5165277787969,32.45263888815,86.160530090332
"350",-87.5165277787969,32.4468981474094,83.4976806640625
"351",-87.5165277787969,32.4459722214834,82.7351531982422
"352",-87.5165277787969,32.4410648140761,77.2514724731445
"353",-87.5165277787969,32.4339351844465,76.0479125976562
"354",-87.5165277787969,32.4309722214836,82.490478515625
"355",-87.5164351862043,32.448564814076,83.1959381103516
"356",-87.5164351862043,32.4464351844464,83.4533081054688
"357",-87.5164351862043,32.4456018511131,82.3021545410156
"358",-87.5164351862043,32.4416203696316,73.998291015625
"359",-87.5164351862043,32.4380092585206,76.1195068359375
"360",-87.5164351862043,32.4269907400021,85.771484375
"361",-87.5164351862043,32.4256018511133,88.1882095336914
"362",-87.5163425936117,32.4531944437056,86.1341781616211
"363",-87.5163425936117,32.45263888815,86.6152954101562
"364",-87.5163425936117,32.4459722214834,82.6490097045898
"365",-87.5163425936117,32.4447685177797,79.7396469116211
"366",-87.5163425936117,32.4426388881501,72.499885559082
"367",-87.5163425936117,32.4348611103724,73.1073455810547
"368",-87.5163425936117,32.4345833325947,72.9456787109375
"369",-87.5163425936117,32.432916665928,79.4948425292969
"370",-87.5163425936117,32.4251388881503,88.547607421875
"371",-87.5162500010191,32.4513425918538,84.9307861328125
"372",-87.5162500010191,32.4491203696316,84.0132904052734
"373",-87.5162500010191,32.444490740002,79.3716735839844
"374",-87.5162500010191,32.4438425918538,77.14599609375
"375",-87.5162500010191,32.4432870362983,75.1324920654297
"376",-87.5162500010191,32.4430092585205,73.4275588989258
"377",-87.5162500010191,32.4420833325946,73.1345062255859
"378",-87.5162500010191,32.4334722214835,77.0342712402344
"379",-87.5162500010191,32.4327314807428,79.4948425292969
"380",-87.5162500010191,32.4320833325947,82.2452011108398
"381",-87.5162500010191,32.4311574066688,82.9269714355469
"382",-87.5162500010191,32.4277314807429,85.8493041992188
"383",-87.5162500010191,32.4262499992614,87.6230697631836
"384",-87.5161574084265,32.4518981474093,86.6967849731445
"385",-87.5161574084265,32.4468981474094,83.756721496582
"386",-87.5161574084265,32.4467129622242,83.756721496582
"387",-87.5161574084265,32.4451388881501,80.5943603515625
"388",-87.5161574084265,32.4449537029649,79.9751358032227
"389",-87.5161574084265,32.430879628891,83.3616104125977
"390",-87.5161574084265,32.4260648140762,88.6043930053711
"391",-87.5161574084265,32.4256944437059,89.0279541015625
"392",-87.5160648158339,32.4531944437056,87.3138427734375
"393",-87.5160648158339,32.4491203696316,85.0753936767578
"394",-87.5160648158339,32.4486111103723,83.9583587646484
"395",-87.5160648158339,32.4472685177797,82.8649444580078
"396",-87.5160648158339,32.4272685177799,85.8320770263672
"397",-87.5160648158339,32.424305554817,89.0616226196289
"398",-87.5160648158339,32.423842591854,88.6568374633789
"399",-87.5160648158339,32.4235648140762,87.2323150634766
"400",-87.5159722232413,32.4504166659278,85.3932876586914
"401",-87.5158796306487,32.4525462955575,88.1506500244141
"402",-87.5158796306487,32.439490740002,80.4536285400391
"403",-87.5158796306487,32.4392129622242,80.3753128051758
"404",-87.5158796306487,32.4247685177799,89.2032775878906
"405",-87.5157870380561,32.4531944437056,87.8981475830078
"406",-87.5157870380561,32.4405092585205,79.1404571533203
"407",-87.5157870380561,32.4397685177798,80.2625350952148
"408",-87.5157870380561,32.4390277770391,79.5697860717773
"409",-87.5157870380561,32.4388425918539,79.0771331787109
"410",-87.5157870380561,32.4366203696317,73.1946868896484
"411",-87.5157870380561,32.4363425918539,74.3182373046875
"412",-87.5157870380561,32.435416665928,74.8660736083984
"413",-87.5156944454636,32.4506944437056,86.518669128418
"414",-87.5156944454636,32.4471759251871,83.7856140136719
"415",-87.5156944454636,32.4466203696316,83.2316284179688
"416",-87.5156944454636,32.4464351844464,83.2316284179688
"417",-87.5156944454636,32.4410648140761,76.2488021850586
"418",-87.5156944454636,32.4384722214835,77.4463348388672
"419",-87.5156944454636,32.4370833325946,73.5432586669922
"420",-87.5156944454636,32.4360648140761,76.281005859375
"421",-87.5156944454636,32.4356944437058,76.2754211425781
"422",-87.515601852871,32.4519907400019,87.9212799072266
"423",-87.515601852871,32.4512499992612,87.596923828125
"424",-87.515601852871,32.4495833325945,86.4599609375
"425",-87.515601852871,32.4492129622241,85.994140625
"426",-87.515601852871,32.4487499992612,84.9302139282227
"427",-87.515601852871,32.4402314807428,79.9122772216797
"428",-87.515601852871,32.4395833325946,80.8926391601562
"429",-87.515601852871,32.437916665928,76.6255798339844
"430",-87.515601852871,32.4311574066688,83.8177795410156
"431",-87.515601852871,32.430879628891,84.0575866699219
"432",-87.515601852871,32.4306944437058,84.6997756958008
"433",-87.5155092602784,32.4539351844463,87.8381805419922
"434",-87.5155092602784,32.4531944437056,88.3641357421875
"435",-87.5155092602784,32.45263888815,88.6587371826172
"436",-87.5155092602784,32.4495833325945,86.4599609375
"437",-87.5155092602784,32.4489351844464,85.2300262451172
"438",-87.5155092602784,32.4463425918538,82.5623474121094
"439",-87.5155092602784,32.4454166659279,80.2605133056641
"440",-87.5155092602784,32.4432870362983,74.7724685668945
"441",-87.5155092602784,32.4392129622242,80.7591094970703
"442",-87.5155092602784,32.4344907400021,76.3511505126953
"443",-87.5155092602784,32.4320833325947,81.8862762451172
"444",-87.5155092602784,32.4303240733354,85.0813598632812
"445",-87.5155092602784,32.4295833325947,88.5789337158203
"446",-87.5154166676858,32.4492129622241,85.994140625
"447",-87.5154166676858,32.4371759251872,74.0220947265625
"448",-87.5154166676858,32.4315277770391,82.9569091796875
"449",-87.5153240750932,32.45263888815,89.1482696533203
"450",-87.5153240750932,32.4506944437056,88.9446487426758
"451",-87.5153240750932,32.448564814076,86.0462951660156
"452",-87.5153240750932,32.4392129622242,81.5825805664062
"453",-87.5153240750932,32.4331944437058,80.3563232421875
"454",-87.5153240750932,32.4330092585206,80.3563232421875
"455",-87.5153240750932,32.4254166659281,90.821174621582
"456",-87.5153240750932,32.4243981474096,88.1005935668945
"457",-87.5153240750932,32.4215277770392,87.6296081542969
"458",-87.5152314825006,32.4514351844463,89.0106658935547
"459",-87.5152314825006,32.4501388881501,88.4764175415039
"460",-87.5152314825006,32.4403240733353,79.9711685180664
"461",-87.5152314825006,32.4401388881502,81.4433135986328
"462",-87.5152314825006,32.4388425918539,80.2069702148438
"463",-87.5152314825006,32.4383796288909,78.7031936645508
"464",-87.5152314825006,32.4356018511132,76.1889419555664
"465",-87.5152314825006,32.4345833325947,76.6756973266602
"466",-87.5152314825006,32.4290277770391,89.0336761474609
"467",-87.5152314825006,32.4259722214836,90.0500564575195
"468",-87.5152314825006,32.4256018511133,90.821174621582
"469",-87.5152314825006,32.423842591854,86.8179931640625
"470",-87.515138889908,32.439490740002,81.7891998291016
"471",-87.515138889908,32.430879628891,84.8009185791016
"472",-87.515138889908,32.4245833325948,88.6700134277344
"473",-87.515138889908,32.4231944437059,86.5646820068359
"474",-87.5150462973154,32.4569907400018,86.0796966552734
"475",-87.5150462973154,32.4360648140761,76.432975769043
"476",-87.5150462973154,32.4326388881502,82.8836975097656
"477",-87.5150462973154,32.4239351844466,86.0265350341797
"478",-87.5149537047228,32.4531944437056,89.0043411254883
"479",-87.5149537047228,32.4514351844463,89.9864807128906
"480",-87.5149537047228,32.4493055548167,87.6890563964844
"481",-87.5149537047228,32.4486574066686,86.6771469116211
"482",-87.5149537047228,32.4405092585205,78.7107849121094
"483",-87.5149537047228,32.4400462955576,81.6658020019531
"484",-87.5149537047228,32.4398611103724,82.2216186523438
"485",-87.5149537047228,32.4396759251872,82.2216186523438
"486",-87.5149537047228,32.4248611103725,89.9304885864258
"487",-87.5149537047228,32.4241203696318,86.5312805175781
"488",-87.5148611121302,32.4543055548167,88.76025390625
"489",-87.5148611121302,32.4540277770389,88.7412567138672
"490",-87.5148611121302,32.453564814076,88.8641052246094
"491",-87.5148611121302,32.4528240733352,89.3416748046875
"492",-87.5148611121302,32.4523611103723,89.5571823120117
"493",-87.5148611121302,32.4400462955576,81.6658020019531
"494",-87.5148611121302,32.4390277770391,81.2616271972656
"495",-87.5148611121302,32.4356018511132,76.3897018432617
"496",-87.5148611121302,32.4239351844466,86.0265350341797
"497",-87.5148611121302,32.4231944437059,86.3551940917969
"498",-87.5148611121302,32.4226388881503,88.3292694091797
"499",-87.5147685195376,32.4538425918537,89.2703475952148
"500",-87.5147685195376,32.4501388881501,90.9754257202148
"501",-87.5147685195376,32.4365277770391,76.3299560546875
"502",-87.5147685195376,32.4313425918539,84.7536468505859
"503",-87.514675926945,32.4519907400019,91.2823791503906
"504",-87.514675926945,32.4514351844463,91.6993179321289
"505",-87.514675926945,32.4512037029649,91.7549133300781
"506",-87.514675926945,32.4508796288908,91.4834823608398
"507",-87.514675926945,32.4495833325945,89.0662460327148
"508",-87.514675926945,32.4463425918538,79.4987945556641
"509",-87.514675926945,32.4404166659279,79.6880645751953
"510",-87.514675926945,32.4381944437057,79.0372085571289
"511",-87.514675926945,32.4311574066688,85.1502838134766
"512",-87.514675926945,32.430879628891,85.6268463134766
"513",-87.514675926945,32.4241203696318,85.8278503417969
"514",-87.5145833343524,32.4493055548167,88.6880035400391
"515",-87.5145833343524,32.449027777039,88.4465255737305
"516",-87.5145833343524,32.4487499992612,88.2279205322266
"517",-87.5145833343524,32.4400462955576,81.7523727416992
"518",-87.5144907417598,32.4456018511131,79.2961959838867
"519",-87.5144907417598,32.4365277770391,76.8489303588867
"520",-87.5144907417598,32.4360648140761,78.6820831298828
"521",-87.5144907417598,32.4315277770391,85.1610107421875
"522",-87.5143981491672,32.4401388881502,81.6246185302734
"523",-87.5143981491672,32.436990740002,74.6334533691406
"524",-87.5143055565747,32.4392129622242,83.0274047851562
"525",-87.5143055565747,32.4259722214836,90.5351333618164
"526",-87.5142129639821,32.4552314807426,89.288200378418
"527",-87.5142129639821,32.4547685177796,89.3434906005859
"528",-87.5142129639821,32.4377314807428,77.114387512207
"529",-87.5142129639821,32.4307870362984,86.3994216918945
"530",-87.5142129639821,32.4234722214836,84.9975051879883
"531",-87.5141203713895,32.4555092585204,89.1671829223633
"532",-87.5141203713895,32.4543055548167,89.5253143310547
"533",-87.5141203713895,32.453564814076,89.7556228637695
"534",-87.5141203713895,32.4531944437056,89.8254852294922
"535",-87.5141203713895,32.4520833325945,91.0829086303711
"536",-87.5141203713895,32.4514351844463,91.6926879882812
"537",-87.5141203713895,32.4317129622243,85.6836318969727
"538",-87.5141203713895,32.4312499992614,86.0151824951172
"539",-87.5141203713895,32.4305092585206,87.4208221435547
"540",-87.5140277787969,32.4559722214833,88.4741058349609
"541",-87.5140277787969,32.45263888815,90.3737182617188
"542",-87.5140277787969,32.4518055548167,91.4433822631836
"543",-87.5140277787969,32.4507870362982,91.9173126220703
"544",-87.5140277787969,32.4500462955575,91.8967514038086
"545",-87.5140277787969,32.4486574066686,88.8023223876953
"546",-87.5140277787969,32.448101851113,87.9709320068359
"547",-87.5140277787969,32.4478240733353,88.028450012207
"548",-87.5140277787969,32.4466203696316,81.6122970581055
"549",-87.5140277787969,32.4404166659279,79.5973892211914
"550",-87.5140277787969,32.4401388881502,81.7742080688477
"551",-87.5140277787969,32.4392129622242,83.4947814941406
"552",-87.5140277787969,32.4303240733354,87.9456024169922
"553",-87.5139351862043,32.4547685177796,89.4584350585938
"554",-87.5139351862043,32.4492129622241,90.6728668212891
"555",-87.5138425936117,32.4471759251871,85.7758026123047
"556",-87.5138425936117,32.439490740002,83.63525390625
"557",-87.5138425936117,32.4392129622242,83.7300033569336
"558",-87.5138425936117,32.4356018511132,78.4639587402344
"559",-87.5138425936117,32.4234722214836,84.6958694458008
"560",-87.5137500010191,32.4496759251871,91.7401580810547
"561",-87.5137500010191,32.446064814076,81.3505249023438
"562",-87.5137500010191,32.4403240733353,80.0825500488281
"563",-87.5137500010191,32.4401388881502,82.1305389404297
"564",-87.5136574084265,32.4518981474093,91.0378723144531
"565",-87.5136574084265,32.4512499992612,91.5170059204102
"566",-87.5136574084265,32.4508796288908,91.617919921875
"567",-87.5135648158339,32.4547685177796,89.7010955810547
"568",-87.5135648158339,32.4405092585205,78.8643417358398
"569",-87.5135648158339,32.4373611103724,76.5449523925781
"570",-87.5135648158339,32.4312499992614,86.4348907470703
"571",-87.5134722232413,32.4533796288908,90.2753753662109
"572",-87.5134722232413,32.453101851113,90.5685501098633
"573",-87.5134722232413,32.4502314807427,91.460693359375
"574",-87.5134722232413,32.4496759251871,91.5150527954102
"575",-87.5134722232413,32.4489351844464,90.4424057006836
"576",-87.5134722232413,32.4471759251871,88.5453262329102
"577",-87.5133796306487,32.4552314807426,89.7824401855469
"578",-87.5133796306487,32.4542129622241,89.7721786499023
"579",-87.5133796306487,32.4536574066685,90.0888442993164
"580",-87.5133796306487,32.45263888815,90.650520324707
"581",-87.5133796306487,32.4522685177797,90.8321685791016
"582",-87.5133796306487,32.4518055548167,90.8557281494141
"583",-87.5133796306487,32.4515277770389,90.8646697998047
"584",-87.5133796306487,32.4507870362982,91.4436111450195
"585",-87.5133796306487,32.4486574066686,90.0629272460938
"586",-87.5133796306487,32.4458796288908,82.8260498046875
"587",-87.5133796306487,32.4371759251872,77.6570205688477
"588",-87.5133796306487,32.4360648140761,81.746826171875
"589",-87.5133796306487,32.4315277770391,85.6615905761719
"590",-87.5132870380561,32.4547685177796,89.8112564086914
"591",-87.5132870380561,32.4511574066686,91.2951507568359
"592",-87.5132870380561,32.4481944437056,89.4477233886719
"593",-87.5132870380561,32.4391203696317,85.2273864746094
"594",-87.5132870380561,32.435416665928,79.7003860473633
"595",-87.5131944454635,32.4562499992611,89.9267883300781
"596",-87.5131944454635,32.4559722214833,89.9567108154297
"597",-87.5131944454635,32.455601851113,89.940803527832
"598",-87.5131944454635,32.4476388881501,89.3321685791016
"599",-87.5131944454635,32.4471759251871,88.7636642456055
"600",-87.5131944454635,32.439490740002,83.7455291748047
"601",-87.5131944454635,32.4368981474094,79.6864166259766
"602",-87.5131018528709,32.4431944437057,81.4381256103516
"603",-87.5131018528709,32.4410648140761,78.8808746337891
"604",-87.5131018528709,32.4377314807428,78.8801651000977
"605",-87.5131018528709,32.4365277770391,80.7507400512695
"606",-87.5130092602784,32.45763888815,89.7175216674805
"607",-87.5130092602784,32.4421759251872,82.7330932617188
"608",-87.5130092602784,32.4389351844465,86.0748672485352
"609",-87.5129166676858,32.4543055548167,89.8357772827148
"610",-87.5128703713895,32.4534259251871,90.1194000244141
"611",-87.5129166676858,32.453101851113,90.0568923950195
"612",-87.5129166676858,32.4519907400019,90.1044769287109
"613",-87.5129166676858,32.4518055548167,90.1044769287109
"614",-87.5129166676858,32.4416203696316,82.1482009887695
"615",-87.5129166676858,32.4314351844465,85.7348937988281
"616",-87.5128240750932,32.45263888815,90.0785369873047
"617",-87.5128240750932,32.4514351844463,90.0907974243164
"618",-87.5128240750932,32.4502314807427,90.6652984619141
"619",-87.5127777787969,32.449814814076,90.9637451171875
"620",-87.5128240750932,32.4434722214835,81.0759582519531
"621",-87.5128240750932,32.4431018511131,83.4677352905273
"622",-87.5128240750932,32.442453702965,84.2773590087891
"623",-87.5128240750932,32.4406018511131,80.3021621704102
"624",-87.5128240750932,32.436990740002,80.2795791625977
"625",-87.5127314825006,32.4546759251871,89.818115234375
"626",-87.5127777787969,32.449351851113,90.8822174072266
"627",-87.5127314825006,32.4491203696316,90.8822174072266
"628",-87.5127314825006,32.4489351844464,90.585563659668
"629",-87.5127314825006,32.4486574066686,90.3790054321289
"630",-87.5127314825006,32.4482870362982,89.7636642456055
"631",-87.5127314825006,32.4476388881501,89.2691955566406
"632",-87.5127314825006,32.4421759251872,83.8325805664062
"633",-87.5127314825006,32.4410648140761,79.6555709838867
"634",-87.5127314825006,32.4393981474094,83.9467163085938
"635",-87.5127314825006,32.4310648140762,86.3680038452148
"636",-87.512638889908,32.4552314807426,89.7616577148438
"637",-87.512638889908,32.4549537029648,89.7382354736328
"638",-87.512638889908,32.4543055548167,89.8160858154297
"639",-87.512638889908,32.4366203696317,81.8341293334961
"640",-87.5125462973154,32.4580092585204,90.3605651855469
"641",-87.5125462973154,32.4563425918537,90.4081573486328
"642",-87.5125462973154,32.4555092585204,89.8357849121094
"643",-87.5125462973154,32.4507870362982,90.0516128540039
"644",-87.5125462973154,32.4492129622241,90.758186340332
"645",-87.5125462973154,32.4431018511131,84.5738906860352
"646",-87.5124537047228,32.4560648140759,90.2457275390625
"647",-87.5124537047228,32.4557870362982,90.1074600219727
"648",-87.5124537047228,32.4542129622241,89.8449554443359
"649",-87.5124537047228,32.4518981474093,89.7233657836914
"650",-87.5124537047228,32.4514351844463,89.6960678100586
"651",-87.5124537047228,32.4414351844464,82.5714721679688
"652",-87.5124537047228,32.4409722214835,79.3401031494141
"653",-87.5124537047228,32.437453702965,80.0809783935547
"654",-87.5124537047228,32.4313425918539,85.9366912841797
"655",-87.5123611121302,32.4562499992611,90.5966491699219
"656",-87.5123611121302,32.4497685177797,90.3951721191406
"657",-87.5123611121302,32.4493055548167,90.4424743652344
"658",-87.5123611121302,32.4477314807427,89.0258712768555
"659",-87.5123611121302,32.4421759251872,86.2655563354492
"660",-87.5123611121302,32.439953702965,82.7492523193359
"661",-87.5123611121302,32.4366203696317,82.7537536621094
"662",-87.5122685195376,32.45263888815,89.5778198242188
"663",-87.5122685195376,32.4502314807427,89.9350662231445
"664",-87.5122685195376,32.4431018511131,85.8012847900391
"665",-87.512175926945,32.4560648140759,90.2638702392578
"666",-87.512175926945,32.4514351844463,88.9540405273438
"667",-87.512175926945,32.4493055548167,90.4424743652344
"668",-87.512175926945,32.4463425918538,87.6174468994141
"669",-87.512175926945,32.4414351844464,83.9295043945312
"670",-87.512175926945,32.4409722214835,81.8847579956055
"671",-87.512175926945,32.4311574066688,86.9239501953125
"672",-87.5120833343524,32.4564351844463,90.8056182861328
"673",-87.5120833343524,32.4546759251871,89.4112396240234
"674",-87.5120833343524,32.4476388881501,88.9873504638672
"675",-87.5120833343524,32.4328240733354,82.5947418212891
"676",-87.5120833343524,32.4306944437058,86.0845718383789
"677",-87.5119907417598,32.4541203696315,89.3481903076172
"678",-87.5119907417598,32.4532870362982,89.4428329467773
"679",-87.5119907417598,32.4487499992612,90.138671875
"680",-87.5119907417598,32.4430092585205,86.0107116699219
"681",-87.5119907417598,32.4406018511131,83.6204681396484
"682",-87.5119907417598,32.4405092585205,83.6204681396484
"683",-87.5119907417598,32.4361574066687,83.0331344604492
"684",-87.5119907417598,32.4356944437058,82.8513336181641
"685",-87.5118981491672,32.4557870362982,90.0453948974609
"686",-87.5118981491672,32.455601851113,90.0453948974609
"687",-87.5118981491672,32.4553240733352,89.7603607177734
"688",-87.5118981491672,32.45513888815,89.6371383666992
"689",-87.5118981491672,32.4514351844463,88.6212310791016
"690",-87.5118518528709,32.4472222214834,88.7624053955078
"691",-87.5118981491672,32.4366203696317,83.1885223388672
"692",-87.5118981491672,32.4312499992614,87.2426147460938
"693",-87.5118055565746,32.4546759251871,89.004768371582
"694",-87.5118518528709,32.4507870362982,88.6271286010742
"695",-87.5118055565746,32.4503240733352,89.3705444335938
"696",-87.5118055565746,32.4501388881501,89.6923828125
"697",-87.5118055565746,32.4476388881501,89.0372543334961
"698",-87.5118055565746,32.4464351844464,88.1460418701172
"699",-87.5118055565746,32.4404166659279,85.6968078613281
"700",-87.5118055565746,32.4330092585206,82.9663925170898
"701",-87.5118055565746,32.4327314807428,83.0552062988281
"702",-87.511712963982,32.4588425918537,91.5010070800781
"703",-87.511712963982,32.4569907400018,91.2120895385742
"704",-87.511712963982,32.4522685177797,88.6386871337891
"705",-87.5116203713895,32.4423611103724,88.0967483520508
"706",-87.5116203713895,32.441990740002,87.9667205810547
"707",-87.5116203713895,32.4405092585205,84.7239303588867
"708",-87.5116203713895,32.4403240733353,85.6968078613281
"709",-87.5116203713895,32.439953702965,85.0935668945312
"710",-87.5116203713895,32.4367129622243,84.5469207763672
"711",-87.5115277787969,32.4590277770389,91.7555465698242
"712",-87.5114351862043,32.4501388881501,89.5070037841797
"713",-87.5114351862043,32.4492129622241,89.6711578369141
"714",-87.5114351862043,32.4480092585205,89.3222579956055
"715",-87.5114351862043,32.4475462955575,89.1091918945312
"716",-87.5114351862043,32.4472685177797,88.8224487304688
"717",-87.5114351862043,32.4361574066687,83.6060943603516
"718",-87.5114351862043,32.4355092585206,82.9993133544922
"719",-87.5113425936117,32.4552314807426,89.1011123657227
"720",-87.5113425936117,32.4540277770389,88.9606475830078
"721",-87.5113425936117,32.4532870362982,89.1320037841797
"722",-87.5113425936117,32.4522685177797,88.6016616821289
"723",-87.5113425936117,32.4508796288908,88.6181564331055
"724",-87.5113425936117,32.4504166659278,89.2237930297852
"725",-87.5113425936117,32.449027777039,89.7439117431641
"726",-87.5113425936117,32.4487499992612,89.7294845581055
"727",-87.5113425936117,32.4427314807427,86.1649856567383
"728",-87.5113425936117,32.4377314807428,83.6512069702148
"729",-87.5113425936117,32.4336574066687,84.0691986083984
"730",-87.5113425936117,32.4332870362984,83.9993591308594
"731",-87.5113425936117,32.4330092585206,83.5556335449219
"732",-87.5113425936117,32.4326388881502,84.5234375
"733",-87.5113425936117,32.4323611103725,85.0469360351562
"734",-87.5113425936117,32.4320833325947,85.5423049926758
"735",-87.5113425936117,32.4318055548169,86.6104125976562
"736",-87.5113425936117,32.4314351844465,87.460075378418
"737",-87.5112500010191,32.4558796288907,89.4896240234375
"738",-87.5112500010191,32.4548611103722,88.5514450073242
"739",-87.5112500010191,32.450601851113,88.8266143798828
"740",-87.5112500010191,32.4451388881501,88.0677642822266
"741",-87.5112500010191,32.4423611103724,88.4869766235352
"742",-87.5112500010191,32.4373611103724,85.4744873046875
"743",-87.5112500010191,32.4357870362983,83.6915969848633
"744",-87.5112500010191,32.4348611103724,83.6423797607422
"745",-87.5111574084265,32.4498611103723,89.1728591918945
"746",-87.5111574084265,32.4472685177797,88.9666290283203
"747",-87.5111574084265,32.4368055548169,85.7994918823242
"748",-87.5111574084265,32.4359722214835,83.9100036621094
"749",-87.5110648158339,32.4563425918537,90.0399475097656
"750",-87.5110648158339,32.4543981474093,88.5769653320312
"751",-87.5110648158339,32.4492129622241,89.3367004394531
"752",-87.5110648158339,32.4477314807427,89.1613922119141
"753",-87.5109722232413,32.45263888815,88.3106536865234
"754",-87.5109722232413,32.4521759251871,88.3677520751953
"755",-87.5109722232413,32.4461574066686,88.4560394287109
"756",-87.5109722232413,32.4426388881501,85.5468444824219
"757",-87.5109722232413,32.441990740002,88.3342742919922
"758",-87.5109722232413,32.4338425918539,85.3915481567383
"759",-87.5109722232413,32.4332870362984,85.5393905639648
"760",-87.5108796306487,32.4493981474093,89.1283798217773
"761",-87.5108796306487,32.4453240733353,88.312255859375
"762",-87.5108796306487,32.4431018511131,84.4582214355469
"763",-87.5108796306487,32.4334722214835,85.502197265625
"764",-87.5108796306487,32.4330092585206,85.0657196044922
"765",-87.5108796306487,32.4328240733354,84.7827301025391
"766",-87.5108796306487,32.4326388881502,85.035888671875
"767",-87.5108796306487,32.432453702965,85.035888671875
"768",-87.5108796306487,32.4322685177799,85.265625
"769",-87.5108796306487,32.4320833325947,85.6585540771484
"770",-87.5108796306487,32.4318981474095,85.6585540771484
"771",-87.5108796306487,32.4314351844465,87.9107666015625
"772",-87.5108796306487,32.4310648140762,88.5895767211914
"773",-87.5107870380561,32.4499537029649,88.8273773193359
"774",-87.5107870380561,32.4480092585205,89.1528701782227
"775",-87.5107870380561,32.4370833325946,86.4273300170898
"776",-87.5107870380561,32.4368055548169,86.0494689941406
"777",-87.5107870380561,32.4366203696317,85.0285339355469
"778",-87.5107870380561,32.4362499992613,84.6296234130859
"779",-87.5107870380561,32.4360648140761,84.0671844482422
"780",-87.5107870380561,32.4357870362983,83.8647003173828
"781",-87.5107870380561,32.4356018511132,83.6673126220703
"782",-87.5107870380561,32.4353240733354,83.7487564086914
"783",-87.5107870380561,32.4351388881502,83.7487564086914
"784",-87.5107870380561,32.4341203696317,85.4520263671875
"785",-87.5107870380561,32.4316203696317,87.1101989746094
"786",-87.5106944454635,32.4541203696315,88.3518371582031
"787",-87.5106944454635,32.4538425918537,88.5713806152344
"788",-87.5106944454635,32.453564814076,88.6295166015625
"789",-87.5106944454635,32.4532870362982,88.6120376586914
"790",-87.5106944454635,32.453101851113,88.366569519043
"791",-87.5106944454635,32.45263888815,88.1410293579102
"792",-87.5106944454635,32.4518981474093,87.9371719360352
"793",-87.5106944454635,32.4512499992612,88.1681289672852
"794",-87.5106944454635,32.4475462955575,88.8706588745117
"795",-87.5106944454635,32.4348611103724,84.2494201660156
"796",-87.5106018528709,32.4493055548167,88.8832092285156
"797",-87.5106018528709,32.4491203696316,88.8832092285156
"798",-87.5106018528709,32.4489351844464,88.9785919189453
"799",-87.5106018528709,32.4486574066686,88.9618072509766
"800",-87.5106018528709,32.4484722214834,88.8257751464844
"801",-87.5106018528709,32.4418981474094,87.8618011474609
"802",-87.5106018528709,32.4398611103724,88.8208312988281
"803",-87.5106018528709,32.437916665928,87.4167938232422
"804",-87.5106018528709,32.4345833325947,85.0601501464844
"805",-87.5106018528709,32.4338425918539,85.8552551269531
"806",-87.5106018528709,32.4334722214835,85.9007415771484
"807",-87.5106018528709,32.4332870362984,85.7963638305664
"808",-87.5106018528709,32.4310648140762,88.0220184326172
"809",-87.5105092602783,32.4453240733353,88.5250244140625
"810",-87.5105092602783,32.4445833325946,87.2131118774414
"811",-87.5105092602783,32.4331018511132,85.4031066894531
"812",-87.5105092602783,32.4328240733354,85.2418670654297
"813",-87.5105092602783,32.4326388881502,85.4349975585938
"814",-87.5105092602783,32.432453702965,85.4349975585938
"815",-87.5105092602783,32.4322685177799,85.7814331054688
"816",-87.5105092602783,32.4320833325947,86.0984191894531
"817",-87.5105092602783,32.4318981474095,86.0984191894531
"818",-87.5105092602783,32.4317129622243,86.6041412353516
"819",-87.5105092602783,32.4314351844465,86.8924560546875
"820",-87.5104166676857,32.439490740002,88.8692779541016
"821",-87.5104166676857,32.4371759251872,87.9684524536133
"822",-87.5104166676857,32.4368981474094,87.0735549926758
"823",-87.5104166676857,32.4367129622243,87.0735549926758
"824",-87.5104166676857,32.4364351844465,85.2868728637695
"825",-87.5104166676857,32.4362499992613,84.9818496704102
"826",-87.5103240750932,32.4540277770389,88.2112579345703
"827",-87.5103240750932,32.4534722214834,88.4991760253906
"828",-87.5103240750932,32.4523611103723,87.8584747314453
"829",-87.5103240750932,32.4508796288908,88.2086639404297
"830",-87.5103240750932,32.4431018511131,84.7503967285156
"831",-87.5103240750932,32.4426388881501,84.9451293945312
"832",-87.5103240750932,32.4378240733354,87.8576126098633
"833",-87.5103240750932,32.4360648140761,84.4657974243164
"834",-87.5103240750932,32.4357870362983,84.2520599365234
"835",-87.5103240750932,32.4356018511132,83.9778213500977
"836",-87.5103240750932,32.4353240733354,84.0239715576172
"837",-87.5103240750932,32.4350462955576,84.2584228515625
"838",-87.5102314825006,32.4537499992611,87.7976379394531
"839",-87.5102314825006,32.4531944437056,87.7906265258789
"840",-87.5102314825006,32.4520833325945,87.4475173950195
"841",-87.5102314825006,32.4434722214835,84.8793029785156
"842",-87.5102314825006,32.441990740002,86.5874938964844
"843",-87.5102314825006,32.4310648140762,86.7953338623047
"844",-87.510138889908,32.4505092585204,87.8184814453125
"845",-87.510138889908,32.4483796288908,88.4898986816406
"846",-87.510138889908,32.4468055548168,88.7121734619141
"847",-87.510138889908,32.4346759251872,84.9214248657227
"848",-87.510138889908,32.4344907400021,85.2686614990234
"849",-87.510138889908,32.4343055548169,85.2686614990234
"850",-87.5100462973154,32.4338425918539,85.7799453735352
"851",-87.5100462973154,32.4334722214835,85.9488372802734
"852",-87.5100462973154,32.4331944437058,84.8229446411133
"853",-87.5100462973154,32.432916665928,84.7126770019531
"854",-87.5099537047228,32.4451388881501,88.3911743164062
"855",-87.5099537047228,32.4346759251872,84.7469024658203
"856",-87.5099537047228,32.4317129622243,85.1574554443359
"857",-87.5098611121302,32.4434722214835,84.9793395996094
"858",-87.5098611121302,32.4423611103724,85.410270690918
"859",-87.5098611121302,32.4420833325946,86.3070220947266
"860",-87.5098611121302,32.4344907400021,85.0879745483398
"861",-87.5098611121302,32.433379628891,85.4784698486328
"862",-87.5098611121302,32.4321759251873,85.4711837768555
"863",-87.5098611121302,32.4310648140762,86.4034118652344
"864",-87.5097685195376,32.45263888815,87.1758575439453
"865",-87.5097685195376,32.4522685177797,87.2066345214844
"866",-87.5097685195376,32.4431944437057,84.9047317504883
"867",-87.5097685195376,32.4330092585206,84.2137908935547
"868",-87.509675926945,32.4537499992611,87.0060806274414
"869",-87.509675926945,32.4533796288908,86.826545715332
"870",-87.509675926945,32.4511574066686,87.2988662719727
"871",-87.509675926945,32.4507870362982,87.349365234375
"872",-87.509675926945,32.4504166659278,87.4291076660156
"873",-87.509675926945,32.4498611103723,87.6540985107422
"874",-87.509675926945,32.4338425918539,85.4461059570312
"875",-87.5095833343524,32.4516203696315,87.1629486083984
"876",-87.5095833343524,32.4314351844465,85.0652694702148
"877",-87.5094907417598,32.4498611103723,87.6540985107422
"878",-87.5094907417598,32.4344907400021,84.7831039428711
"879",-87.5093981491672,32.4502314807427,86.7136383056641
"880",-87.5093055565746,32.4469907400019,88.4738616943359
"881",-87.5093055565746,32.4330092585206,83.2740173339844
"882",-87.5092129639821,32.4537499992611,86.7434234619141
"883",-87.5092129639821,32.4533796288908,86.4995880126953
"884",-87.5092129639821,32.4497685177797,87.0160293579102
"885",-87.5092129639821,32.433379628891,85.7110137939453
"886",-87.5092129639821,32.4310648140762,85.2476196289062
"887",-87.5091203713894,32.4518981474093,86.5673522949219
"888",-87.5091203713894,32.4515277770389,86.6672515869141
"889",-87.5091203713894,32.4511574066686,86.6152954101562
"890",-87.5091203713894,32.4337499992613,85.3230590820312
"891",-87.5090277787968,32.4507870362982,86.4540405273438
"892",-87.5090277787968,32.4504166659278,86.3282165527344
"893",-87.5090277787968,32.4498611103723,86.6668243408203
"894",-87.5090277787968,32.4477314807427,87.8648300170898
"895",-87.5090277787968,32.437453702965,89.2380294799805
"896",-87.5089351862043,32.4480092585205,87.6975021362305
"897",-87.5089351862043,32.4467129622242,88.4868621826172
"898",-87.5089351862043,32.437916665928,88.3078384399414
"899",-87.5089351862043,32.4330092585206,83.0632781982422
"900",-87.5088425936117,32.4475462955575,87.3747406005859
"901",-87.5088425936117,32.4377314807428,89.01318359375
"902",-87.5087500010191,32.4585648140759,92.2520294189453
"903",-87.5087500010191,32.4536574066685,86.3396301269531
"904",-87.5087500010191,32.4532870362982,86.1732635498047
"905",-87.5087500010191,32.4498611103723,86.0270690917969
"906",-87.5087500010191,32.4484722214834,87.0280914306641
"907",-87.5086574084265,32.4479166659279,87.2368469238281
"908",-87.5085648158339,32.4520833325945,85.8855743408203
"909",-87.5085648158339,32.4517129622241,86.1304397583008
"910",-87.5085648158339,32.4513425918538,86.0959396362305
"911",-87.5085648158339,32.4508796288908,85.7686386108398
"912",-87.5085648158339,32.4505092585204,85.6260833740234
"913",-87.5085648158339,32.4497685177797,85.8182830810547
"914",-87.5085648158339,32.4486574066686,86.7215270996094
"915",-87.5085648158339,32.4474537029649,87.1368408203125
"916",-87.5085648158339,32.4372685177798,89.1271286010742
"917",-87.5086111121302,32.4364814807428,87.5050277709961
"918",-87.5083796306487,32.4503240733352,85.431282043457
"919",-87.5083796306487,32.4335648140761,84.2168273925781
"920",-87.5082870380561,32.4536574066685,85.9747924804688
"921",-87.5082870380561,32.4498611103723,85.4982452392578
"922",-87.5082870380561,32.4473611103723,86.0584869384766
"923",-87.5082870380561,32.4450462955575,87.3553924560547
"924",-87.5082870380561,32.4372685177798,88.8788452148438
"925",-87.5082870380561,32.4331018511132,82.3060531616211
"926",-87.5081018528709,32.4575462955574,90.1670455932617
"927",-87.5081018528709,32.4476388881501,86.1140441894531
"928",-87.5081018528709,32.4311574066688,86.3460235595703
"929",-87.5080092602783,32.4503240733352,85.2947692871094
"930",-87.5080092602783,32.4497685177797,85.480110168457
"931",-87.5080092602783,32.4472685177797,85.6165237426758
"932",-87.5080092602783,32.4335648140761,82.6430358886719
"933",-87.5079166676857,32.4493055548167,86.0013961791992
"934",-87.5079166676857,32.4479166659279,85.9500274658203
"935",-87.5078240750931,32.448101851113,86.163330078125
"936",-87.5078240750931,32.4373611103724,88.4902496337891
"937",-87.5078240750931,32.4314351844465,85.7565765380859
"938",-87.5078240750931,32.4311574066688,86.1435699462891
"939",-87.5077314825005,32.4503240733352,85.2885131835938
"940",-87.5077314825005,32.449027777039,85.7780227661133
"941",-87.5077314825005,32.4483796288908,85.9001312255859
"942",-87.5077314825005,32.4471759251871,85.4434967041016
"943",-87.5077314825005,32.4334722214835,82.1603698730469
"944",-87.507638889908,32.4501388881501,85.3078231811523
"945",-87.507638889908,32.4498611103723,85.3947982788086
"946",-87.507638889908,32.4475462955575,85.4304656982422
"947",-87.507638889908,32.4310648140762,85.7020492553711
"948",-87.5075462973154,32.4493055548167,85.4481506347656
"949",-87.5075462973154,32.449027777039,85.5927886962891
"950",-87.5075462973154,32.448101851113,85.6964645385742
"951",-87.5075462973154,32.4478240733353,85.4673461914062
"952",-87.5074537047228,32.4483796288908,85.7456970214844
"953",-87.5074537047228,32.4471759251871,85.3670501708984
"954",-87.5073611121302,32.4475462955575,85.3677368164062
"955",-87.5073611121302,32.4466203696316,85.8592376708984
"956",-87.5072685195376,32.444027777039,86.0103607177734
"957",-87.507175926945,32.4522685177797,87.0332641601562
"958",-87.507175926945,32.4470833325945,85.3472213745117
"959",-87.507175926945,32.4468055548168,85.3406448364258
"960",-87.5070833343524,32.4523611103723,86.2008895874023
"961",-87.5070833343524,32.4477314807427,85.3101196289062
"962",-87.5070833343524,32.4474537029649,85.3274002075195
"963",-87.5063425936117,32.4491203696316,85.3690032958984
"964",-87.5063425936117,32.4436574066686,85.6725616455078
"965",-87.5063425936117,32.4433796288909,85.7744522094727
"966",-87.5063425936117,32.4430092585205,85.798469543457
"967",-87.5062500010191,32.4439351844464,85.4402160644531
"968",-87.5061574084265,32.4489351844464,85.3707733154297
"969",-87.5061574084265,32.4428240733353,85.7655029296875
"970",-87.5060648158339,32.4503240733352,85.8567352294922
"971",-87.5059722232413,32.4493055548167,85.3693084716797
"972",-87.5059722232413,32.4453240733353,85.5415191650391
"973",-87.5058796306487,32.4498611103723,85.79248046875
"974",-87.5058796306487,32.4431944437057,85.4011001586914
"975",-87.5057870380561,32.4434722214835,85.2874984741211
"976",-87.5054166676857,32.4525462955575,86.1289367675781
"977",-87.5054166676857,32.446527777039,85.2228393554688
"978",-87.5053240750931,32.4516203696315,87.7867279052734
"979",-87.5052314825005,32.4528240733352,85.6434173583984
"980",-87.5052314825005,32.4508796288908,85.7620315551758
"981",-87.505138889908,32.4492129622241,85.8675842285156
"982",-87.5050462973154,32.4481481474093,85.7187728881836
"983",-87.5050462973154,32.4436574066686,84.8592529296875
"984",-87.5048611121302,32.45263888815,85.171760559082
"985",-87.5048611121302,32.4524537029649,85.4793243408203
"986",-87.5047685195376,32.4464351844464,85.4056091308594
"987",-87.5047685195376,32.4458796288908,84.9353942871094
"988",-87.5047685195376,32.4439351844464,84.3603820800781
"989",-87.504675926945,32.4493055548167,85.4822692871094
"990",-87.504675926945,32.4483796288908,85.6300811767578
"991",-87.5044907417598,32.4457870362982,84.6951217651367
"992",-87.5043981491672,32.4430092585205,84.8935394287109
"993",-87.5043055565746,32.4493055548167,85.0396423339844
"994",-87.5043055565746,32.4457870362982,83.72705078125
"995",-87.504212963982,32.443564814076,84.2358093261719
"996",-87.5041203713894,32.4493981474093,84.6862411499023
"997",-87.5041203713894,32.4456944437057,83.72705078125
"998",-87.5040277787968,32.4433796288909,84.3140869140625
"999",-87.5039351862043,32.4456944437057,83.2308578491211
"1000",-87.5038425936117,32.4491203696316,84.6396102905273
"1001",-87.5038425936117,32.4429166659279,84.651725769043
"1002",-87.5035648158339,32.4493981474093,83.8582534790039
"1003",-87.5035648158339,32.4484722214834,84.9359741210938
"1004",-87.5035648158339,32.4456944437057,82.9681243896484
"1005",-87.5033796306487,32.4456944437057,82.6463012695312
"1006",-87.5032870380561,32.4422685177798,85.3086776733398
"1007",-87.5031018528709,32.4492129622241,82.7004470825195
"1008",-87.5031018528709,32.4456944437057,82.4506072998047
"1009",-87.5029166676857,32.4429166659279,86.0133209228516
"1010",-87.5028703713894,32.4419444437057,88.7761993408203
"1011",-87.5028240750931,32.4458796288908,81.0787124633789
"1012",-87.5028240750931,32.4411574066687,88.4024658203125
"1013",-87.5027314825005,32.4456018511131,81.2607116699219
"1014",-87.5027314825005,32.4408796288909,88.5942077636719
"1015",-87.5026388899079,32.4492129622241,82.3726577758789
"1016",-87.5026388899079,32.4416203696316,88.8349227905273
"1017",-87.5025462973153,32.4457870362982,80.5578155517578
"1018",-87.5024537047228,32.4484722214834,81.4586181640625
"1019",-87.5024537047228,32.4406018511131,88.2004699707031
"1020",-87.5023611121302,32.4456944437057,79.7380523681641
"1021",-87.5023611121302,32.444027777039,82.6397933959961
"1022",-87.5022685195376,32.4429166659279,85.1665420532227
"1023",-87.5022685195376,32.4413425918538,88.7651214599609
"1024",-87.5019907417598,32.4431018511131,83.6873779296875
"1025",-87.5018981491672,32.4456018511131,79.3026504516602
"1026",-87.5018055565746,32.4488425918538,82.7757339477539
"1027",-87.501712963982,32.4395833325946,88.585807800293
"1028",-87.5015277787968,32.433379628891,83.8632736206055
"1029",-87.5013425936116,32.4395833325946,88.0124740600586
"1030",-87.501250001019,32.4455092585205,76.1233825683594
"1031",-87.5011574084265,32.4307870362984,83.9774322509766
"1032",-87.5010648158339,32.4405092585205,87.3454513549805
"1033",-87.5009722232413,32.4274537029651,79.4625015258789
"1034",-87.5007870380561,32.4455092585205,76.0047302246094
"1035",-87.5007870380561,32.4390277770391,88.1862487792969
"1036",-87.5007870380561,32.4305092585206,83.6543045043945
"1037",-87.5006944454635,32.4268981474095,79.1978149414062
"1038",-87.5006018528709,32.4307870362984,84.0473937988281
"1039",-87.5006018528709,32.4275462955577,79.5332183837891
"1040",-87.5005092602783,32.4343981474095,87.1495742797852
"1041",-87.5005092602783,32.4272685177799,79.4938812255859
"1042",-87.5002314825005,32.4340277770391,86.9756927490234
"1043",-87.5002314825005,32.4290277770391,81.4784240722656
"1044",-87.5002314825005,32.4287499992614,81.0773162841797
"1045",-87.5001388899079,32.4296759251873,81.832649230957
"1046",-87.4999537047227,32.4518981474093,78.306037902832
"1047",-87.4999537047227,32.4395833325946,87.4821929931641
"1048",-87.4999537047227,32.4336574066687,85.7785873413086
"1049",-87.4999537047227,32.4332870362984,85.5020523071289
"1050",-87.4998611121301,32.430879628891,82.8899230957031
"1051",-87.4998611121301,32.430416665928,82.4358749389648
"1052",-87.499675926945,32.4487499992612,77.4441146850586
"1053",-87.499675926945,32.4479166659279,76.7050323486328
"1054",-87.4995833343524,32.4453240733353,75.3810119628906
"1055",-87.4995833343524,32.4343055548169,86.0049133300781
"1056",-87.4995833343524,32.4339351844465,85.7138977050781
"1057",-87.4993981491672,32.4454166659279,73.8694763183594
"1058",-87.4993981491672,32.433379628891,84.7859649658203
"1059",-87.499212963982,32.4358796288909,85.9788513183594
"1060",-87.499212963982,32.4347685177798,85.5154495239258
"1061",-87.4990277787968,32.4456018511131,73.0952606201172
"1062",-87.4989351862042,32.4454166659279,73.2082672119141
"1063",-87.4988425936116,32.4375462955576,86.1374740600586
"1064",-87.498750001019,32.4384722214835,86.1837844848633
"1065",-87.4986574084264,32.4422685177798,80.4669952392578
"1066",-87.4985648158338,32.441990740002,80.7070999145508
"1067",-87.4984722232413,32.4351388881502,84.9340515136719
"1068",-87.4983796306487,32.4385648140761,86.3854141235352
"1069",-87.4982870380561,32.4381944437057,86.4235534667969
"1070",-87.4982870380561,32.4376388881502,85.5337982177734
"1071",-87.4982870380561,32.4351388881502,84.7236328125
"1072",-87.4981944454635,32.4426388881501,76.6411285400391
"1073",-87.4981944454635,32.4422685177798,77.5399017333984
"1074",-87.4981944454635,32.441990740002,78.8538589477539
"1075",-87.4981018528709,32.4418055548168,76.9675598144531
"1076",-87.4981018528709,32.4380092585206,86.2403717041016
"1077",-87.4980092602783,32.4378240733354,86.2403717041016
"1078",-87.4980092602783,32.4373611103724,85.5322952270508
"1079",-87.4979166676857,32.4387499992613,86.0440292358398
"1080",-87.4979166676857,32.4385648140761,86.4232025146484
"1081",-87.4979166676857,32.4355092585206,84.7600250244141
"1082",-87.4977314825005,32.4381018511131,86.2585144042969
"1083",-87.4977314825005,32.437916665928,86.2540740966797
"1084",-87.4977314825005,32.4377314807428,85.9661712646484
"1085",-87.4976388899079,32.4336574066687,82.4076614379883
"1086",-87.4975462973153,32.4303703696317,82.4297561645508
"1087",-87.4973611121301,32.4363425918539,85.2388305664062
"1088",-87.4973611121301,32.4358796288909,84.8406677246094
"1089",-87.4972685195375,32.4391203696317,83.2319793701172
"1090",-87.4972685195375,32.4355092585206,84.9512405395508
"1091",-87.497175926945,32.4380092585206,85.8063125610352
"1092",-87.497175926945,32.4305092585206,82.6166000366211
"1093",-87.4969907417598,32.4375462955576,86.2280120849609
"1094",-87.4969907417598,32.4351388881502,85.4325103759766
"1095",-87.4969907417598,32.4306018511132,82.7822418212891
"1096",-87.4968981491672,32.4431944437057,75.2846832275391
"1097",-87.4968981491672,32.4429166659279,75.5003814697266
"1098",-87.4968981491672,32.4418981474094,77.5113906860352
"1099",-87.4968981491672,32.4393055548168,79.5370788574219
"1100",-87.4968981491672,32.4344907400021,85.2703704833984
"1101",-87.4968055565746,32.4416203696316,78.1015472412109
"1102",-87.4968055565746,32.4405092585205,77.0542755126953
"1103",-87.4968055565746,32.4391203696317,81.8894195556641
"1104",-87.4968055565746,32.4387499992613,82.6644592285156
"1105",-87.496712963982,32.4410648140761,78.4238204956055
"1106",-87.4966203713894,32.4381944437057,85.2027359008789
"1107",-87.4965277787968,32.4409722214835,77.5717239379883
"1108",-87.4965277787968,32.4306944437058,82.8990707397461
"1109",-87.4963425936116,32.4418055548168,81.0655670166016
"1110",-87.4963425936116,32.4403240733353,79.8107223510742
"1111",-87.4963425936116,32.4386574066687,82.1320190429688
"1112",-87.496250001019,32.4431944437057,77.5407257080078
"1113",-87.496250001019,32.4428240733353,79.7473220825195
"1114",-87.496250001019,32.442453702965,80.7506256103516
"1115",-87.496250001019,32.4420833325946,81.1942443847656
"1116",-87.496250001019,32.4418981474094,81.1942443847656
"1117",-87.496250001019,32.4416203696316,81.0655670166016
"1118",-87.496250001019,32.4412499992613,79.8760528564453
"1119",-87.496250001019,32.4409722214835,79.5193328857422
"1120",-87.496250001019,32.4406018511131,78.6349639892578
"1121",-87.496250001019,32.4393055548168,81.1758575439453
"1122",-87.496250001019,32.4389351844465,81.1384429931641
"1123",-87.4959722232412,32.4589351844463,68.8047409057617
"1124",-87.4959722232412,32.4305092585206,83.2234191894531
"1125",-87.4958796306486,32.4386574066687,85.4931335449219
"1126",-87.4957870380561,32.4426388881501,82.411506652832
"1127",-87.4957870380561,32.442453702965,84.3122940063477
"1128",-87.4957870380561,32.4422685177798,84.4719619750977
"1129",-87.4957870380561,32.441990740002,84.113639831543
"1130",-87.4957870380561,32.4418055548168,83.405517578125
"1131",-87.4957870380561,32.4416203696316,83.405517578125
"1132",-87.4957870380561,32.4412499992613,82.7550277709961
"1133",-87.4957870380561,32.4410648140761,82.7550277709961
"1134",-87.4957870380561,32.4398611103724,82.2082595825195
"1135",-87.4957870380561,32.4396759251872,82.2082595825195
"1136",-87.4957870380561,32.4393055548168,84.74267578125
"1137",-87.4957870380561,32.4390277770391,85.3937072753906
"1138",-87.4956944454635,32.4591203696315,69.3732299804688
"1139",-87.4953703713894,32.4217592585207,79.8475112915039
"1140",-87.4953240750931,32.4411574066687,83.9310836791992
"1141",-87.4953240750931,32.4386574066687,88.3146820068359
"1142",-87.4952314825005,32.4422222214835,86.2707901000977
"1143",-87.4952314825005,32.4413425918538,85.2939758300781
"1144",-87.4952314825005,32.4409722214835,83.5648651123047
"1145",-87.4952314825005,32.4406018511131,82.898551940918
"1146",-87.4952314825005,32.4403240733353,82.5688323974609
"1147",-87.4952314825005,32.4392129622242,86.3817138671875
"1148",-87.4951388899079,32.4397685177798,82.9286575317383
"1149",-87.4951388899079,32.4395833325946,84.6753768920898
"1150",-87.4950462973153,32.4455092585205,75.8726196289062
"1151",-87.4950462973153,32.4431018511131,84.0440063476562
"1152",-87.4950462973153,32.4429166659279,84.0440063476562
"1153",-87.4950462973153,32.4414351844464,84.8933486938477
"1154",-87.4950462973153,32.421805554817,79.9833221435547
"1155",-87.4947685195375,32.4451388881501,77.2535705566406
"1156",-87.4947685195375,32.4447685177797,77.3424377441406
"1157",-87.4947685195375,32.4441203696316,80.7137908935547
"1158",-87.4947685195375,32.4439351844464,81.8413238525391
"1159",-87.4947685195375,32.4438425918538,81.8413238525391
"1160",-87.4947685195375,32.4436574066686,83.0503845214844
"1161",-87.4947685195375,32.4429166659279,84.6421890258789
"1162",-87.4947685195375,32.4426388881501,85.1639099121094
"1163",-87.4947685195375,32.442453702965,86.1292419433594
"1164",-87.4947222232413,32.4422222214835,86.2319183349609
"1165",-87.4947685195375,32.4218981474096,80.8122406005859
"1166",-87.4946759269449,32.4418055548168,84.5003356933594
"1167",-87.4946759269449,32.441527777039,83.7130889892578
"1168",-87.4946759269449,32.4413425918538,83.7130889892578
"1169",-87.4946759269449,32.439953702965,85.1334533691406
"1170",-87.4946759269449,32.4396759251872,85.5514755249023
"1171",-87.4946759269449,32.4393055548168,86.287109375
"1172",-87.4946759269449,32.4390277770391,88.7006530761719
"1173",-87.4945833343523,32.4431944437057,84.0873794555664
"1174",-87.4945833343523,32.4402314807428,85.6356964111328
"1175",-87.4945833343523,32.4386574066687,89.3784637451172
"1176",-87.4944907417597,32.4421759251872,86.2070007324219
"1177",-87.4944907417597,32.4398611103724,86.3937835693359
"1178",-87.4941203713894,32.4215277770392,82.1542358398438
"1179",-87.4939351862042,32.421805554817,82.8057174682617
"1180",-87.4938425936116,32.4211574066689,82.0694885253906
"1181",-87.4929166676857,32.4234722214836,83.1330108642578
