number of nodes: 82 
number of edges: 81 
capital_cost_pump_station: 166000 
ps_OM_cost: 175950 
water_demand: 1.095e-05 
Solution Value: 68124 
Solution Value 1: 68124 
Solution Value 2: 0 
Solution Value 3: 0 
diameter[1,0,0.05] 1 
diameter[1,0,0.06] -0 
diameter[1,0,0.08] -0 
diameter[1,0,0.1] -0 
diameter[1,0,0.15] -0 
diameter[1,0,0.2] -0 
diameter[1,0,0.25] -0 
diameter[1,0,0.3] -0 
diameter[1,0,0.35] -0 
diameter[1,0,0.4] -0 
diameter[1,0,0.45] -0 
diameter[1,0,0.5] -0 
diameter[1,0,0.6] -0 
diameter[2,1,0.05] 1 
diameter[2,1,0.06] -0 
diameter[2,1,0.08] -0 
diameter[2,1,0.1] -0 
diameter[2,1,0.15] -0 
diameter[2,1,0.2] -0 
diameter[2,1,0.25] -0 
diameter[2,1,0.3] -0 
diameter[2,1,0.35] -0 
diameter[2,1,0.4] -0 
diameter[2,1,0.45] -0 
diameter[2,1,0.5] -0 
diameter[2,1,0.6] -0 
diameter[3,4,0.05] 1 
diameter[3,4,0.06] 0 
diameter[3,4,0.08] -0 
diameter[3,4,0.1] -0 
diameter[3,4,0.15] -0 
diameter[3,4,0.2] -0 
diameter[3,4,0.25] -0 
diameter[3,4,0.3] -0 
diameter[3,4,0.35] -0 
diameter[3,4,0.4] -0 
diameter[3,4,0.45] -0 
diameter[3,4,0.5] -0 
diameter[3,4,0.6] -0 
diameter[4,2,0.05] 1 
diameter[4,2,0.06] -0 
diameter[4,2,0.08] -0 
diameter[4,2,0.1] -0 
diameter[4,2,0.15] -0 
diameter[4,2,0.2] -0 
diameter[4,2,0.25] -0 
diameter[4,2,0.3] -0 
diameter[4,2,0.35] -0 
diameter[4,2,0.4] -0 
diameter[4,2,0.45] -0 
diameter[4,2,0.5] -0 
diameter[4,2,0.6] -0 
diameter[5,3,0.05] -0 
diameter[5,3,0.06] 1 
diameter[5,3,0.08] -0 
diameter[5,3,0.1] -0 
diameter[5,3,0.15] -0 
diameter[5,3,0.2] -0 
diameter[5,3,0.25] -0 
diameter[5,3,0.3] -0 
diameter[5,3,0.35] -0 
diameter[5,3,0.4] -0 
diameter[5,3,0.45] -0 
diameter[5,3,0.5] -0 
diameter[5,3,0.6] -0 
diameter[5,6,0.05] 1 
diameter[5,6,0.06] 0 
diameter[5,6,0.08] 0 
diameter[5,6,0.1] 0 
diameter[5,6,0.15] 0 
diameter[5,6,0.2] 0 
diameter[5,6,0.25] 0 
diameter[5,6,0.3] 0 
diameter[5,6,0.35] 0 
diameter[5,6,0.4] 0 
diameter[5,6,0.45] 0 
diameter[5,6,0.5] 0 
diameter[5,6,0.6] 0 
diameter[7,5,0.05] -0 
diameter[7,5,0.06] -0 
diameter[7,5,0.08] 1 
diameter[7,5,0.1] -0 
diameter[7,5,0.15] -0 
diameter[7,5,0.2] -0 
diameter[7,5,0.25] -0 
diameter[7,5,0.3] -0 
diameter[7,5,0.35] -0 
diameter[7,5,0.4] -0 
diameter[7,5,0.45] -0 
diameter[7,5,0.5] -0 
diameter[7,5,0.6] -0 
diameter[8,9,0.05] -0 
diameter[8,9,0.06] -0 
diameter[8,9,0.08] 1 
diameter[8,9,0.1] 0 
diameter[8,9,0.15] -0 
diameter[8,9,0.2] -0 
diameter[8,9,0.25] -0 
diameter[8,9,0.3] -0 
diameter[8,9,0.35] -0 
diameter[8,9,0.4] -0 
diameter[8,9,0.45] -0 
diameter[8,9,0.5] -0 
diameter[8,9,0.6] -0 
diameter[9,10,0.05] -0 
diameter[9,10,0.06] -0 
diameter[9,10,0.08] 1 
diameter[9,10,0.1] -0 
diameter[9,10,0.15] -0 
diameter[9,10,0.2] -0 
diameter[9,10,0.25] -0 
diameter[9,10,0.3] -0 
diameter[9,10,0.35] -0 
diameter[9,10,0.4] -0 
diameter[9,10,0.45] -0 
diameter[9,10,0.5] -0 
diameter[9,10,0.6] -0 
diameter[10,7,0.05] -0 
diameter[10,7,0.06] -0 
diameter[10,7,0.08] 1 
diameter[10,7,0.1] -0 
diameter[10,7,0.15] -0 
diameter[10,7,0.2] -0 
diameter[10,7,0.25] -0 
diameter[10,7,0.3] -0 
diameter[10,7,0.35] -0 
diameter[10,7,0.4] -0 
diameter[10,7,0.45] -0 
diameter[10,7,0.5] -0 
diameter[10,7,0.6] -0 
diameter[12,8,0.05] -0 
diameter[12,8,0.06] -0 
diameter[12,8,0.08] 1 
diameter[12,8,0.1] -0 
diameter[12,8,0.15] -0 
diameter[12,8,0.2] -0 
diameter[12,8,0.25] -0 
diameter[12,8,0.3] -0 
diameter[12,8,0.35] -0 
diameter[12,8,0.4] -0 
diameter[12,8,0.45] -0 
diameter[12,8,0.5] -0 
diameter[12,8,0.6] -0 
diameter[13,14,0.05] 1 
diameter[13,14,0.06] -0 
diameter[13,14,0.08] -0 
diameter[13,14,0.1] -0 
diameter[13,14,0.15] -0 
diameter[13,14,0.2] -0 
diameter[13,14,0.25] -0 
diameter[13,14,0.3] -0 
diameter[13,14,0.35] -0 
diameter[13,14,0.4] -0 
diameter[13,14,0.45] -0 
diameter[13,14,0.5] -0 
diameter[13,14,0.6] -0 
diameter[14,19,0.05] 1 
diameter[14,19,0.06] -0 
diameter[14,19,0.08] -0 
diameter[14,19,0.1] -0 
diameter[14,19,0.15] -0 
diameter[14,19,0.2] -0 
diameter[14,19,0.25] -0 
diameter[14,19,0.3] -0 
diameter[14,19,0.35] -0 
diameter[14,19,0.4] -0 
diameter[14,19,0.45] -0 
diameter[14,19,0.5] -0 
diameter[14,19,0.6] -0 
diameter[15,11,0.05] 1 
diameter[15,11,0.06] 0 
diameter[15,11,0.08] 0 
diameter[15,11,0.1] 0 
diameter[15,11,0.15] 0 
diameter[15,11,0.2] 0 
diameter[15,11,0.25] 0 
diameter[15,11,0.3] 0 
diameter[15,11,0.35] 0 
diameter[15,11,0.4] 0 
diameter[15,11,0.45] 0 
diameter[15,11,0.5] 0 
diameter[15,11,0.6] 0 
diameter[16,12,0.05] -0 
diameter[16,12,0.06] -0 
diameter[16,12,0.08] 1 
diameter[16,12,0.1] -0 
diameter[16,12,0.15] -0 
diameter[16,12,0.2] -0 
diameter[16,12,0.25] -0 
diameter[16,12,0.3] -0 
diameter[16,12,0.35] -0 
diameter[16,12,0.4] -0 
diameter[16,12,0.45] -0 
diameter[16,12,0.5] -0 
diameter[16,12,0.6] -0 
diameter[16,13,0.05] 1 
diameter[16,13,0.06] -0 
diameter[16,13,0.08] -0 
diameter[16,13,0.1] -0 
diameter[16,13,0.15] -0 
diameter[16,13,0.2] -0 
diameter[16,13,0.25] -0 
diameter[16,13,0.3] -0 
diameter[16,13,0.35] -0 
diameter[16,13,0.4] -0 
diameter[16,13,0.45] -0 
diameter[16,13,0.5] -0 
diameter[16,13,0.6] -0 
diameter[17,15,0.05] 1 
diameter[17,15,0.06] -0 
diameter[17,15,0.08] -0 
diameter[17,15,0.1] -0 
diameter[17,15,0.15] -0 
diameter[17,15,0.2] -0 
diameter[17,15,0.25] -0 
diameter[17,15,0.3] -0 
diameter[17,15,0.35] -0 
diameter[17,15,0.4] -0 
diameter[17,15,0.45] -0 
diameter[17,15,0.5] -0 
diameter[17,15,0.6] -0 
diameter[19,18,0.05] 1 
diameter[19,18,0.06] 0 
diameter[19,18,0.08] 0 
diameter[19,18,0.1] 0 
diameter[19,18,0.15] 0 
diameter[19,18,0.2] 0 
diameter[19,18,0.25] 0 
diameter[19,18,0.3] 0 
diameter[19,18,0.35] 0 
diameter[19,18,0.4] 0 
diameter[19,18,0.45] 0 
diameter[19,18,0.5] 0 
diameter[19,18,0.6] 0 
diameter[20,21,0.05] 0 
diameter[20,21,0.06] 1 
diameter[20,21,0.08] -0 
diameter[20,21,0.1] -0 
diameter[20,21,0.15] -0 
diameter[20,21,0.2] -0 
diameter[20,21,0.25] -0 
diameter[20,21,0.3] -0 
diameter[20,21,0.35] -0 
diameter[20,21,0.4] -0 
diameter[20,21,0.45] -0 
diameter[20,21,0.5] -0 
diameter[20,21,0.6] -0 
diameter[20,22,0.05] 1 
diameter[20,22,0.06] 0 
diameter[20,22,0.08] 0 
diameter[20,22,0.1] 0 
diameter[20,22,0.15] 0 
diameter[20,22,0.2] 0 
diameter[20,22,0.25] 0 
diameter[20,22,0.3] 0 
diameter[20,22,0.35] 0 
diameter[20,22,0.4] 0 
diameter[20,22,0.45] 0 
diameter[20,22,0.5] 0 
diameter[20,22,0.6] 0 
diameter[21,17,0.05] 1 
diameter[21,17,0.06] 0 
diameter[21,17,0.08] -0 
diameter[21,17,0.1] -0 
diameter[21,17,0.15] -0 
diameter[21,17,0.2] -0 
diameter[21,17,0.25] -0 
diameter[21,17,0.3] -0 
diameter[21,17,0.35] -0 
diameter[21,17,0.4] -0 
diameter[21,17,0.45] -0 
diameter[21,17,0.5] -0 
diameter[21,17,0.6] -0 
diameter[24,16,0.05] -0 
diameter[24,16,0.06] -0 
diameter[24,16,0.08] -0 
diameter[24,16,0.1] 1 
diameter[24,16,0.15] -0 
diameter[24,16,0.2] -0 
diameter[24,16,0.25] -0 
diameter[24,16,0.3] -0 
diameter[24,16,0.35] -0 
diameter[24,16,0.4] -0 
diameter[24,16,0.45] -0 
diameter[24,16,0.5] -0 
diameter[24,16,0.6] -0 
diameter[24,23,0.05] 1 
diameter[24,23,0.06] -0 
diameter[24,23,0.08] -0 
diameter[24,23,0.1] -0 
diameter[24,23,0.15] -0 
diameter[24,23,0.2] -0 
diameter[24,23,0.25] -0 
diameter[24,23,0.3] -0 
diameter[24,23,0.35] -0 
diameter[24,23,0.4] -0 
diameter[24,23,0.45] -0 
diameter[24,23,0.5] -0 
diameter[24,23,0.6] -0 
diameter[25,20,0.05] 1 
diameter[25,20,0.06] 0 
diameter[25,20,0.08] -0 
diameter[25,20,0.1] -0 
diameter[25,20,0.15] -0 
diameter[25,20,0.2] -0 
diameter[25,20,0.25] -0 
diameter[25,20,0.3] -0 
diameter[25,20,0.35] -0 
diameter[25,20,0.4] -0 
diameter[25,20,0.45] -0 
diameter[25,20,0.5] -0 
diameter[25,20,0.6] -0 
diameter[25,27,0.05] 1 
diameter[25,27,0.06] -0 
diameter[25,27,0.08] -0 
diameter[25,27,0.1] -0 
diameter[25,27,0.15] -0 
diameter[25,27,0.2] -0 
diameter[25,27,0.25] -0 
diameter[25,27,0.3] -0 
diameter[25,27,0.35] -0 
diameter[25,27,0.4] -0 
diameter[25,27,0.45] -0 
diameter[25,27,0.5] -0 
diameter[25,27,0.6] -0 
diameter[28,25,0.05] 1 
diameter[28,25,0.06] 0 
diameter[28,25,0.08] -0 
diameter[28,25,0.1] -0 
diameter[28,25,0.15] -0 
diameter[28,25,0.2] -0 
diameter[28,25,0.25] -0 
diameter[28,25,0.3] -0 
diameter[28,25,0.35] -0 
diameter[28,25,0.4] -0 
diameter[28,25,0.45] -0 
diameter[28,25,0.5] -0 
diameter[28,25,0.6] -0 
diameter[29,24,0.05] -0 
diameter[29,24,0.06] -0 
diameter[29,24,0.08] -0 
diameter[29,24,0.1] 1 
diameter[29,24,0.15] -0 
diameter[29,24,0.2] -0 
diameter[29,24,0.25] -0 
diameter[29,24,0.3] -0 
diameter[29,24,0.35] -0 
diameter[29,24,0.4] -0 
diameter[29,24,0.45] -0 
diameter[29,24,0.5] -0 
diameter[29,24,0.6] -0 
diameter[30,29,0.05] -0 
diameter[30,29,0.06] -0 
diameter[30,29,0.08] -0 
diameter[30,29,0.1] 1 
diameter[30,29,0.15] -0 
diameter[30,29,0.2] -0 
diameter[30,29,0.25] -0 
diameter[30,29,0.3] -0 
diameter[30,29,0.35] -0 
diameter[30,29,0.4] -0 
diameter[30,29,0.45] -0 
diameter[30,29,0.5] -0 
diameter[30,29,0.6] -0 
diameter[31,28,0.05] -0 
diameter[31,28,0.06] 1 
diameter[31,28,0.08] -0 
diameter[31,28,0.1] -0 
diameter[31,28,0.15] -0 
diameter[31,28,0.2] -0 
diameter[31,28,0.25] -0 
diameter[31,28,0.3] -0 
diameter[31,28,0.35] -0 
diameter[31,28,0.4] -0 
diameter[31,28,0.45] -0 
diameter[31,28,0.5] -0 
diameter[31,28,0.6] -0 
diameter[31,36,0.05] -0 
diameter[31,36,0.06] -0 
diameter[31,36,0.08] 1 
diameter[31,36,0.1] -0 
diameter[31,36,0.15] -0 
diameter[31,36,0.2] -0 
diameter[31,36,0.25] -0 
diameter[31,36,0.3] -0 
diameter[31,36,0.35] -0 
diameter[31,36,0.4] -0 
diameter[31,36,0.45] -0 
diameter[31,36,0.5] -0 
diameter[31,36,0.6] -0 
diameter[32,26,0.05] 1 
diameter[32,26,0.06] 0 
diameter[32,26,0.08] 0 
diameter[32,26,0.1] 0 
diameter[32,26,0.15] 0 
diameter[32,26,0.2] 0 
diameter[32,26,0.25] 0 
diameter[32,26,0.3] 0 
diameter[32,26,0.35] 0 
diameter[32,26,0.4] 0 
diameter[32,26,0.45] 0 
diameter[32,26,0.5] 0 
diameter[32,26,0.6] 0 
diameter[32,48,0.05] 1 
diameter[32,48,0.06] -0 
diameter[32,48,0.08] -0 
diameter[32,48,0.1] -0 
diameter[32,48,0.15] -0 
diameter[32,48,0.2] -0 
diameter[32,48,0.25] -0 
diameter[32,48,0.3] -0 
diameter[32,48,0.35] -0 
diameter[32,48,0.4] -0 
diameter[32,48,0.45] -0 
diameter[32,48,0.5] -0 
diameter[32,48,0.6] -0 
diameter[33,32,0.05] -0 
diameter[33,32,0.06] 1 
diameter[33,32,0.08] -0 
diameter[33,32,0.1] -0 
diameter[33,32,0.15] -0 
diameter[33,32,0.2] -0 
diameter[33,32,0.25] -0 
diameter[33,32,0.3] -0 
diameter[33,32,0.35] -0 
diameter[33,32,0.4] -0 
diameter[33,32,0.45] -0 
diameter[33,32,0.5] -0 
diameter[33,32,0.6] -0 
diameter[35,30,0.05] -0 
diameter[35,30,0.06] -0 
diameter[35,30,0.08] -0 
diameter[35,30,0.1] 1 
diameter[35,30,0.15] -0 
diameter[35,30,0.2] -0 
diameter[35,30,0.25] -0 
diameter[35,30,0.3] -0 
diameter[35,30,0.35] -0 
diameter[35,30,0.4] -0 
diameter[35,30,0.45] -0 
diameter[35,30,0.5] -0 
diameter[35,30,0.6] -0 
diameter[36,43,0.05] -0 
diameter[36,43,0.06] -0 
diameter[36,43,0.08] 1 
diameter[36,43,0.1] -0 
diameter[36,43,0.15] -0 
diameter[36,43,0.2] -0 
diameter[36,43,0.25] -0 
diameter[36,43,0.3] -0 
diameter[36,43,0.35] -0 
diameter[36,43,0.4] -0 
diameter[36,43,0.45] -0 
diameter[36,43,0.5] -0 
diameter[36,43,0.6] -0 
diameter[37,34,0.05] 1 
diameter[37,34,0.06] 0 
diameter[37,34,0.08] 0 
diameter[37,34,0.1] 0 
diameter[37,34,0.15] 0 
diameter[37,34,0.2] 0 
diameter[37,34,0.25] 0 
diameter[37,34,0.3] 0 
diameter[37,34,0.35] 0 
diameter[37,34,0.4] 0 
diameter[37,34,0.45] 0 
diameter[37,34,0.5] 0 
diameter[37,34,0.6] 0 
diameter[37,42,0.05] -0 
diameter[37,42,0.06] -0 
diameter[37,42,0.08] -0 
diameter[37,42,0.1] 1 
diameter[37,42,0.15] -0 
diameter[37,42,0.2] -0 
diameter[37,42,0.25] -0 
diameter[37,42,0.3] -0 
diameter[37,42,0.35] -0 
diameter[37,42,0.4] -0 
diameter[37,42,0.45] -0 
diameter[37,42,0.5] -0 
diameter[37,42,0.6] -0 
diameter[38,35,0.05] -0 
diameter[38,35,0.06] -0 
diameter[38,35,0.08] -0 
diameter[38,35,0.1] 1 
diameter[38,35,0.15] -0 
diameter[38,35,0.2] -0 
diameter[38,35,0.25] -0 
diameter[38,35,0.3] -0 
diameter[38,35,0.35] -0 
diameter[38,35,0.4] -0 
diameter[38,35,0.45] -0 
diameter[38,35,0.5] -0 
diameter[38,35,0.6] -0 
diameter[38,37,0.05] -0 
diameter[38,37,0.06] -0 
diameter[38,37,0.08] -0 
diameter[38,37,0.1] 1 
diameter[38,37,0.15] -0 
diameter[38,37,0.2] -0 
diameter[38,37,0.25] -0 
diameter[38,37,0.3] -0 
diameter[38,37,0.35] -0 
diameter[38,37,0.4] -0 
diameter[38,37,0.45] -0 
diameter[38,37,0.5] -0 
diameter[38,37,0.6] -0 
diameter[39,33,0.05] -0 
diameter[39,33,0.06] 1 
diameter[39,33,0.08] -0 
diameter[39,33,0.1] -0 
diameter[39,33,0.15] -0 
diameter[39,33,0.2] -0 
diameter[39,33,0.25] -0 
diameter[39,33,0.3] -0 
diameter[39,33,0.35] -0 
diameter[39,33,0.4] -0 
diameter[39,33,0.45] -0 
diameter[39,33,0.5] -0 
diameter[39,33,0.6] -0 
diameter[40,31,0.05] -0 
diameter[40,31,0.06] -0 
diameter[40,31,0.08] -0 
diameter[40,31,0.1] 1 
diameter[40,31,0.15] -0 
diameter[40,31,0.2] -0 
diameter[40,31,0.25] -0 
diameter[40,31,0.3] -0 
diameter[40,31,0.35] -0 
diameter[40,31,0.4] -0 
diameter[40,31,0.45] -0 
diameter[40,31,0.5] -0 
diameter[40,31,0.6] -0 
diameter[41,40,0.05] -0 
diameter[41,40,0.06] -0 
diameter[41,40,0.08] -0 
diameter[41,40,0.1] 1 
diameter[41,40,0.15] -0 
diameter[41,40,0.2] -0 
diameter[41,40,0.25] -0 
diameter[41,40,0.3] -0 
diameter[41,40,0.35] -0 
diameter[41,40,0.4] -0 
diameter[41,40,0.45] -0 
diameter[41,40,0.5] -0 
diameter[41,40,0.6] -0 
diameter[42,41,0.05] -0 
diameter[42,41,0.06] -0 
diameter[42,41,0.08] -0 
diameter[42,41,0.1] 1 
diameter[42,41,0.15] -0 
diameter[42,41,0.2] -0 
diameter[42,41,0.25] -0 
diameter[42,41,0.3] -0 
diameter[42,41,0.35] -0 
diameter[42,41,0.4] -0 
diameter[42,41,0.45] -0 
diameter[42,41,0.5] -0 
diameter[42,41,0.6] -0 
diameter[43,39,0.05] -0 
diameter[43,39,0.06] -0 
diameter[43,39,0.08] 1 
diameter[43,39,0.1] -0 
diameter[43,39,0.15] -0 
diameter[43,39,0.2] -0 
diameter[43,39,0.25] -0 
diameter[43,39,0.3] -0 
diameter[43,39,0.35] -0 
diameter[43,39,0.4] -0 
diameter[43,39,0.45] -0 
diameter[43,39,0.5] -0 
diameter[43,39,0.6] -0 
diameter[44,45,0.05] 1 
diameter[44,45,0.06] -0 
diameter[44,45,0.08] -0 
diameter[44,45,0.1] -0 
diameter[44,45,0.15] -0 
diameter[44,45,0.2] -0 
diameter[44,45,0.25] -0 
diameter[44,45,0.3] -0 
diameter[44,45,0.35] -0 
diameter[44,45,0.4] -0 
diameter[44,45,0.45] -0 
diameter[44,45,0.5] -0 
diameter[44,45,0.6] -0 
diameter[45,46,0.05] 1 
diameter[45,46,0.06] 0 
diameter[45,46,0.08] 0 
diameter[45,46,0.1] 0 
diameter[45,46,0.15] 0 
diameter[45,46,0.2] 0 
diameter[45,46,0.25] 0 
diameter[45,46,0.3] 0 
diameter[45,46,0.35] 0 
diameter[45,46,0.4] 0 
diameter[45,46,0.45] 0 
diameter[45,46,0.5] 0 
diameter[45,46,0.6] 0 
diameter[47,38,0.05] -0 
diameter[47,38,0.06] -0 
diameter[47,38,0.08] -0 
diameter[47,38,0.1] 1 
diameter[47,38,0.15] -0 
diameter[47,38,0.2] -0 
diameter[47,38,0.25] -0 
diameter[47,38,0.3] -0 
diameter[47,38,0.35] -0 
diameter[47,38,0.4] -0 
diameter[47,38,0.45] -0 
diameter[47,38,0.5] -0 
diameter[47,38,0.6] -0 
diameter[47,44,0.05] 1 
diameter[47,44,0.06] -0 
diameter[47,44,0.08] -0 
diameter[47,44,0.1] -0 
diameter[47,44,0.15] -0 
diameter[47,44,0.2] -0 
diameter[47,44,0.25] -0 
diameter[47,44,0.3] -0 
diameter[47,44,0.35] -0 
diameter[47,44,0.4] -0 
diameter[47,44,0.45] -0 
diameter[47,44,0.5] -0 
diameter[47,44,0.6] -0 
diameter[48,52,0.05] 1 
diameter[48,52,0.06] -0 
diameter[48,52,0.08] -0 
diameter[48,52,0.1] -0 
diameter[48,52,0.15] -0 
diameter[48,52,0.2] -0 
diameter[48,52,0.25] -0 
diameter[48,52,0.3] -0 
diameter[48,52,0.35] -0 
diameter[48,52,0.4] -0 
diameter[48,52,0.45] -0 
diameter[48,52,0.5] -0 
diameter[48,52,0.6] -0 
diameter[49,54,0.05] -0 
diameter[49,54,0.06] -0 
diameter[49,54,0.08] -0 
diameter[49,54,0.1] 1 
diameter[49,54,0.15] -0 
diameter[49,54,0.2] -0 
diameter[49,54,0.25] -0 
diameter[49,54,0.3] -0 
diameter[49,54,0.35] -0 
diameter[49,54,0.4] -0 
diameter[49,54,0.45] -0 
diameter[49,54,0.5] -0 
diameter[49,54,0.6] -0 
diameter[49,59,0.05] -0 
diameter[49,59,0.06] -0 
diameter[49,59,0.08] -0 
diameter[49,59,0.1] 1 
diameter[49,59,0.15] -0 
diameter[49,59,0.2] -0 
diameter[49,59,0.25] -0 
diameter[49,59,0.3] -0 
diameter[49,59,0.35] -0 
diameter[49,59,0.4] -0 
diameter[49,59,0.45] -0 
diameter[49,59,0.5] -0 
diameter[49,59,0.6] -0 
diameter[50,47,0.05] -0 
diameter[50,47,0.06] -0 
diameter[50,47,0.08] -0 
diameter[50,47,0.1] 1 
diameter[50,47,0.15] -0 
diameter[50,47,0.2] -0 
diameter[50,47,0.25] -0 
diameter[50,47,0.3] -0 
diameter[50,47,0.35] -0 
diameter[50,47,0.4] -0 
diameter[50,47,0.45] -0 
diameter[50,47,0.5] -0 
diameter[50,47,0.6] -0 
diameter[50,60,0.05] 1 
diameter[50,60,0.06] -0 
diameter[50,60,0.08] -0 
diameter[50,60,0.1] -0 
diameter[50,60,0.15] -0 
diameter[50,60,0.2] -0 
diameter[50,60,0.25] -0 
diameter[50,60,0.3] -0 
diameter[50,60,0.35] -0 
diameter[50,60,0.4] -0 
diameter[50,60,0.45] -0 
diameter[50,60,0.5] -0 
diameter[50,60,0.6] -0 
diameter[53,65,0.05] -0 
diameter[53,65,0.06] -0 
diameter[53,65,0.08] 0 
diameter[53,65,0.1] 1 
diameter[53,65,0.15] -0 
diameter[53,65,0.2] -0 
diameter[53,65,0.25] -0 
diameter[53,65,0.3] -0 
diameter[53,65,0.35] -0 
diameter[53,65,0.4] -0 
diameter[53,65,0.45] -0 
diameter[53,65,0.5] -0 
diameter[53,65,0.6] -0 
diameter[54,53,0.05] -0 
diameter[54,53,0.06] -0 
diameter[54,53,0.08] 1 
diameter[54,53,0.1] 0 
diameter[54,53,0.15] -0 
diameter[54,53,0.2] -0 
diameter[54,53,0.25] -0 
diameter[54,53,0.3] -0 
diameter[54,53,0.35] -0 
diameter[54,53,0.4] -0 
diameter[54,53,0.45] -0 
diameter[54,53,0.5] -0 
diameter[54,53,0.6] -0 
diameter[55,57,0.05] 1 
diameter[55,57,0.06] -0 
diameter[55,57,0.08] -0 
diameter[55,57,0.1] -0 
diameter[55,57,0.15] -0 
diameter[55,57,0.2] -0 
diameter[55,57,0.25] -0 
diameter[55,57,0.3] -0 
diameter[55,57,0.35] -0 
diameter[55,57,0.4] -0 
diameter[55,57,0.45] -0 
diameter[55,57,0.5] -0 
diameter[55,57,0.6] -0 
diameter[56,50,0.05] -0 
diameter[56,50,0.06] -0 
diameter[56,50,0.08] -0 
diameter[56,50,0.1] 1 
diameter[56,50,0.15] -0 
diameter[56,50,0.2] -0 
diameter[56,50,0.25] -0 
diameter[56,50,0.3] -0 
diameter[56,50,0.35] -0 
diameter[56,50,0.4] -0 
diameter[56,50,0.45] -0 
diameter[56,50,0.5] -0 
diameter[56,50,0.6] -0 
diameter[57,62,0.05] 1 
diameter[57,62,0.06] 0 
diameter[57,62,0.08] -0 
diameter[57,62,0.1] -0 
diameter[57,62,0.15] -0 
diameter[57,62,0.2] -0 
diameter[57,62,0.25] -0 
diameter[57,62,0.3] -0 
diameter[57,62,0.35] -0 
diameter[57,62,0.4] -0 
diameter[57,62,0.45] -0 
diameter[57,62,0.5] -0 
diameter[57,62,0.6] -0 
diameter[58,55,0.05] 1 
diameter[58,55,0.06] 0 
diameter[58,55,0.08] -0 
diameter[58,55,0.1] -0 
diameter[58,55,0.15] -0 
diameter[58,55,0.2] -0 
diameter[58,55,0.25] -0 
diameter[58,55,0.3] -0 
diameter[58,55,0.35] -0 
diameter[58,55,0.4] -0 
diameter[58,55,0.45] -0 
diameter[58,55,0.5] -0 
diameter[58,55,0.6] -0 
diameter[59,56,0.05] -0 
diameter[59,56,0.06] -0 
diameter[59,56,0.08] -0 
diameter[59,56,0.1] 1 
diameter[59,56,0.15] -0 
diameter[59,56,0.2] -0 
diameter[59,56,0.25] -0 
diameter[59,56,0.3] -0 
diameter[59,56,0.35] -0 
diameter[59,56,0.4] -0 
diameter[59,56,0.45] -0 
diameter[59,56,0.5] -0 
diameter[59,56,0.6] -0 
diameter[60,61,0.05] 1 
diameter[60,61,0.06] 0 
diameter[60,61,0.08] -0 
diameter[60,61,0.1] -0 
diameter[60,61,0.15] -0 
diameter[60,61,0.2] -0 
diameter[60,61,0.25] -0 
diameter[60,61,0.3] -0 
diameter[60,61,0.35] -0 
diameter[60,61,0.4] -0 
diameter[60,61,0.45] -0 
diameter[60,61,0.5] -0 
diameter[60,61,0.6] -0 
diameter[60,64,0.05] 1 
diameter[60,64,0.06] 0 
diameter[60,64,0.08] 0 
diameter[60,64,0.1] 0 
diameter[60,64,0.15] 0 
diameter[60,64,0.2] 0 
diameter[60,64,0.25] 0 
diameter[60,64,0.3] 0 
diameter[60,64,0.35] 0 
diameter[60,64,0.4] 0 
diameter[60,64,0.45] 0 
diameter[60,64,0.5] 0 
diameter[60,64,0.6] 0 
diameter[61,58,0.05] 1 
diameter[61,58,0.06] 0 
diameter[61,58,0.08] -0 
diameter[61,58,0.1] -0 
diameter[61,58,0.15] -0 
diameter[61,58,0.2] -0 
diameter[61,58,0.25] -0 
diameter[61,58,0.3] -0 
diameter[61,58,0.35] -0 
diameter[61,58,0.4] -0 
diameter[61,58,0.45] -0 
diameter[61,58,0.5] -0 
diameter[61,58,0.6] -0 
diameter[62,63,0.05] 1 
diameter[62,63,0.06] -0 
diameter[62,63,0.08] -0 
diameter[62,63,0.1] -0 
diameter[62,63,0.15] -0 
diameter[62,63,0.2] -0 
diameter[62,63,0.25] -0 
diameter[62,63,0.3] -0 
diameter[62,63,0.35] -0 
diameter[62,63,0.4] -0 
diameter[62,63,0.45] -0 
diameter[62,63,0.5] -0 
diameter[62,63,0.6] -0 
diameter[62,66,0.05] 1 
diameter[62,66,0.06] 0 
diameter[62,66,0.08] 0 
diameter[62,66,0.1] 0 
diameter[62,66,0.15] 0 
diameter[62,66,0.2] 0 
diameter[62,66,0.25] 0 
diameter[62,66,0.3] 0 
diameter[62,66,0.35] 0 
diameter[62,66,0.4] 0 
diameter[62,66,0.45] 0 
diameter[62,66,0.5] 0 
diameter[62,66,0.6] 0 
diameter[63,51,0.05] 1 
diameter[63,51,0.06] 0 
diameter[63,51,0.08] 0 
diameter[63,51,0.1] 0 
diameter[63,51,0.15] 0 
diameter[63,51,0.2] 0 
diameter[63,51,0.25] 0 
diameter[63,51,0.3] 0 
diameter[63,51,0.35] 0 
diameter[63,51,0.4] 0 
diameter[63,51,0.45] 0 
diameter[63,51,0.5] 0 
diameter[63,51,0.6] 0 
diameter[65,68,0.05] -0 
diameter[65,68,0.06] -0 
diameter[65,68,0.08] 1 
diameter[65,68,0.1] -0 
diameter[65,68,0.15] -0 
diameter[65,68,0.2] -0 
diameter[65,68,0.25] -0 
diameter[65,68,0.3] -0 
diameter[65,68,0.35] -0 
diameter[65,68,0.4] -0 
diameter[65,68,0.45] -0 
diameter[65,68,0.5] -0 
diameter[65,68,0.6] -0 
diameter[66,67,0.05] 1 
diameter[66,67,0.06] 0 
diameter[66,67,0.08] 0 
diameter[66,67,0.1] 0 
diameter[66,67,0.15] 0 
diameter[66,67,0.2] 0 
diameter[66,67,0.25] 0 
diameter[66,67,0.3] 0 
diameter[66,67,0.35] 0 
diameter[66,67,0.4] 0 
diameter[66,67,0.45] 0 
diameter[66,67,0.5] 0 
diameter[66,67,0.6] 0 
diameter[68,70,0.05] -0 
diameter[68,70,0.06] -0 
diameter[68,70,0.08] 1 
diameter[68,70,0.1] 0 
diameter[68,70,0.15] -0 
diameter[68,70,0.2] -0 
diameter[68,70,0.25] -0 
diameter[68,70,0.3] -0 
diameter[68,70,0.35] -0 
diameter[68,70,0.4] -0 
diameter[68,70,0.45] -0 
diameter[68,70,0.5] -0 
diameter[68,70,0.6] -0 
diameter[69,75,0.05] -0 
diameter[69,75,0.06] -0 
diameter[69,75,0.08] 1 
diameter[69,75,0.1] -0 
diameter[69,75,0.15] -0 
diameter[69,75,0.2] -0 
diameter[69,75,0.25] -0 
diameter[69,75,0.3] -0 
diameter[69,75,0.35] -0 
diameter[69,75,0.4] -0 
diameter[69,75,0.45] -0 
diameter[69,75,0.5] -0 
diameter[69,75,0.6] -0 
diameter[70,71,0.05] -0 
diameter[70,71,0.06] -0 
diameter[70,71,0.08] 1 
diameter[70,71,0.1] -0 
diameter[70,71,0.15] -0 
diameter[70,71,0.2] -0 
diameter[70,71,0.25] -0 
diameter[70,71,0.3] -0 
diameter[70,71,0.35] -0 
diameter[70,71,0.4] -0 
diameter[70,71,0.45] -0 
diameter[70,71,0.5] -0 
diameter[70,71,0.6] -0 
diameter[70,73,0.05] 1 
diameter[70,73,0.06] -0 
diameter[70,73,0.08] -0 
diameter[70,73,0.1] -0 
diameter[70,73,0.15] -0 
diameter[70,73,0.2] -0 
diameter[70,73,0.25] -0 
diameter[70,73,0.3] -0 
diameter[70,73,0.35] -0 
diameter[70,73,0.4] -0 
diameter[70,73,0.45] -0 
diameter[70,73,0.5] -0 
diameter[70,73,0.6] -0 
diameter[71,69,0.05] -0 
diameter[71,69,0.06] -0 
diameter[71,69,0.08] 1 
diameter[71,69,0.1] -0 
diameter[71,69,0.15] -0 
diameter[71,69,0.2] -0 
diameter[71,69,0.25] -0 
diameter[71,69,0.3] -0 
diameter[71,69,0.35] -0 
diameter[71,69,0.4] -0 
diameter[71,69,0.45] -0 
diameter[71,69,0.5] -0 
diameter[71,69,0.6] -0 
diameter[72,74,0.05] 1 
diameter[72,74,0.06] -0 
diameter[72,74,0.08] -0 
diameter[72,74,0.1] -0 
diameter[72,74,0.15] -0 
diameter[72,74,0.2] -0 
diameter[72,74,0.25] -0 
diameter[72,74,0.3] -0 
diameter[72,74,0.35] -0 
diameter[72,74,0.4] -0 
diameter[72,74,0.45] -0 
diameter[72,74,0.5] -0 
diameter[72,74,0.6] -0 
diameter[73,72,0.05] 1 
diameter[73,72,0.06] -0 
diameter[73,72,0.08] -0 
diameter[73,72,0.1] -0 
diameter[73,72,0.15] -0 
diameter[73,72,0.2] -0 
diameter[73,72,0.25] -0 
diameter[73,72,0.3] -0 
diameter[73,72,0.35] -0 
diameter[73,72,0.4] -0 
diameter[73,72,0.45] -0 
diameter[73,72,0.5] -0 
diameter[73,72,0.6] -0 
diameter[75,76,0.05] -0 
diameter[75,76,0.06] 1 
diameter[75,76,0.08] 0 
diameter[75,76,0.1] -0 
diameter[75,76,0.15] -0 
diameter[75,76,0.2] -0 
diameter[75,76,0.25] -0 
diameter[75,76,0.3] -0 
diameter[75,76,0.35] -0 
diameter[75,76,0.4] -0 
diameter[75,76,0.45] -0 
diameter[75,76,0.5] -0 
diameter[75,76,0.6] -0 
diameter[76,77,0.05] -0 
diameter[76,77,0.06] 1 
diameter[76,77,0.08] -0 
diameter[76,77,0.1] -0 
diameter[76,77,0.15] -0 
diameter[76,77,0.2] -0 
diameter[76,77,0.25] -0 
diameter[76,77,0.3] -0 
diameter[76,77,0.35] -0 
diameter[76,77,0.4] -0 
diameter[76,77,0.45] -0 
diameter[76,77,0.5] -0 
diameter[76,77,0.6] -0 
diameter[77,78,0.05] -0 
diameter[77,78,0.06] 1 
diameter[77,78,0.08] -0 
diameter[77,78,0.1] -0 
diameter[77,78,0.15] -0 
diameter[77,78,0.2] -0 
diameter[77,78,0.25] -0 
diameter[77,78,0.3] -0 
diameter[77,78,0.35] -0 
diameter[77,78,0.4] -0 
diameter[77,78,0.45] -0 
diameter[77,78,0.5] -0 
diameter[77,78,0.6] -0 
diameter[78,79,0.05] 1 
diameter[78,79,0.06] 0 
diameter[78,79,0.08] -0 
diameter[78,79,0.1] -0 
diameter[78,79,0.15] -0 
diameter[78,79,0.2] -0 
diameter[78,79,0.25] -0 
diameter[78,79,0.3] -0 
diameter[78,79,0.35] -0 
diameter[78,79,0.4] -0 
diameter[78,79,0.45] -0 
diameter[78,79,0.5] -0 
diameter[78,79,0.6] -0 
diameter[78,80,0.05] 1 
diameter[78,80,0.06] -0 
diameter[78,80,0.08] -0 
diameter[78,80,0.1] -0 
diameter[78,80,0.15] -0 
diameter[78,80,0.2] -0 
diameter[78,80,0.25] -0 
diameter[78,80,0.3] -0 
diameter[78,80,0.35] -0 
diameter[78,80,0.4] -0 
diameter[78,80,0.45] -0 
diameter[78,80,0.5] -0 
diameter[78,80,0.6] -0 
diameter[79,81,0.05] 1 
diameter[79,81,0.06] -0 
diameter[79,81,0.08] -0 
diameter[79,81,0.1] -0 
diameter[79,81,0.15] -0 
diameter[79,81,0.2] -0 
diameter[79,81,0.25] -0 
diameter[79,81,0.3] -0 
diameter[79,81,0.35] -0 
diameter[79,81,0.4] -0 
diameter[79,81,0.45] -0 
diameter[79,81,0.5] -0 
diameter[79,81,0.6] -0 
hydro loss[1,0] 0.0715716 
hydro loss[2,1] 0.555879 
hydro loss[3,4] 1.51472 
hydro loss[4,2] 0.65098 
hydro loss[5,3] 0.885581 
hydro loss[5,6] 0.102749 
hydro loss[7,5] 0.594238 
hydro loss[8,9] 0.237666 
hydro loss[9,10] 0.304691 
hydro loss[10,7] 2.54552 
hydro loss[12,8] 1.22983 
hydro loss[13,14] 0.515505 
hydro loss[14,19] 0.356628 
hydro loss[15,11] 0.0987866 
hydro loss[16,12] 1.18541 
hydro loss[16,13] 1.40567 
hydro loss[17,15] 0.200925 
hydro loss[19,18] 0.11623 
hydro loss[20,21] 0.176801 
hydro loss[20,22] 0.0673913 
hydro loss[21,17] 0.319313 
hydro loss[24,16] 0.632741 
hydro loss[24,23] 0.082424 
hydro loss[25,20] 1.60296 
hydro loss[25,27] 0.086289 
hydro loss[28,25] 4.01576 
hydro loss[29,24] 0.788531 
hydro loss[30,29] 0.466907 
hydro loss[31,28] 1.79269 
hydro loss[31,36] 0.411464 
hydro loss[32,26] 0.102828 
hydro loss[32,48] 0.744234 
hydro loss[33,32] 0.442002 
hydro loss[35,30] 0.621775 
hydro loss[36,43] 0.277248 
hydro loss[37,34] 0.0448809 
hydro loss[37,42] 0.431197 
hydro loss[38,35] 0.677719 
hydro loss[38,37] 0.950472 
hydro loss[39,33] 1.32842 
hydro loss[40,31] 0.76827 
hydro loss[41,40] 0.285643 
hydro loss[42,41] 0.578782 
hydro loss[43,39] 0.243492 
hydro loss[44,45] 0.297551 
hydro loss[45,46] 0.0494544 
hydro loss[47,38] 3.93471 
hydro loss[47,44] 0.665464 
hydro loss[48,52] 0.107356 
hydro loss[49,54] 0.232468 
hydro loss[49,59] 8.58778 
hydro loss[50,47] 5.09621 
hydro loss[50,60] 6.3177 
hydro loss[53,65] 0.716893 
hydro loss[54,53] 1.13508 
hydro loss[55,57] 3.20961 
hydro loss[56,50] 3.07824 
hydro loss[57,62] 0.822426 
hydro loss[58,55] 1.18833 
hydro loss[59,56] 4.17047 
hydro loss[60,61] 2.09395 
hydro loss[60,64] 0.0417446 
hydro loss[61,58] 1.30928 
hydro loss[62,63] 0.357061 
hydro loss[62,66] 0.394358 
hydro loss[63,51] 0.209696 
hydro loss[65,68] 27.167 
hydro loss[66,67] 0.0556598 
hydro loss[68,70] 0.680235 
hydro loss[69,75] 4.52583 
hydro loss[70,71] 0.304691 
hydro loss[70,73] 1.69367 
hydro loss[71,69] 0.341283 
hydro loss[72,74] 0.116229 
hydro loss[73,72] 0.178531 
hydro loss[75,76] 0.561283 
hydro loss[76,77] 0.363853 
hydro loss[77,78] 0.630778 
hydro loss[78,79] 0.204858 
hydro loss[78,80] 0.0780429 
hydro loss[79,81] 0.33388 
PUMP[1,0] -0 
PUMP[2,1] -0 
PUMP[3,4] -0 
PUMP[4,2] -0 
PUMP[5,3] -0 
PUMP[5,6] 0 
PUMP[7,5] -0 
PUMP[8,9] -0 
PUMP[9,10] -0 
PUMP[10,7] -0 
PUMP[12,8] -0 
PUMP[13,14] -0 
PUMP[14,19] -0 
PUMP[15,11] 0 
PUMP[16,12] -0 
PUMP[16,13] -0 
PUMP[17,15] -0 
PUMP[19,18] 0 
PUMP[20,21] -0 
PUMP[20,22] 0 
PUMP[21,17] -0 
PUMP[24,16] -0 
PUMP[24,23] -0 
PUMP[25,20] -0 
PUMP[25,27] -0 
PUMP[28,25] -0 
PUMP[29,24] -0 
PUMP[30,29] -0 
PUMP[31,28] -0 
PUMP[31,36] -0 
PUMP[32,26] 0 
PUMP[32,48] -0 
PUMP[33,32] -0 
PUMP[35,30] -0 
PUMP[36,43] -0 
PUMP[37,34] 0 
PUMP[37,42] -0 
PUMP[38,35] -0 
PUMP[38,37] -0 
PUMP[39,33] -0 
PUMP[40,31] -0 
PUMP[41,40] -0 
PUMP[42,41] -0 
PUMP[43,39] -0 
PUMP[44,45] -0 
PUMP[45,46] 0 
PUMP[47,38] -0 
PUMP[47,44] -0 
PUMP[48,52] -0 
PUMP[49,54] -0 
PUMP[49,59] -0 
PUMP[50,47] -0 
PUMP[50,60] -0 
PUMP[53,65] -0 
PUMP[54,53] -0 
PUMP[55,57] -0 
PUMP[56,50] -0 
PUMP[57,62] -0 
PUMP[58,55] -0 
PUMP[59,56] -0 
PUMP[60,61] -0 
PUMP[60,64] 0 
PUMP[61,58] -0 
PUMP[62,63] -0 
PUMP[62,66] 0 
PUMP[63,51] 0 
PUMP[65,68] -0 
PUMP[66,67] 0 
PUMP[68,70] -0 
PUMP[69,75] -0 
PUMP[70,71] -0 
PUMP[70,73] -0 
PUMP[71,69] -0 
PUMP[72,74] -0 
PUMP[73,72] -0 
PUMP[75,76] -0 
PUMP[76,77] -0 
PUMP[77,78] -0 
PUMP[78,79] -0 
PUMP[78,80] -0 
PUMP[79,81] -0 
PRESSURE BY PUMP[1,0] 0 
PRESSURE BY PUMP[2,1] 0 
PRESSURE BY PUMP[3,4] 0 
PRESSURE BY PUMP[4,2] 0 
PRESSURE BY PUMP[5,3] 0 
PRESSURE BY PUMP[5,6] 0 
PRESSURE BY PUMP[7,5] 0 
PRESSURE BY PUMP[8,9] 0 
PRESSURE BY PUMP[9,10] 0 
PRESSURE BY PUMP[10,7] 0 
PRESSURE BY PUMP[12,8] 0 
PRESSURE BY PUMP[13,14] 0 
PRESSURE BY PUMP[14,19] 0 
PRESSURE BY PUMP[15,11] 0 
PRESSURE BY PUMP[16,12] 0 
PRESSURE BY PUMP[16,13] 0 
PRESSURE BY PUMP[17,15] 0 
PRESSURE BY PUMP[19,18] 0 
PRESSURE BY PUMP[20,21] 0 
PRESSURE BY PUMP[20,22] 0 
PRESSURE BY PUMP[21,17] 0 
PRESSURE BY PUMP[24,16] 0 
PRESSURE BY PUMP[24,23] 0 
PRESSURE BY PUMP[25,20] 0 
PRESSURE BY PUMP[25,27] 0 
PRESSURE BY PUMP[28,25] 0 
PRESSURE BY PUMP[29,24] 0 
PRESSURE BY PUMP[30,29] 0 
PRESSURE BY PUMP[31,28] 0 
PRESSURE BY PUMP[31,36] 0 
PRESSURE BY PUMP[32,26] 0 
PRESSURE BY PUMP[32,48] 0 
PRESSURE BY PUMP[33,32] 0 
PRESSURE BY PUMP[35,30] 0 
PRESSURE BY PUMP[36,43] 0 
PRESSURE BY PUMP[37,34] 0 
PRESSURE BY PUMP[37,42] 0 
PRESSURE BY PUMP[38,35] 0 
PRESSURE BY PUMP[38,37] 0 
PRESSURE BY PUMP[39,33] 0 
PRESSURE BY PUMP[40,31] 0 
PRESSURE BY PUMP[41,40] 0 
PRESSURE BY PUMP[42,41] 0 
PRESSURE BY PUMP[43,39] 0 
PRESSURE BY PUMP[44,45] 0 
PRESSURE BY PUMP[45,46] 0 
PRESSURE BY PUMP[47,38] 0 
PRESSURE BY PUMP[47,44] 0 
PRESSURE BY PUMP[48,52] 0 
PRESSURE BY PUMP[49,54] 0 
PRESSURE BY PUMP[49,59] 0 
PRESSURE BY PUMP[50,47] 0 
PRESSURE BY PUMP[50,60] 0 
PRESSURE BY PUMP[53,65] 0 
PRESSURE BY PUMP[54,53] 0 
PRESSURE BY PUMP[55,57] 0 
PRESSURE BY PUMP[56,50] 0 
PRESSURE BY PUMP[57,62] 0 
PRESSURE BY PUMP[58,55] 0 
PRESSURE BY PUMP[59,56] 0 
PRESSURE BY PUMP[60,61] 0 
PRESSURE BY PUMP[60,64] 0 
PRESSURE BY PUMP[61,58] 0 
PRESSURE BY PUMP[62,63] 0 
PRESSURE BY PUMP[62,66] 0 
PRESSURE BY PUMP[63,51] 0 
PRESSURE BY PUMP[65,68] 0 
PRESSURE BY PUMP[66,67] 0 
PRESSURE BY PUMP[68,70] 0 
PRESSURE BY PUMP[69,75] 0 
PRESSURE BY PUMP[70,71] 0 
PRESSURE BY PUMP[70,73] 0 
PRESSURE BY PUMP[71,69] 0 
PRESSURE BY PUMP[72,74] 0 
PRESSURE BY PUMP[73,72] 0 
PRESSURE BY PUMP[75,76] 0 
PRESSURE BY PUMP[76,77] 0 
PRESSURE BY PUMP[77,78] 0 
PRESSURE BY PUMP[78,79] 0 
PRESSURE BY PUMP[78,80] 0 
PRESSURE BY PUMP[79,81] 0 
In Node Elevation[0] 52.69 
In Node Elevation[1] 52.7616 
In Node Elevation[2] 52.7204 
In Node Elevation[3] 55.4832 
In Node Elevation[4] 53.9684 
In Node Elevation[5] 56.3687 
In Node Elevation[6] 56.266 
In Node Elevation[7] 52.9686 
In Node Elevation[8] 52.4733 
In Node Elevation[9] 52.3606 
In Node Elevation[10] 52.6026 
In Node Elevation[11] 53.7471 
In Node Elevation[12] 61.2807 
In Node Elevation[13] 61.0604 
In Node Elevation[14] 53.9964 
In Node Elevation[15] 54.5309 
In Node Elevation[16] 55.2952 
In Node Elevation[17] 54.7319 
In Node Elevation[18] 60.0721 
In Node Elevation[19] 60.1883 
In Node Elevation[20] 55.228 
In Node Elevation[21] 54.2704 
In Node Elevation[22] 52.6128 
In Node Elevation[23] 55.8387 
In Node Elevation[24] 55.8179 
In Node Elevation[25] 54.5598 
In Node Elevation[26] 59.834 
In Node Elevation[27] 55.0433 
In Node Elevation[28] 54.2602 
In Node Elevation[29] 63.8874 
In Node Elevation[30] 64.3543 
In Node Elevation[31] 62.6394 
In Node Elevation[32] 59.9368 
In Node Elevation[33] 56.8301 
In Node Elevation[34] 57.4788 
In Node Elevation[35] 58.5402 
In Node Elevation[36] 62.2279 
In Node Elevation[37] 64.7033 
In Node Elevation[38] 58.5476 
In Node Elevation[39] 55.8493 
In Node Elevation[40] 63.4077 
In Node Elevation[41] 58.6044 
In Node Elevation[42] 64.2721 
In Node Elevation[43] 61.9507 
In Node Elevation[44] 59.0616 
In Node Elevation[45] 68.6255 
In Node Elevation[46] 68.576 
In Node Elevation[47] 69.5885 
In Node Elevation[48] 58.5789 
In Node Elevation[49] 90.5212 
In Node Elevation[50] 74.6847 
In Node Elevation[51] 57.6296 
In Node Elevation[52] 59.0337 
In Node Elevation[53] 89.1536 
In Node Elevation[54] 90.2887 
In Node Elevation[55] 63.7754 
In Node Elevation[56] 58.67 
In Node Elevation[57] 60.5658 
In Node Elevation[58] 64.9638 
In Node Elevation[59] 59.9305 
In Node Elevation[60] 56.5313 
In Node Elevation[61] 66.273 
In Node Elevation[62] 59.7434 
In Node Elevation[63] 59.3863 
In Node Elevation[64] 55.8279 
In Node Elevation[65] 88.4367 
In Node Elevation[66] 54.9975 
In Node Elevation[67] 59.2934 
In Node Elevation[68] 61.2697 
In Node Elevation[69] 59.9435 
In Node Elevation[70] 49.5332 
In Node Elevation[71] 49.4939 
In Node Elevation[72] 51.4784 
In Node Elevation[73] 58.8958 
In Node Elevation[74] 51.8326 
In Node Elevation[75] 55.4177 
In Node Elevation[76] 49.9833 
In Node Elevation[77] 50.8122 
In Node Elevation[78] 53.8617 
In Node Elevation[79] 52.8057 
In Node Elevation[80] 52.0695 
In Node Elevation[81] 53.133 
HEAD PRESSURE[0] 31.6462 
HEAD PRESSURE[1] 31.6462 
HEAD PRESSURE[2] 32.2433 
HEAD PRESSURE[3] 31.6462 
HEAD PRESSURE[4] 31.6462 
HEAD PRESSURE[5] 31.6462 
HEAD PRESSURE[6] 31.6462 
HEAD PRESSURE[7] 35.6406 
HEAD PRESSURE[8] 39.2238 
HEAD PRESSURE[9] 39.0988 
HEAD PRESSURE[10] 38.5521 
HEAD PRESSURE[11] 32.3312 
HEAD PRESSURE[12] 31.6462 
HEAD PRESSURE[13] 31.6462 
HEAD PRESSURE[14] 38.1948 
HEAD PRESSURE[15] 31.6462 
HEAD PRESSURE[16] 38.8171 
HEAD PRESSURE[17] 31.6462 
HEAD PRESSURE[18] 31.6462 
HEAD PRESSURE[19] 31.6462 
HEAD PRESSURE[20] 31.6462 
HEAD PRESSURE[21] 32.427 
HEAD PRESSURE[22] 34.194 
HEAD PRESSURE[23] 38.8239 
HEAD PRESSURE[24] 38.9272 
HEAD PRESSURE[25] 33.9173 
HEAD PRESSURE[26] 31.6462 
HEAD PRESSURE[27] 33.3476 
HEAD PRESSURE[28] 38.2327 
HEAD PRESSURE[29] 31.6462 
HEAD PRESSURE[30] 31.6462 
HEAD PRESSURE[31] 31.6462 
HEAD PRESSURE[32] 31.6462 
HEAD PRESSURE[33] 35.1949 
HEAD PRESSURE[34] 38.8258 
HEAD PRESSURE[35] 38.0821 
HEAD PRESSURE[36] 31.6462 
HEAD PRESSURE[37] 31.6462 
HEAD PRESSURE[38] 38.7524 
HEAD PRESSURE[39] 37.5041 
HEAD PRESSURE[40] 31.6462 
HEAD PRESSURE[41] 36.7352 
HEAD PRESSURE[42] 31.6462 
HEAD PRESSURE[43] 31.6462 
HEAD PRESSURE[44] 41.5076 
HEAD PRESSURE[45] 31.6462 
HEAD PRESSURE[46] 31.6462 
HEAD PRESSURE[47] 31.6462 
HEAD PRESSURE[48] 32.2598 
HEAD PRESSURE[49] 31.6462 
HEAD PRESSURE[50] 31.6462 
HEAD PRESSURE[51] 33.1932 
HEAD PRESSURE[52] 31.6977 
HEAD PRESSURE[53] 31.6462 
HEAD PRESSURE[54] 31.6462 
HEAD PRESSURE[55] 31.6462 
HEAD PRESSURE[56] 50.7391 
HEAD PRESSURE[57] 31.6462 
HEAD PRESSURE[58] 31.6462 
HEAD PRESSURE[59] 53.6491 
HEAD PRESSURE[60] 43.4819 
HEAD PRESSURE[61] 31.6462 
HEAD PRESSURE[62] 31.6462 
HEAD PRESSURE[63] 31.6462 
HEAD PRESSURE[64] 44.1436 
HEAD PRESSURE[65] 31.6462 
HEAD PRESSURE[66] 35.9977 
HEAD PRESSURE[67] 31.6462 
HEAD PRESSURE[68] 31.6462 
HEAD PRESSURE[69] 31.6462 
HEAD PRESSURE[70] 42.7025 
HEAD PRESSURE[71] 42.4371 
HEAD PRESSURE[72] 38.8851 
HEAD PRESSURE[73] 31.6462 
HEAD PRESSURE[74] 38.4146 
HEAD PRESSURE[75] 31.6462 
HEAD PRESSURE[76] 36.5193 
HEAD PRESSURE[77] 35.3265 
HEAD PRESSURE[78] 31.6462 
HEAD PRESSURE[79] 32.4974 
HEAD PRESSURE[80] 33.3604 
HEAD PRESSURE[81] 31.8362 
