number of nodes: 161 
number of edges: 160 
capital_cost_pump_station: 166000 
ps_OM_cost: 175950 
water_demand: 1.095e-05 
Solution Value: 108306 
Solution Value 1: 108306 
Solution Value 2: 0 
Solution Value 3: 0 
diameter[1,0,0.05] 1 
diameter[1,0,0.06] 0 
diameter[1,0,0.08] 0 
diameter[1,0,0.1] 0 
diameter[1,0,0.15] 0 
diameter[1,0,0.2] 0 
diameter[1,0,0.25] 0 
diameter[1,0,0.3] 0 
diameter[1,0,0.35] 0 
diameter[1,0,0.4] 0 
diameter[1,0,0.45] 0 
diameter[1,0,0.5] 0 
diameter[1,0,0.6] 0 
diameter[3,2,0.05] 1 
diameter[3,2,0.06] 0 
diameter[3,2,0.08] 0 
diameter[3,2,0.1] 0 
diameter[3,2,0.15] 0 
diameter[3,2,0.2] 0 
diameter[3,2,0.25] 0 
diameter[3,2,0.3] 0 
diameter[3,2,0.35] 0 
diameter[3,2,0.4] 0 
diameter[3,2,0.45] 0 
diameter[3,2,0.5] 0 
diameter[3,2,0.6] 0 
diameter[4,3,0.05] 1 
diameter[4,3,0.06] 0 
diameter[4,3,0.08] 0 
diameter[4,3,0.1] 0 
diameter[4,3,0.15] 0 
diameter[4,3,0.2] 0 
diameter[4,3,0.25] 0 
diameter[4,3,0.3] 0 
diameter[4,3,0.35] 0 
diameter[4,3,0.4] 0 
diameter[4,3,0.45] 0 
diameter[4,3,0.5] 0 
diameter[4,3,0.6] 0 
diameter[5,4,0.05] 1 
diameter[5,4,0.06] 0 
diameter[5,4,0.08] 0 
diameter[5,4,0.1] 0 
diameter[5,4,0.15] 0 
diameter[5,4,0.2] 0 
diameter[5,4,0.25] 0 
diameter[5,4,0.3] 0 
diameter[5,4,0.35] 0 
diameter[5,4,0.4] 0 
diameter[5,4,0.45] 0 
diameter[5,4,0.5] 0 
diameter[5,4,0.6] 0 
diameter[6,1,0.05] 1 
diameter[6,1,0.06] 0 
diameter[6,1,0.08] 0 
diameter[6,1,0.1] 0 
diameter[6,1,0.15] 0 
diameter[6,1,0.2] 0 
diameter[6,1,0.25] 0 
diameter[6,1,0.3] 0 
diameter[6,1,0.35] 0 
diameter[6,1,0.4] 0 
diameter[6,1,0.45] 0 
diameter[6,1,0.5] 0 
diameter[6,1,0.6] 0 
diameter[6,14,0.05] 1 
diameter[6,14,0.06] 0 
diameter[6,14,0.08] 0 
diameter[6,14,0.1] 0 
diameter[6,14,0.15] 0 
diameter[6,14,0.2] 0 
diameter[6,14,0.25] 0 
diameter[6,14,0.3] 0 
diameter[6,14,0.35] 0 
diameter[6,14,0.4] 0 
diameter[6,14,0.45] 0 
diameter[6,14,0.5] 0 
diameter[6,14,0.6] 0 
diameter[7,6,0.05] 1 
diameter[7,6,0.06] 0 
diameter[7,6,0.08] 0 
diameter[7,6,0.1] 0 
diameter[7,6,0.15] 0 
diameter[7,6,0.2] 0 
diameter[7,6,0.25] 0 
diameter[7,6,0.3] 0 
diameter[7,6,0.35] 0 
diameter[7,6,0.4] 0 
diameter[7,6,0.45] 0 
diameter[7,6,0.5] 0 
diameter[7,6,0.6] 0 
diameter[8,7,0.05] 1 
diameter[8,7,0.06] 0 
diameter[8,7,0.08] 0 
diameter[8,7,0.1] 0 
diameter[8,7,0.15] 0 
diameter[8,7,0.2] 0 
diameter[8,7,0.25] 0 
diameter[8,7,0.3] 0 
diameter[8,7,0.35] 0 
diameter[8,7,0.4] 0 
diameter[8,7,0.45] 0 
diameter[8,7,0.5] 0 
diameter[8,7,0.6] 0 
diameter[9,5,0.05] 1 
diameter[9,5,0.06] 0 
diameter[9,5,0.08] 0 
diameter[9,5,0.1] 0 
diameter[9,5,0.15] 0 
diameter[9,5,0.2] 0 
diameter[9,5,0.25] 0 
diameter[9,5,0.3] 0 
diameter[9,5,0.35] 0 
diameter[9,5,0.4] 0 
diameter[9,5,0.45] 0 
diameter[9,5,0.5] 0 
diameter[9,5,0.6] 0 
diameter[10,9,0.05] 1 
diameter[10,9,0.06] 0 
diameter[10,9,0.08] 0 
diameter[10,9,0.1] 0 
diameter[10,9,0.15] 0 
diameter[10,9,0.2] 0 
diameter[10,9,0.25] 0 
diameter[10,9,0.3] 0 
diameter[10,9,0.35] 0 
diameter[10,9,0.4] 0 
diameter[10,9,0.45] 0 
diameter[10,9,0.5] 0 
diameter[10,9,0.6] 0 
diameter[12,19,0.05] 0 
diameter[12,19,0.06] 0 
diameter[12,19,0.08] 0 
diameter[12,19,0.1] 1 
diameter[12,19,0.15] 0 
diameter[12,19,0.2] 0 
diameter[12,19,0.25] 0 
diameter[12,19,0.3] 0 
diameter[12,19,0.35] 0 
diameter[12,19,0.4] 0 
diameter[12,19,0.45] 0 
diameter[12,19,0.5] 0 
diameter[12,19,0.6] 0 
diameter[13,11,0.05] 1 
diameter[13,11,0.06] 0 
diameter[13,11,0.08] 0 
diameter[13,11,0.1] 0 
diameter[13,11,0.15] 0 
diameter[13,11,0.2] 0 
diameter[13,11,0.25] 0 
diameter[13,11,0.3] 0 
diameter[13,11,0.35] 0 
diameter[13,11,0.4] 0 
diameter[13,11,0.45] 0 
diameter[13,11,0.5] 0 
diameter[13,11,0.6] 0 
diameter[15,8,0.05] 1 
diameter[15,8,0.06] 0 
diameter[15,8,0.08] 0 
diameter[15,8,0.1] 0 
diameter[15,8,0.15] 0 
diameter[15,8,0.2] 0 
diameter[15,8,0.25] 0 
diameter[15,8,0.3] 0 
diameter[15,8,0.35] 0 
diameter[15,8,0.4] 0 
diameter[15,8,0.45] 0 
diameter[15,8,0.5] 0 
diameter[15,8,0.6] 0 
diameter[16,15,0.05] 1 
diameter[16,15,0.06] 0 
diameter[16,15,0.08] 0 
diameter[16,15,0.1] 0 
diameter[16,15,0.15] 0 
diameter[16,15,0.2] 0 
diameter[16,15,0.25] 0 
diameter[16,15,0.3] 0 
diameter[16,15,0.35] 0 
diameter[16,15,0.4] 0 
diameter[16,15,0.45] 0 
diameter[16,15,0.5] 0 
diameter[16,15,0.6] 0 
diameter[16,17,0.05] 0 
diameter[16,17,0.06] 0 
diameter[16,17,0.08] 0 
diameter[16,17,0.1] 1 
diameter[16,17,0.15] 0 
diameter[16,17,0.2] 0 
diameter[16,17,0.25] 0 
diameter[16,17,0.3] 0 
diameter[16,17,0.35] 0 
diameter[16,17,0.4] 0 
diameter[16,17,0.45] 0 
diameter[16,17,0.5] 0 
diameter[16,17,0.6] 0 
diameter[17,10,0.05] 1 
diameter[17,10,0.06] 0 
diameter[17,10,0.08] 0 
diameter[17,10,0.1] 0 
diameter[17,10,0.15] 0 
diameter[17,10,0.2] 0 
diameter[17,10,0.25] 0 
diameter[17,10,0.3] 0 
diameter[17,10,0.35] 0 
diameter[17,10,0.4] 0 
diameter[17,10,0.45] 0 
diameter[17,10,0.5] 0 
diameter[17,10,0.6] 0 
diameter[17,18,0.05] 0 
diameter[17,18,0.06] 0 
diameter[17,18,0.08] 0 
diameter[17,18,0.1] 1 
diameter[17,18,0.15] 0 
diameter[17,18,0.2] 0 
diameter[17,18,0.25] 0 
diameter[17,18,0.3] 0 
diameter[17,18,0.35] 0 
diameter[17,18,0.4] 0 
diameter[17,18,0.45] 0 
diameter[17,18,0.5] 0 
diameter[17,18,0.6] 0 
diameter[18,12,0.05] 0 
diameter[18,12,0.06] 0 
diameter[18,12,0.08] 0 
diameter[18,12,0.1] 1 
diameter[18,12,0.15] 0 
diameter[18,12,0.2] 0 
diameter[18,12,0.25] 0 
diameter[18,12,0.3] 0 
diameter[18,12,0.35] 0 
diameter[18,12,0.4] 0 
diameter[18,12,0.45] 0 
diameter[18,12,0.5] 0 
diameter[18,12,0.6] 0 
diameter[19,22,0.05] 1 
diameter[19,22,0.06] 0 
diameter[19,22,0.08] 0 
diameter[19,22,0.1] 0 
diameter[19,22,0.15] 0 
diameter[19,22,0.2] 0 
diameter[19,22,0.25] 0 
diameter[19,22,0.3] 0 
diameter[19,22,0.35] 0 
diameter[19,22,0.4] 0 
diameter[19,22,0.45] 0 
diameter[19,22,0.5] 0 
diameter[19,22,0.6] 0 
diameter[19,20,0.05] 0 
diameter[19,20,0.06] 0 
diameter[19,20,0.08] 0 
diameter[19,20,0.1] 1 
diameter[19,20,0.15] 0 
diameter[19,20,0.2] 0 
diameter[19,20,0.25] 0 
diameter[19,20,0.3] 0 
diameter[19,20,0.35] 0 
diameter[19,20,0.4] 0 
diameter[19,20,0.45] 0 
diameter[19,20,0.5] 0 
diameter[19,20,0.6] 0 
diameter[20,13,0.05] 1 
diameter[20,13,0.06] 0 
diameter[20,13,0.08] 0 
diameter[20,13,0.1] 0 
diameter[20,13,0.15] 0 
diameter[20,13,0.2] 0 
diameter[20,13,0.25] 0 
diameter[20,13,0.3] 0 
diameter[20,13,0.35] 0 
diameter[20,13,0.4] 0 
diameter[20,13,0.45] 0 
diameter[20,13,0.5] 0 
diameter[20,13,0.6] 0 
diameter[20,23,0.05] 0 
diameter[20,23,0.06] 0 
diameter[20,23,0.08] 0 
diameter[20,23,0.1] 1 
diameter[20,23,0.15] 0 
diameter[20,23,0.2] 0 
diameter[20,23,0.25] 0 
diameter[20,23,0.3] 0 
diameter[20,23,0.35] 0 
diameter[20,23,0.4] 0 
diameter[20,23,0.45] 0 
diameter[20,23,0.5] 0 
diameter[20,23,0.6] 0 
diameter[21,16,0.05] 0 
diameter[21,16,0.06] 0 
diameter[21,16,0.08] 0 
diameter[21,16,0.1] -0 
diameter[21,16,0.15] 1 
diameter[21,16,0.2] 0 
diameter[21,16,0.25] 0 
diameter[21,16,0.3] 0 
diameter[21,16,0.35] 0 
diameter[21,16,0.4] 0 
diameter[21,16,0.45] 0 
diameter[21,16,0.5] 0 
diameter[21,16,0.6] 0 
diameter[22,26,0.05] 1 
diameter[22,26,0.06] 0 
diameter[22,26,0.08] 0 
diameter[22,26,0.1] 0 
diameter[22,26,0.15] 0 
diameter[22,26,0.2] 0 
diameter[22,26,0.25] 0 
diameter[22,26,0.3] 0 
diameter[22,26,0.35] 0 
diameter[22,26,0.4] 0 
diameter[22,26,0.45] 0 
diameter[22,26,0.5] 0 
diameter[22,26,0.6] 0 
diameter[23,27,0.05] 0 
diameter[23,27,0.06] 0 
diameter[23,27,0.08] 0 
diameter[23,27,0.1] 1 
diameter[23,27,0.15] 0 
diameter[23,27,0.2] 0 
diameter[23,27,0.25] 0 
diameter[23,27,0.3] 0 
diameter[23,27,0.35] 0 
diameter[23,27,0.4] 0 
diameter[23,27,0.45] 0 
diameter[23,27,0.5] 0 
diameter[23,27,0.6] 0 
diameter[24,21,0.05] 0 
diameter[24,21,0.06] 0 
diameter[24,21,0.08] 0 
diameter[24,21,0.1] 1 
diameter[24,21,0.15] 0 
diameter[24,21,0.2] 0 
diameter[24,21,0.25] 0 
diameter[24,21,0.3] 0 
diameter[24,21,0.35] 0 
diameter[24,21,0.4] 0 
diameter[24,21,0.45] 0 
diameter[24,21,0.5] 0 
diameter[24,21,0.6] 0 
diameter[27,30,0.05] 0 
diameter[27,30,0.06] 0 
diameter[27,30,0.08] 0 
diameter[27,30,0.1] 1 
diameter[27,30,0.15] 0 
diameter[27,30,0.2] 0 
diameter[27,30,0.25] 0 
diameter[27,30,0.3] 0 
diameter[27,30,0.35] 0 
diameter[27,30,0.4] 0 
diameter[27,30,0.45] 0 
diameter[27,30,0.5] 0 
diameter[27,30,0.6] 0 
diameter[28,24,0.05] 0 
diameter[28,24,0.06] 0 
diameter[28,24,0.08] 0 
diameter[28,24,0.1] 1 
diameter[28,24,0.15] 0 
diameter[28,24,0.2] 0 
diameter[28,24,0.25] 0 
diameter[28,24,0.3] 0 
diameter[28,24,0.35] 0 
diameter[28,24,0.4] 0 
diameter[28,24,0.45] 0 
diameter[28,24,0.5] 0 
diameter[28,24,0.6] 0 
diameter[29,28,0.05] 0 
diameter[29,28,0.06] 0 
diameter[29,28,0.08] 0 
diameter[29,28,0.1] 1 
diameter[29,28,0.15] 0 
diameter[29,28,0.2] 0 
diameter[29,28,0.25] 0 
diameter[29,28,0.3] 0 
diameter[29,28,0.35] 0 
diameter[29,28,0.4] 0 
diameter[29,28,0.45] 0 
diameter[29,28,0.5] 0 
diameter[29,28,0.6] 0 
diameter[30,35,0.05] 0 
diameter[30,35,0.06] 0 
diameter[30,35,0.08] 0 
diameter[30,35,0.1] 1 
diameter[30,35,0.15] 0 
diameter[30,35,0.2] 0 
diameter[30,35,0.25] 0 
diameter[30,35,0.3] 0 
diameter[30,35,0.35] 0 
diameter[30,35,0.4] 0 
diameter[30,35,0.45] 0 
diameter[30,35,0.5] 0 
diameter[30,35,0.6] 0 
diameter[31,25,0.05] 1 
diameter[31,25,0.06] 0 
diameter[31,25,0.08] 0 
diameter[31,25,0.1] 0 
diameter[31,25,0.15] 0 
diameter[31,25,0.2] 0 
diameter[31,25,0.25] 0 
diameter[31,25,0.3] 0 
diameter[31,25,0.35] 0 
diameter[31,25,0.4] 0 
diameter[31,25,0.45] 0 
diameter[31,25,0.5] 0 
diameter[31,25,0.6] 0 
diameter[33,29,0.05] 0 
diameter[33,29,0.06] 0 
diameter[33,29,0.08] 0 
diameter[33,29,0.1] -0 
diameter[33,29,0.15] 1 
diameter[33,29,0.2] 0 
diameter[33,29,0.25] 0 
diameter[33,29,0.3] 0 
diameter[33,29,0.35] 0 
diameter[33,29,0.4] 0 
diameter[33,29,0.45] 0 
diameter[33,29,0.5] 0 
diameter[33,29,0.6] 0 
diameter[34,32,0.05] 1 
diameter[34,32,0.06] 0 
diameter[34,32,0.08] 0 
diameter[34,32,0.1] 0 
diameter[34,32,0.15] 0 
diameter[34,32,0.2] 0 
diameter[34,32,0.25] 0 
diameter[34,32,0.3] 0 
diameter[34,32,0.35] 0 
diameter[34,32,0.4] 0 
diameter[34,32,0.45] 0 
diameter[34,32,0.5] 0 
diameter[34,32,0.6] 0 
diameter[35,38,0.05] 0 
diameter[35,38,0.06] 0 
diameter[35,38,0.08] 0 
diameter[35,38,0.1] 1 
diameter[35,38,0.15] 0 
diameter[35,38,0.2] 0 
diameter[35,38,0.25] 0 
diameter[35,38,0.3] 0 
diameter[35,38,0.35] 0 
diameter[35,38,0.4] 0 
diameter[35,38,0.45] 0 
diameter[35,38,0.5] 0 
diameter[35,38,0.6] 0 
diameter[36,31,0.05] 1 
diameter[36,31,0.06] 0 
diameter[36,31,0.08] 0 
diameter[36,31,0.1] 0 
diameter[36,31,0.15] 0 
diameter[36,31,0.2] 0 
diameter[36,31,0.25] 0 
diameter[36,31,0.3] 0 
diameter[36,31,0.35] 0 
diameter[36,31,0.4] 0 
diameter[36,31,0.45] 0 
diameter[36,31,0.5] 0 
diameter[36,31,0.6] 0 
diameter[36,37,0.05] 0 
diameter[36,37,0.06] 0 
diameter[36,37,0.08] 0 
diameter[36,37,0.1] 0 
diameter[36,37,0.15] 1 
diameter[36,37,0.2] 0 
diameter[36,37,0.25] 0 
diameter[36,37,0.3] 0 
diameter[36,37,0.35] 0 
diameter[36,37,0.4] 0 
diameter[36,37,0.45] 0 
diameter[36,37,0.5] 0 
diameter[36,37,0.6] 0 
diameter[37,33,0.05] 0 
diameter[37,33,0.06] 0 
diameter[37,33,0.08] 0 
diameter[37,33,0.1] -0 
diameter[37,33,0.15] 1 
diameter[37,33,0.2] 0 
diameter[37,33,0.25] 0 
diameter[37,33,0.3] 0 
diameter[37,33,0.35] 0 
diameter[37,33,0.4] 0 
diameter[37,33,0.45] 0 
diameter[37,33,0.5] 0 
diameter[37,33,0.6] 0 
diameter[37,39,0.05] 1 
diameter[37,39,0.06] 0 
diameter[37,39,0.08] 0 
diameter[37,39,0.1] 0 
diameter[37,39,0.15] 0 
diameter[37,39,0.2] 0 
diameter[37,39,0.25] 0 
diameter[37,39,0.3] 0 
diameter[37,39,0.35] 0 
diameter[37,39,0.4] 0 
diameter[37,39,0.45] 0 
diameter[37,39,0.5] 0 
diameter[37,39,0.6] 0 
diameter[38,42,0.05] 0 
diameter[38,42,0.06] 0 
diameter[38,42,0.08] 0 
diameter[38,42,0.1] 1 
diameter[38,42,0.15] 0 
diameter[38,42,0.2] 0 
diameter[38,42,0.25] 0 
diameter[38,42,0.3] 0 
diameter[38,42,0.35] 0 
diameter[38,42,0.4] 0 
diameter[38,42,0.45] 0 
diameter[38,42,0.5] 0 
diameter[38,42,0.6] 0 
diameter[40,34,0.05] 1 
diameter[40,34,0.06] 0 
diameter[40,34,0.08] 0 
diameter[40,34,0.1] 0 
diameter[40,34,0.15] 0 
diameter[40,34,0.2] 0 
diameter[40,34,0.25] 0 
diameter[40,34,0.3] 0 
diameter[40,34,0.35] 0 
diameter[40,34,0.4] 0 
diameter[40,34,0.45] 0 
diameter[40,34,0.5] 0 
diameter[40,34,0.6] 0 
diameter[41,36,0.05] 0 
diameter[41,36,0.06] 0 
diameter[41,36,0.08] 0 
diameter[41,36,0.1] 0 
diameter[41,36,0.15] 1 
diameter[41,36,0.2] 0 
diameter[41,36,0.25] 0 
diameter[41,36,0.3] 0 
diameter[41,36,0.35] 0 
diameter[41,36,0.4] 0 
diameter[41,36,0.45] 0 
diameter[41,36,0.5] 0 
diameter[41,36,0.6] 0 
diameter[42,43,0.05] 1 
diameter[42,43,0.06] 0 
diameter[42,43,0.08] 0 
diameter[42,43,0.1] 0 
diameter[42,43,0.15] 0 
diameter[42,43,0.2] 0 
diameter[42,43,0.25] 0 
diameter[42,43,0.3] 0 
diameter[42,43,0.35] 0 
diameter[42,43,0.4] 0 
diameter[42,43,0.45] 0 
diameter[42,43,0.5] 0 
diameter[42,43,0.6] 0 
diameter[42,46,0.05] 0 
diameter[42,46,0.06] 0 
diameter[42,46,0.08] 0 
diameter[42,46,0.1] 1 
diameter[42,46,0.15] 0 
diameter[42,46,0.2] 0 
diameter[42,46,0.25] 0 
diameter[42,46,0.3] 0 
diameter[42,46,0.35] 0 
diameter[42,46,0.4] 0 
diameter[42,46,0.45] 0 
diameter[42,46,0.5] 0 
diameter[42,46,0.6] 0 
diameter[43,40,0.05] 1 
diameter[43,40,0.06] 0 
diameter[43,40,0.08] 0 
diameter[43,40,0.1] 0 
diameter[43,40,0.15] 0 
diameter[43,40,0.2] 0 
diameter[43,40,0.25] 0 
diameter[43,40,0.3] 0 
diameter[43,40,0.35] 0 
diameter[43,40,0.4] 0 
diameter[43,40,0.45] 0 
diameter[43,40,0.5] 0 
diameter[43,40,0.6] 0 
diameter[44,45,0.05] 0 
diameter[44,45,0.06] 0 
diameter[44,45,0.08] 0 
diameter[44,45,0.1] 0 
diameter[44,45,0.15] 1 
diameter[44,45,0.2] 0 
diameter[44,45,0.25] 0 
diameter[44,45,0.3] 0 
diameter[44,45,0.35] 0 
diameter[44,45,0.4] 0 
diameter[44,45,0.45] 0 
diameter[44,45,0.5] 0 
diameter[44,45,0.6] 0 
diameter[45,41,0.05] 0 
diameter[45,41,0.06] 0 
diameter[45,41,0.08] 0 
diameter[45,41,0.1] 0 
diameter[45,41,0.15] 1 
diameter[45,41,0.2] 0 
diameter[45,41,0.25] 0 
diameter[45,41,0.3] 0 
diameter[45,41,0.35] 0 
diameter[45,41,0.4] 0 
diameter[45,41,0.45] 0 
diameter[45,41,0.5] 0 
diameter[45,41,0.6] 0 
diameter[45,50,0.05] 1 
diameter[45,50,0.06] 0 
diameter[45,50,0.08] 0 
diameter[45,50,0.1] 0 
diameter[45,50,0.15] 0 
diameter[45,50,0.2] 0 
diameter[45,50,0.25] 0 
diameter[45,50,0.3] 0 
diameter[45,50,0.35] 0 
diameter[45,50,0.4] 0 
diameter[45,50,0.45] 0 
diameter[45,50,0.5] 0 
diameter[45,50,0.6] 0 
diameter[46,48,0.05] 0 
diameter[46,48,0.06] 0 
diameter[46,48,0.08] -0 
diameter[46,48,0.1] 1 
diameter[46,48,0.15] 0 
diameter[46,48,0.2] 0 
diameter[46,48,0.25] 0 
diameter[46,48,0.3] 0 
diameter[46,48,0.35] 0 
diameter[46,48,0.4] 0 
diameter[46,48,0.45] 0 
diameter[46,48,0.5] 0 
diameter[46,48,0.6] 0 
diameter[47,44,0.05] 0 
diameter[47,44,0.06] 0 
diameter[47,44,0.08] 0 
diameter[47,44,0.1] 0 
diameter[47,44,0.15] 1 
diameter[47,44,0.2] 0 
diameter[47,44,0.25] 0 
diameter[47,44,0.3] 0 
diameter[47,44,0.35] 0 
diameter[47,44,0.4] 0 
diameter[47,44,0.45] 0 
diameter[47,44,0.5] 0 
diameter[47,44,0.6] 0 
diameter[48,54,0.05] 0 
diameter[48,54,0.06] 0 
diameter[48,54,0.08] -0 
diameter[48,54,0.1] 1 
diameter[48,54,0.15] 0 
diameter[48,54,0.2] 0 
diameter[48,54,0.25] 0 
diameter[48,54,0.3] 0 
diameter[48,54,0.35] 0 
diameter[48,54,0.4] 0 
diameter[48,54,0.45] 0 
diameter[48,54,0.5] 0 
diameter[48,54,0.6] 0 
diameter[48,51,0.05] 1 
diameter[48,51,0.06] 0 
diameter[48,51,0.08] 0 
diameter[48,51,0.1] 0 
diameter[48,51,0.15] 0 
diameter[48,51,0.2] 0 
diameter[48,51,0.25] 0 
diameter[48,51,0.3] 0 
diameter[48,51,0.35] 0 
diameter[48,51,0.4] 0 
diameter[48,51,0.45] 0 
diameter[48,51,0.5] 0 
diameter[48,51,0.6] 0 
diameter[49,59,0.05] 1 
diameter[49,59,0.06] 0 
diameter[49,59,0.08] 0 
diameter[49,59,0.1] 0 
diameter[49,59,0.15] 0 
diameter[49,59,0.2] 0 
diameter[49,59,0.25] 0 
diameter[49,59,0.3] 0 
diameter[49,59,0.35] 0 
diameter[49,59,0.4] 0 
diameter[49,59,0.45] 0 
diameter[49,59,0.5] 0 
diameter[49,59,0.6] 0 
diameter[50,49,0.05] 1 
diameter[50,49,0.06] 0 
diameter[50,49,0.08] 0 
diameter[50,49,0.1] 0 
diameter[50,49,0.15] 0 
diameter[50,49,0.2] 0 
diameter[50,49,0.25] 0 
diameter[50,49,0.3] 0 
diameter[50,49,0.35] 0 
diameter[50,49,0.4] 0 
diameter[50,49,0.45] 0 
diameter[50,49,0.5] 0 
diameter[50,49,0.6] 0 
diameter[51,57,0.05] 1 
diameter[51,57,0.06] 0 
diameter[51,57,0.08] 0 
diameter[51,57,0.1] 0 
diameter[51,57,0.15] 0 
diameter[51,57,0.2] 0 
diameter[51,57,0.25] 0 
diameter[51,57,0.3] 0 
diameter[51,57,0.35] 0 
diameter[51,57,0.4] 0 
diameter[51,57,0.45] 0 
diameter[51,57,0.5] 0 
diameter[51,57,0.6] 0 
diameter[52,53,0.05] 1 
diameter[52,53,0.06] 0 
diameter[52,53,0.08] 0 
diameter[52,53,0.1] 0 
diameter[52,53,0.15] 0 
diameter[52,53,0.2] 0 
diameter[52,53,0.25] 0 
diameter[52,53,0.3] 0 
diameter[52,53,0.35] 0 
diameter[52,53,0.4] 0 
diameter[52,53,0.45] 0 
diameter[52,53,0.5] 0 
diameter[52,53,0.6] 0 
diameter[53,55,0.05] -0 
diameter[53,55,0.06] 1 
diameter[53,55,0.08] 0 
diameter[53,55,0.1] 0 
diameter[53,55,0.15] 0 
diameter[53,55,0.2] 0 
diameter[53,55,0.25] 0 
diameter[53,55,0.3] 0 
diameter[53,55,0.35] 0 
diameter[53,55,0.4] 0 
diameter[53,55,0.45] 0 
diameter[53,55,0.5] 0 
diameter[53,55,0.6] 0 
diameter[54,52,0.05] -0 
diameter[54,52,0.06] 1 
diameter[54,52,0.08] 0 
diameter[54,52,0.1] 0 
diameter[54,52,0.15] 0 
diameter[54,52,0.2] 0 
diameter[54,52,0.25] 0 
diameter[54,52,0.3] 0 
diameter[54,52,0.35] 0 
diameter[54,52,0.4] 0 
diameter[54,52,0.45] 0 
diameter[54,52,0.5] 0 
diameter[54,52,0.6] 0 
diameter[54,58,0.05] 0 
diameter[54,58,0.06] -0 
diameter[54,58,0.08] -0 
diameter[54,58,0.1] 1 
diameter[54,58,0.15] 0 
diameter[54,58,0.2] 0 
diameter[54,58,0.25] 0 
diameter[54,58,0.3] 0 
diameter[54,58,0.35] 0 
diameter[54,58,0.4] 0 
diameter[54,58,0.45] 0 
diameter[54,58,0.5] 0 
diameter[54,58,0.6] 0 
diameter[55,56,0.05] 1 
diameter[55,56,0.06] 0 
diameter[55,56,0.08] 0 
diameter[55,56,0.1] 0 
diameter[55,56,0.15] 0 
diameter[55,56,0.2] 0 
diameter[55,56,0.25] 0 
diameter[55,56,0.3] 0 
diameter[55,56,0.35] 0 
diameter[55,56,0.4] 0 
diameter[55,56,0.45] 0 
diameter[55,56,0.5] 0 
diameter[55,56,0.6] 0 
diameter[55,63,0.05] 1 
diameter[55,63,0.06] 0 
diameter[55,63,0.08] 0 
diameter[55,63,0.1] 0 
diameter[55,63,0.15] 0 
diameter[55,63,0.2] 0 
diameter[55,63,0.25] 0 
diameter[55,63,0.3] 0 
diameter[55,63,0.35] 0 
diameter[55,63,0.4] 0 
diameter[55,63,0.45] 0 
diameter[55,63,0.5] 0 
diameter[55,63,0.6] 0 
diameter[58,61,0.05] -0 
diameter[58,61,0.06] -0 
diameter[58,61,0.08] 1 
diameter[58,61,0.1] 0 
diameter[58,61,0.15] 0 
diameter[58,61,0.2] 0 
diameter[58,61,0.25] 0 
diameter[58,61,0.3] 0 
diameter[58,61,0.35] 0 
diameter[58,61,0.4] 0 
diameter[58,61,0.45] 0 
diameter[58,61,0.5] 0 
diameter[58,61,0.6] 0 
diameter[60,47,0.05] 0 
diameter[60,47,0.06] 0 
diameter[60,47,0.08] 0 
diameter[60,47,0.1] 0 
diameter[60,47,0.15] 1 
diameter[60,47,0.2] 0 
diameter[60,47,0.25] 0 
diameter[60,47,0.3] 0 
diameter[60,47,0.35] 0 
diameter[60,47,0.4] 0 
diameter[60,47,0.45] 0 
diameter[60,47,0.5] 0 
diameter[60,47,0.6] 0 
diameter[61,66,0.05] -0 
diameter[61,66,0.06] 1 
diameter[61,66,0.08] 0 
diameter[61,66,0.1] 0 
diameter[61,66,0.15] 0 
diameter[61,66,0.2] 0 
diameter[61,66,0.25] 0 
diameter[61,66,0.3] 0 
diameter[61,66,0.35] 0 
diameter[61,66,0.4] 0 
diameter[61,66,0.45] 0 
diameter[61,66,0.5] 0 
diameter[61,66,0.6] 0 
diameter[62,60,0.05] 0 
diameter[62,60,0.06] 0 
diameter[62,60,0.08] 0 
diameter[62,60,0.1] 0 
diameter[62,60,0.15] 1 
diameter[62,60,0.2] 0 
diameter[62,60,0.25] 0 
diameter[62,60,0.3] 0 
diameter[62,60,0.35] 0 
diameter[62,60,0.4] 0 
diameter[62,60,0.45] 0 
diameter[62,60,0.5] 0 
diameter[62,60,0.6] 0 
diameter[63,69,0.05] 1 
diameter[63,69,0.06] 0 
diameter[63,69,0.08] 0 
diameter[63,69,0.1] 0 
diameter[63,69,0.15] 0 
diameter[63,69,0.2] 0 
diameter[63,69,0.25] 0 
diameter[63,69,0.3] 0 
diameter[63,69,0.35] 0 
diameter[63,69,0.4] 0 
diameter[63,69,0.45] 0 
diameter[63,69,0.5] 0 
diameter[63,69,0.6] 0 
diameter[64,67,0.05] 1 
diameter[64,67,0.06] 0 
diameter[64,67,0.08] 0 
diameter[64,67,0.1] 0 
diameter[64,67,0.15] 0 
diameter[64,67,0.2] 0 
diameter[64,67,0.25] 0 
diameter[64,67,0.3] 0 
diameter[64,67,0.35] 0 
diameter[64,67,0.4] 0 
diameter[64,67,0.45] 0 
diameter[64,67,0.5] 0 
diameter[64,67,0.6] 0 
diameter[65,62,0.05] 0 
diameter[65,62,0.06] 0 
diameter[65,62,0.08] 0 
diameter[65,62,0.1] 0 
diameter[65,62,0.15] 1 
diameter[65,62,0.2] 0 
diameter[65,62,0.25] 0 
diameter[65,62,0.3] 0 
diameter[65,62,0.35] 0 
diameter[65,62,0.4] 0 
diameter[65,62,0.45] 0 
diameter[65,62,0.5] 0 
diameter[65,62,0.6] 0 
diameter[65,64,0.05] 1 
diameter[65,64,0.06] 0 
diameter[65,64,0.08] 0 
diameter[65,64,0.1] 0 
diameter[65,64,0.15] 0 
diameter[65,64,0.2] 0 
diameter[65,64,0.25] 0 
diameter[65,64,0.3] 0 
diameter[65,64,0.35] 0 
diameter[65,64,0.4] 0 
diameter[65,64,0.45] 0 
diameter[65,64,0.5] 0 
diameter[65,64,0.6] 0 
diameter[66,70,0.05] -0 
diameter[66,70,0.06] 1 
diameter[66,70,0.08] 0 
diameter[66,70,0.1] 0 
diameter[66,70,0.15] 0 
diameter[66,70,0.2] 0 
diameter[66,70,0.25] 0 
diameter[66,70,0.3] 0 
diameter[66,70,0.35] 0 
diameter[66,70,0.4] 0 
diameter[66,70,0.45] 0 
diameter[66,70,0.5] 0 
diameter[66,70,0.6] 0 
diameter[68,65,0.05] 0 
diameter[68,65,0.06] 0 
diameter[68,65,0.08] 0 
diameter[68,65,0.1] 0 
diameter[68,65,0.15] 1 
diameter[68,65,0.2] 0 
diameter[68,65,0.25] 0 
diameter[68,65,0.3] 0 
diameter[68,65,0.35] 0 
diameter[68,65,0.4] 0 
diameter[68,65,0.45] 0 
diameter[68,65,0.5] 0 
diameter[68,65,0.6] 0 
diameter[71,68,0.05] 0 
diameter[71,68,0.06] 0 
diameter[71,68,0.08] 0 
diameter[71,68,0.1] 0 
diameter[71,68,0.15] 1 
diameter[71,68,0.2] 0 
diameter[71,68,0.25] 0 
diameter[71,68,0.3] 0 
diameter[71,68,0.35] 0 
diameter[71,68,0.4] 0 
diameter[71,68,0.45] 0 
diameter[71,68,0.5] 0 
diameter[71,68,0.6] 0 
diameter[73,71,0.05] 0 
diameter[73,71,0.06] 0 
diameter[73,71,0.08] 0 
diameter[73,71,0.1] 0 
diameter[73,71,0.15] 1 
diameter[73,71,0.2] 0 
diameter[73,71,0.25] 0 
diameter[73,71,0.3] 0 
diameter[73,71,0.35] 0 
diameter[73,71,0.4] 0 
diameter[73,71,0.45] 0 
diameter[73,71,0.5] 0 
diameter[73,71,0.6] 0 
diameter[74,72,0.05] 1 
diameter[74,72,0.06] 0 
diameter[74,72,0.08] 0 
diameter[74,72,0.1] 0 
diameter[74,72,0.15] 0 
diameter[74,72,0.2] 0 
diameter[74,72,0.25] 0 
diameter[74,72,0.3] 0 
diameter[74,72,0.35] 0 
diameter[74,72,0.4] 0 
diameter[74,72,0.45] 0 
diameter[74,72,0.5] 0 
diameter[74,72,0.6] 0 
diameter[75,73,0.05] 0 
diameter[75,73,0.06] 0 
diameter[75,73,0.08] 0 
diameter[75,73,0.1] 0 
diameter[75,73,0.15] 1 
diameter[75,73,0.2] 0 
diameter[75,73,0.25] 0 
diameter[75,73,0.3] 0 
diameter[75,73,0.35] 0 
diameter[75,73,0.4] 0 
diameter[75,73,0.45] 0 
diameter[75,73,0.5] 0 
diameter[75,73,0.6] 0 
diameter[75,74,0.05] 1 
diameter[75,74,0.06] 0 
diameter[75,74,0.08] 0 
diameter[75,74,0.1] 0 
diameter[75,74,0.15] 0 
diameter[75,74,0.2] 0 
diameter[75,74,0.25] 0 
diameter[75,74,0.3] 0 
diameter[75,74,0.35] 0 
diameter[75,74,0.4] 0 
diameter[75,74,0.45] 0 
diameter[75,74,0.5] 0 
diameter[75,74,0.6] 0 
diameter[76,79,0.05] 1 
diameter[76,79,0.06] 0 
diameter[76,79,0.08] 0 
diameter[76,79,0.1] 0 
diameter[76,79,0.15] 0 
diameter[76,79,0.2] 0 
diameter[76,79,0.25] 0 
diameter[76,79,0.3] 0 
diameter[76,79,0.35] 0 
diameter[76,79,0.4] 0 
diameter[76,79,0.45] 0 
diameter[76,79,0.5] 0 
diameter[76,79,0.6] 0 
diameter[76,78,0.05] 1 
diameter[76,78,0.06] 0 
diameter[76,78,0.08] 0 
diameter[76,78,0.1] 0 
diameter[76,78,0.15] 0 
diameter[76,78,0.2] 0 
diameter[76,78,0.25] 0 
diameter[76,78,0.3] 0 
diameter[76,78,0.35] 0 
diameter[76,78,0.4] 0 
diameter[76,78,0.45] 0 
diameter[76,78,0.5] 0 
diameter[76,78,0.6] 0 
diameter[77,76,0.05] 1 
diameter[77,76,0.06] 0 
diameter[77,76,0.08] 0 
diameter[77,76,0.1] 0 
diameter[77,76,0.15] 0 
diameter[77,76,0.2] 0 
diameter[77,76,0.25] 0 
diameter[77,76,0.3] 0 
diameter[77,76,0.35] 0 
diameter[77,76,0.4] 0 
diameter[77,76,0.45] 0 
diameter[77,76,0.5] 0 
diameter[77,76,0.6] 0 
diameter[78,82,0.05] 1 
diameter[78,82,0.06] 0 
diameter[78,82,0.08] 0 
diameter[78,82,0.1] 0 
diameter[78,82,0.15] 0 
diameter[78,82,0.2] 0 
diameter[78,82,0.25] 0 
diameter[78,82,0.3] 0 
diameter[78,82,0.35] 0 
diameter[78,82,0.4] 0 
diameter[78,82,0.45] 0 
diameter[78,82,0.5] 0 
diameter[78,82,0.6] 0 
diameter[80,75,0.05] 0 
diameter[80,75,0.06] 0 
diameter[80,75,0.08] 0 
diameter[80,75,0.1] 0 
diameter[80,75,0.15] 1 
diameter[80,75,0.2] 0 
diameter[80,75,0.25] 0 
diameter[80,75,0.3] 0 
diameter[80,75,0.35] 0 
diameter[80,75,0.4] 0 
diameter[80,75,0.45] 0 
diameter[80,75,0.5] 0 
diameter[80,75,0.6] 0 
diameter[80,84,0.05] 1 
diameter[80,84,0.06] 0 
diameter[80,84,0.08] 0 
diameter[80,84,0.1] 0 
diameter[80,84,0.15] 0 
diameter[80,84,0.2] 0 
diameter[80,84,0.25] 0 
diameter[80,84,0.3] 0 
diameter[80,84,0.35] 0 
diameter[80,84,0.4] 0 
diameter[80,84,0.45] 0 
diameter[80,84,0.5] 0 
diameter[80,84,0.6] 0 
diameter[81,77,0.05] 1 
diameter[81,77,0.06] 0 
diameter[81,77,0.08] 0 
diameter[81,77,0.1] 0 
diameter[81,77,0.15] 0 
diameter[81,77,0.2] 0 
diameter[81,77,0.25] 0 
diameter[81,77,0.3] 0 
diameter[81,77,0.35] 0 
diameter[81,77,0.4] 0 
diameter[81,77,0.45] 0 
diameter[81,77,0.5] 0 
diameter[81,77,0.6] 0 
diameter[81,80,0.05] 0 
diameter[81,80,0.06] 0 
diameter[81,80,0.08] 0 
diameter[81,80,0.1] 0 
diameter[81,80,0.15] 1 
diameter[81,80,0.2] 0 
diameter[81,80,0.25] 0 
diameter[81,80,0.3] 0 
diameter[81,80,0.35] 0 
diameter[81,80,0.4] 0 
diameter[81,80,0.45] 0 
diameter[81,80,0.5] 0 
diameter[81,80,0.6] 0 
diameter[82,83,0.05] 1 
diameter[82,83,0.06] 0 
diameter[82,83,0.08] 0 
diameter[82,83,0.1] 0 
diameter[82,83,0.15] 0 
diameter[82,83,0.2] 0 
diameter[82,83,0.25] 0 
diameter[82,83,0.3] 0 
diameter[82,83,0.35] 0 
diameter[82,83,0.4] 0 
diameter[82,83,0.45] 0 
diameter[82,83,0.5] 0 
diameter[82,83,0.6] 0 
diameter[82,89,0.05] 1 
diameter[82,89,0.06] 0 
diameter[82,89,0.08] 0 
diameter[82,89,0.1] 0 
diameter[82,89,0.15] 0 
diameter[82,89,0.2] 0 
diameter[82,89,0.25] 0 
diameter[82,89,0.3] 0 
diameter[82,89,0.35] 0 
diameter[82,89,0.4] 0 
diameter[82,89,0.45] 0 
diameter[82,89,0.5] 0 
diameter[82,89,0.6] 0 
diameter[84,85,0.05] 1 
diameter[84,85,0.06] 0 
diameter[84,85,0.08] 0 
diameter[84,85,0.1] 0 
diameter[84,85,0.15] 0 
diameter[84,85,0.2] 0 
diameter[84,85,0.25] 0 
diameter[84,85,0.3] 0 
diameter[84,85,0.35] 0 
diameter[84,85,0.4] 0 
diameter[84,85,0.45] 0 
diameter[84,85,0.5] 0 
diameter[84,85,0.6] 0 
diameter[86,81,0.05] 0 
diameter[86,81,0.06] 0 
diameter[86,81,0.08] 0 
diameter[86,81,0.1] 0 
diameter[86,81,0.15] 1 
diameter[86,81,0.2] 0 
diameter[86,81,0.25] 0 
diameter[86,81,0.3] 0 
diameter[86,81,0.35] 0 
diameter[86,81,0.4] 0 
diameter[86,81,0.45] 0 
diameter[86,81,0.5] 0 
diameter[86,81,0.6] 0 
diameter[87,86,0.05] 0 
diameter[87,86,0.06] 0 
diameter[87,86,0.08] 0 
diameter[87,86,0.1] 0 
diameter[87,86,0.15] 1 
diameter[87,86,0.2] 0 
diameter[87,86,0.25] 0 
diameter[87,86,0.3] 0 
diameter[87,86,0.35] 0 
diameter[87,86,0.4] 0 
diameter[87,86,0.45] 0 
diameter[87,86,0.5] 0 
diameter[87,86,0.6] 0 
diameter[88,87,0.05] 0 
diameter[88,87,0.06] 0 
diameter[88,87,0.08] 0 
diameter[88,87,0.1] 0 
diameter[88,87,0.15] 1 
diameter[88,87,0.2] 0 
diameter[88,87,0.25] 0 
diameter[88,87,0.3] 0 
diameter[88,87,0.35] 0 
diameter[88,87,0.4] 0 
diameter[88,87,0.45] 0 
diameter[88,87,0.5] 0 
diameter[88,87,0.6] 0 
diameter[90,88,0.05] 0 
diameter[90,88,0.06] 0 
diameter[90,88,0.08] 0 
diameter[90,88,0.1] 0 
diameter[90,88,0.15] 1 
diameter[90,88,0.2] 0 
diameter[90,88,0.25] 0 
diameter[90,88,0.3] 0 
diameter[90,88,0.35] 0 
diameter[90,88,0.4] 0 
diameter[90,88,0.45] 0 
diameter[90,88,0.5] 0 
diameter[90,88,0.6] 0 
diameter[90,91,0.05] 1 
diameter[90,91,0.06] 0 
diameter[90,91,0.08] 0 
diameter[90,91,0.1] 0 
diameter[90,91,0.15] 0 
diameter[90,91,0.2] 0 
diameter[90,91,0.25] 0 
diameter[90,91,0.3] 0 
diameter[90,91,0.35] 0 
diameter[90,91,0.4] 0 
diameter[90,91,0.45] 0 
diameter[90,91,0.5] 0 
diameter[90,91,0.6] 0 
diameter[93,90,0.05] 0 
diameter[93,90,0.06] 0 
diameter[93,90,0.08] 0 
diameter[93,90,0.1] 0 
diameter[93,90,0.15] 1 
diameter[93,90,0.2] 0 
diameter[93,90,0.25] 0 
diameter[93,90,0.3] 0 
diameter[93,90,0.35] 0 
diameter[93,90,0.4] 0 
diameter[93,90,0.45] 0 
diameter[93,90,0.5] 0 
diameter[93,90,0.6] 0 
diameter[93,95,0.05] 1 
diameter[93,95,0.06] 0 
diameter[93,95,0.08] 0 
diameter[93,95,0.1] 0 
diameter[93,95,0.15] 0 
diameter[93,95,0.2] 0 
diameter[93,95,0.25] 0 
diameter[93,95,0.3] 0 
diameter[93,95,0.35] 0 
diameter[93,95,0.4] 0 
diameter[93,95,0.45] 0 
diameter[93,95,0.5] 0 
diameter[93,95,0.6] 0 
diameter[94,92,0.05] 1 
diameter[94,92,0.06] 0 
diameter[94,92,0.08] 0 
diameter[94,92,0.1] 0 
diameter[94,92,0.15] 0 
diameter[94,92,0.2] 0 
diameter[94,92,0.25] 0 
diameter[94,92,0.3] 0 
diameter[94,92,0.35] 0 
diameter[94,92,0.4] 0 
diameter[94,92,0.45] 0 
diameter[94,92,0.5] 0 
diameter[94,92,0.6] 0 
diameter[94,93,0.05] 0 
diameter[94,93,0.06] 0 
diameter[94,93,0.08] 0 
diameter[94,93,0.1] 0 
diameter[94,93,0.15] 1 
diameter[94,93,0.2] 0 
diameter[94,93,0.25] 0 
diameter[94,93,0.3] 0 
diameter[94,93,0.35] 0 
diameter[94,93,0.4] 0 
diameter[94,93,0.45] 0 
diameter[94,93,0.5] 0 
diameter[94,93,0.6] 0 
diameter[95,97,0.05] 1 
diameter[95,97,0.06] 0 
diameter[95,97,0.08] 0 
diameter[95,97,0.1] 0 
diameter[95,97,0.15] 0 
diameter[95,97,0.2] 0 
diameter[95,97,0.25] 0 
diameter[95,97,0.3] 0 
diameter[95,97,0.35] 0 
diameter[95,97,0.4] 0 
diameter[95,97,0.45] 0 
diameter[95,97,0.5] 0 
diameter[95,97,0.6] 0 
diameter[96,94,0.05] 0 
diameter[96,94,0.06] 0 
diameter[96,94,0.08] 0 
diameter[96,94,0.1] 0 
diameter[96,94,0.15] 1 
diameter[96,94,0.2] 0 
diameter[96,94,0.25] 0 
diameter[96,94,0.3] 0 
diameter[96,94,0.35] 0 
diameter[96,94,0.4] 0 
diameter[96,94,0.45] 0 
diameter[96,94,0.5] 0 
diameter[96,94,0.6] 0 
diameter[98,100,0.05] 0 
diameter[98,100,0.06] 0 
diameter[98,100,0.08] 0 
diameter[98,100,0.1] 0 
diameter[98,100,0.15] 1 
diameter[98,100,0.2] 0 
diameter[98,100,0.25] 0 
diameter[98,100,0.3] 0 
diameter[98,100,0.35] 0 
diameter[98,100,0.4] 0 
diameter[98,100,0.45] 0 
diameter[98,100,0.5] 0 
diameter[98,100,0.6] 0 
diameter[98,99,0.05] 0 
diameter[98,99,0.06] 0 
diameter[98,99,0.08] 0 
diameter[98,99,0.1] 0 
diameter[98,99,0.15] 1 
diameter[98,99,0.2] 0 
diameter[98,99,0.25] 0 
diameter[98,99,0.3] 0 
diameter[98,99,0.35] 0 
diameter[98,99,0.4] 0 
diameter[98,99,0.45] 0 
diameter[98,99,0.5] 0 
diameter[98,99,0.6] 0 
diameter[99,96,0.05] 0 
diameter[99,96,0.06] 0 
diameter[99,96,0.08] 0 
diameter[99,96,0.1] 0 
diameter[99,96,0.15] 1 
diameter[99,96,0.2] 0 
diameter[99,96,0.25] 0 
diameter[99,96,0.3] 0 
diameter[99,96,0.35] 0 
diameter[99,96,0.4] 0 
diameter[99,96,0.45] 0 
diameter[99,96,0.5] 0 
diameter[99,96,0.6] 0 
diameter[100,101,0.05] 0 
diameter[100,101,0.06] 0 
diameter[100,101,0.08] 0 
diameter[100,101,0.1] 0 
diameter[100,101,0.15] 1 
diameter[100,101,0.2] 0 
diameter[100,101,0.25] 0 
diameter[100,101,0.3] 0 
diameter[100,101,0.35] 0 
diameter[100,101,0.4] 0 
diameter[100,101,0.45] 0 
diameter[100,101,0.5] 0 
diameter[100,101,0.6] 0 
diameter[101,103,0.05] 0 
diameter[101,103,0.06] 0 
diameter[101,103,0.08] 0 
diameter[101,103,0.1] 0 
diameter[101,103,0.15] 1 
diameter[101,103,0.2] 0 
diameter[101,103,0.25] 0 
diameter[101,103,0.3] 0 
diameter[101,103,0.35] 0 
diameter[101,103,0.4] 0 
diameter[101,103,0.45] 0 
diameter[101,103,0.5] 0 
diameter[101,103,0.6] 0 
diameter[103,105,0.05] 0 
diameter[103,105,0.06] 0 
diameter[103,105,0.08] 0 
diameter[103,105,0.1] 0 
diameter[103,105,0.15] 1 
diameter[103,105,0.2] 0 
diameter[103,105,0.25] 0 
diameter[103,105,0.3] 0 
diameter[103,105,0.35] 0 
diameter[103,105,0.4] 0 
diameter[103,105,0.45] 0 
diameter[103,105,0.5] 0 
diameter[103,105,0.6] 0 
diameter[104,106,0.05] 1 
diameter[104,106,0.06] 0 
diameter[104,106,0.08] 0 
diameter[104,106,0.1] 0 
diameter[104,106,0.15] 0 
diameter[104,106,0.2] 0 
diameter[104,106,0.25] 0 
diameter[104,106,0.3] 0 
diameter[104,106,0.35] 0 
diameter[104,106,0.4] 0 
diameter[104,106,0.45] 0 
diameter[104,106,0.5] 0 
diameter[104,106,0.6] 0 
diameter[105,107,0.05] 0 
diameter[105,107,0.06] 0 
diameter[105,107,0.08] 0 
diameter[105,107,0.1] 0 
diameter[105,107,0.15] 1 
diameter[105,107,0.2] 0 
diameter[105,107,0.25] 0 
diameter[105,107,0.3] 0 
diameter[105,107,0.35] 0 
diameter[105,107,0.4] 0 
diameter[105,107,0.45] 0 
diameter[105,107,0.5] 0 
diameter[105,107,0.6] 0 
diameter[106,102,0.05] 1 
diameter[106,102,0.06] 0 
diameter[106,102,0.08] 0 
diameter[106,102,0.1] 0 
diameter[106,102,0.15] 0 
diameter[106,102,0.2] 0 
diameter[106,102,0.25] 0 
diameter[106,102,0.3] 0 
diameter[106,102,0.35] 0 
diameter[106,102,0.4] 0 
diameter[106,102,0.45] 0 
diameter[106,102,0.5] 0 
diameter[106,102,0.6] 0 
diameter[106,112,0.05] 1 
diameter[106,112,0.06] 0 
diameter[106,112,0.08] 0 
diameter[106,112,0.1] 0 
diameter[106,112,0.15] 0 
diameter[106,112,0.2] 0 
diameter[106,112,0.25] 0 
diameter[106,112,0.3] 0 
diameter[106,112,0.35] 0 
diameter[106,112,0.4] 0 
diameter[106,112,0.45] 0 
diameter[106,112,0.5] 0 
diameter[106,112,0.6] 0 
diameter[107,108,0.05] 1 
diameter[107,108,0.06] 0 
diameter[107,108,0.08] 0 
diameter[107,108,0.1] 0 
diameter[107,108,0.15] 0 
diameter[107,108,0.2] 0 
diameter[107,108,0.25] 0 
diameter[107,108,0.3] 0 
diameter[107,108,0.35] 0 
diameter[107,108,0.4] 0 
diameter[107,108,0.45] 0 
diameter[107,108,0.5] 0 
diameter[107,108,0.6] 0 
diameter[107,111,0.05] 0 
diameter[107,111,0.06] 0 
diameter[107,111,0.08] 0 
diameter[107,111,0.1] 1 
diameter[107,111,0.15] 0 
diameter[107,111,0.2] 0 
diameter[107,111,0.25] 0 
diameter[107,111,0.3] 0 
diameter[107,111,0.35] 0 
diameter[107,111,0.4] 0 
diameter[107,111,0.45] 0 
diameter[107,111,0.5] 0 
diameter[107,111,0.6] 0 
diameter[108,104,0.05] 1 
diameter[108,104,0.06] 0 
diameter[108,104,0.08] 0 
diameter[108,104,0.1] 0 
diameter[108,104,0.15] 0 
diameter[108,104,0.2] 0 
diameter[108,104,0.25] 0 
diameter[108,104,0.3] 0 
diameter[108,104,0.35] 0 
diameter[108,104,0.4] 0 
diameter[108,104,0.45] 0 
diameter[108,104,0.5] 0 
diameter[108,104,0.6] 0 
diameter[108,110,0.05] 1 
diameter[108,110,0.06] 0 
diameter[108,110,0.08] 0 
diameter[108,110,0.1] 0 
diameter[108,110,0.15] 0 
diameter[108,110,0.2] 0 
diameter[108,110,0.25] 0 
diameter[108,110,0.3] 0 
diameter[108,110,0.35] 0 
diameter[108,110,0.4] 0 
diameter[108,110,0.45] 0 
diameter[108,110,0.5] 0 
diameter[108,110,0.6] 0 
diameter[111,114,0.05] 0 
diameter[111,114,0.06] 0 
diameter[111,114,0.08] 0 
diameter[111,114,0.1] 1 
diameter[111,114,0.15] 0 
diameter[111,114,0.2] 0 
diameter[111,114,0.25] 0 
diameter[111,114,0.3] 0 
diameter[111,114,0.35] 0 
diameter[111,114,0.4] 0 
diameter[111,114,0.45] 0 
diameter[111,114,0.5] 0 
diameter[111,114,0.6] 0 
diameter[112,113,0.05] 1 
diameter[112,113,0.06] 0 
diameter[112,113,0.08] 0 
diameter[112,113,0.1] 0 
diameter[112,113,0.15] 0 
diameter[112,113,0.2] 0 
diameter[112,113,0.25] 0 
diameter[112,113,0.3] 0 
diameter[112,113,0.35] 0 
diameter[112,113,0.4] 0 
diameter[112,113,0.45] 0 
diameter[112,113,0.5] 0 
diameter[112,113,0.6] 0 
diameter[113,109,0.05] 1 
diameter[113,109,0.06] 0 
diameter[113,109,0.08] 0 
diameter[113,109,0.1] 0 
diameter[113,109,0.15] 0 
diameter[113,109,0.2] 0 
diameter[113,109,0.25] 0 
diameter[113,109,0.3] 0 
diameter[113,109,0.35] 0 
diameter[113,109,0.4] 0 
diameter[113,109,0.45] 0 
diameter[113,109,0.5] 0 
diameter[113,109,0.6] 0 
diameter[113,115,0.05] 1 
diameter[113,115,0.06] 0 
diameter[113,115,0.08] 0 
diameter[113,115,0.1] 0 
diameter[113,115,0.15] 0 
diameter[113,115,0.2] 0 
diameter[113,115,0.25] 0 
diameter[113,115,0.3] 0 
diameter[113,115,0.35] 0 
diameter[113,115,0.4] 0 
diameter[113,115,0.45] 0 
diameter[113,115,0.5] 0 
diameter[113,115,0.6] 0 
diameter[114,116,0.05] 0 
diameter[114,116,0.06] 0 
diameter[114,116,0.08] 0 
diameter[114,116,0.1] 1 
diameter[114,116,0.15] 0 
diameter[114,116,0.2] 0 
diameter[114,116,0.25] 0 
diameter[114,116,0.3] 0 
diameter[114,116,0.35] 0 
diameter[114,116,0.4] 0 
diameter[114,116,0.45] 0 
diameter[114,116,0.5] 0 
diameter[114,116,0.6] 0 
diameter[115,117,0.05] 1 
diameter[115,117,0.06] 0 
diameter[115,117,0.08] 0 
diameter[115,117,0.1] 0 
diameter[115,117,0.15] 0 
diameter[115,117,0.2] 0 
diameter[115,117,0.25] 0 
diameter[115,117,0.3] 0 
diameter[115,117,0.35] 0 
diameter[115,117,0.4] 0 
diameter[115,117,0.45] 0 
diameter[115,117,0.5] 0 
diameter[115,117,0.6] 0 
diameter[116,118,0.05] 0 
diameter[116,118,0.06] 0 
diameter[116,118,0.08] 0 
diameter[116,118,0.1] 1 
diameter[116,118,0.15] 0 
diameter[116,118,0.2] 0 
diameter[116,118,0.25] 0 
diameter[116,118,0.3] 0 
diameter[116,118,0.35] 0 
diameter[116,118,0.4] 0 
diameter[116,118,0.45] 0 
diameter[116,118,0.5] 0 
diameter[116,118,0.6] 0 
diameter[117,124,0.05] 1 
diameter[117,124,0.06] 0 
diameter[117,124,0.08] 0 
diameter[117,124,0.1] 0 
diameter[117,124,0.15] 0 
diameter[117,124,0.2] 0 
diameter[117,124,0.25] 0 
diameter[117,124,0.3] 0 
diameter[117,124,0.35] 0 
diameter[117,124,0.4] 0 
diameter[117,124,0.45] 0 
diameter[117,124,0.5] 0 
diameter[117,124,0.6] 0 
diameter[118,120,0.05] 1 
diameter[118,120,0.06] 0 
diameter[118,120,0.08] 0 
diameter[118,120,0.1] 0 
diameter[118,120,0.15] 0 
diameter[118,120,0.2] 0 
diameter[118,120,0.25] 0 
diameter[118,120,0.3] 0 
diameter[118,120,0.35] 0 
diameter[118,120,0.4] 0 
diameter[118,120,0.45] 0 
diameter[118,120,0.5] 0 
diameter[118,120,0.6] 0 
diameter[118,121,0.05] 0 
diameter[118,121,0.06] 0 
diameter[118,121,0.08] 0 
diameter[118,121,0.1] 1 
diameter[118,121,0.15] 0 
diameter[118,121,0.2] 0 
diameter[118,121,0.25] 0 
diameter[118,121,0.3] 0 
diameter[118,121,0.35] 0 
diameter[118,121,0.4] 0 
diameter[118,121,0.45] 0 
diameter[118,121,0.5] 0 
diameter[118,121,0.6] 0 
diameter[121,119,0.05] 1 
diameter[121,119,0.06] 0 
diameter[121,119,0.08] 0 
diameter[121,119,0.1] 0 
diameter[121,119,0.15] 0 
diameter[121,119,0.2] 0 
diameter[121,119,0.25] 0 
diameter[121,119,0.3] 0 
diameter[121,119,0.35] 0 
diameter[121,119,0.4] 0 
diameter[121,119,0.45] 0 
diameter[121,119,0.5] 0 
diameter[121,119,0.6] 0 
diameter[121,122,0.05] 0 
diameter[121,122,0.06] 0 
diameter[121,122,0.08] 0 
diameter[121,122,0.1] -0 
diameter[121,122,0.15] 1 
diameter[121,122,0.2] 0 
diameter[121,122,0.25] 0 
diameter[121,122,0.3] 0 
diameter[121,122,0.35] 0 
diameter[121,122,0.4] 0 
diameter[121,122,0.45] 0 
diameter[121,122,0.5] 0 
diameter[121,122,0.6] 0 
diameter[122,123,0.05] 0 
diameter[122,123,0.06] 0 
diameter[122,123,0.08] 0 
diameter[122,123,0.1] 1 
diameter[122,123,0.15] 0 
diameter[122,123,0.2] 0 
diameter[122,123,0.25] 0 
diameter[122,123,0.3] 0 
diameter[122,123,0.35] 0 
diameter[122,123,0.4] 0 
diameter[122,123,0.45] 0 
diameter[122,123,0.5] 0 
diameter[122,123,0.6] 0 
diameter[123,126,0.05] 0 
diameter[123,126,0.06] 0 
diameter[123,126,0.08] 0 
diameter[123,126,0.1] 1 
diameter[123,126,0.15] 0 
diameter[123,126,0.2] 0 
diameter[123,126,0.25] 0 
diameter[123,126,0.3] 0 
diameter[123,126,0.35] 0 
diameter[123,126,0.4] 0 
diameter[123,126,0.45] 0 
diameter[123,126,0.5] 0 
diameter[123,126,0.6] 0 
diameter[123,125,0.05] 1 
diameter[123,125,0.06] 0 
diameter[123,125,0.08] 0 
diameter[123,125,0.1] 0 
diameter[123,125,0.15] 0 
diameter[123,125,0.2] 0 
diameter[123,125,0.25] 0 
diameter[123,125,0.3] 0 
diameter[123,125,0.35] 0 
diameter[123,125,0.4] 0 
diameter[123,125,0.45] 0 
diameter[123,125,0.5] 0 
diameter[123,125,0.6] 0 
diameter[126,127,0.05] 0 
diameter[126,127,0.06] 0 
diameter[126,127,0.08] 0 
diameter[126,127,0.1] 1 
diameter[126,127,0.15] 0 
diameter[126,127,0.2] 0 
diameter[126,127,0.25] 0 
diameter[126,127,0.3] 0 
diameter[126,127,0.35] 0 
diameter[126,127,0.4] 0 
diameter[126,127,0.45] 0 
diameter[126,127,0.5] 0 
diameter[126,127,0.6] 0 
diameter[127,130,0.05] 0 
diameter[127,130,0.06] 0 
diameter[127,130,0.08] 0 
diameter[127,130,0.1] 1 
diameter[127,130,0.15] 0 
diameter[127,130,0.2] 0 
diameter[127,130,0.25] 0 
diameter[127,130,0.3] 0 
diameter[127,130,0.35] 0 
diameter[127,130,0.4] 0 
diameter[127,130,0.45] 0 
diameter[127,130,0.5] 0 
diameter[127,130,0.6] 0 
diameter[127,128,0.05] 1 
diameter[127,128,0.06] 0 
diameter[127,128,0.08] 0 
diameter[127,128,0.1] 0 
diameter[127,128,0.15] 0 
diameter[127,128,0.2] 0 
diameter[127,128,0.25] 0 
diameter[127,128,0.3] 0 
diameter[127,128,0.35] 0 
diameter[127,128,0.4] 0 
diameter[127,128,0.45] 0 
diameter[127,128,0.5] 0 
diameter[127,128,0.6] 0 
diameter[128,131,0.05] 1 
diameter[128,131,0.06] 0 
diameter[128,131,0.08] 0 
diameter[128,131,0.1] 0 
diameter[128,131,0.15] 0 
diameter[128,131,0.2] 0 
diameter[128,131,0.25] 0 
diameter[128,131,0.3] 0 
diameter[128,131,0.35] 0 
diameter[128,131,0.4] 0 
diameter[128,131,0.45] 0 
diameter[128,131,0.5] 0 
diameter[128,131,0.6] 0 
diameter[128,129,0.05] 1 
diameter[128,129,0.06] 0 
diameter[128,129,0.08] 0 
diameter[128,129,0.1] 0 
diameter[128,129,0.15] 0 
diameter[128,129,0.2] 0 
diameter[128,129,0.25] 0 
diameter[128,129,0.3] 0 
diameter[128,129,0.35] 0 
diameter[128,129,0.4] 0 
diameter[128,129,0.45] 0 
diameter[128,129,0.5] 0 
diameter[128,129,0.6] 0 
diameter[130,133,0.05] 0 
diameter[130,133,0.06] 0 
diameter[130,133,0.08] 0 
diameter[130,133,0.1] 1 
diameter[130,133,0.15] 0 
diameter[130,133,0.2] 0 
diameter[130,133,0.25] 0 
diameter[130,133,0.3] 0 
diameter[130,133,0.35] 0 
diameter[130,133,0.4] 0 
diameter[130,133,0.45] 0 
diameter[130,133,0.5] 0 
diameter[130,133,0.6] 0 
diameter[131,136,0.05] 1 
diameter[131,136,0.06] 0 
diameter[131,136,0.08] 0 
diameter[131,136,0.1] 0 
diameter[131,136,0.15] 0 
diameter[131,136,0.2] 0 
diameter[131,136,0.25] 0 
diameter[131,136,0.3] 0 
diameter[131,136,0.35] 0 
diameter[131,136,0.4] 0 
diameter[131,136,0.45] 0 
diameter[131,136,0.5] 0 
diameter[131,136,0.6] 0 
diameter[133,134,0.05] 0 
diameter[133,134,0.06] 0 
diameter[133,134,0.08] 0 
diameter[133,134,0.1] 1 
diameter[133,134,0.15] 0 
diameter[133,134,0.2] 0 
diameter[133,134,0.25] 0 
diameter[133,134,0.3] 0 
diameter[133,134,0.35] 0 
diameter[133,134,0.4] 0 
diameter[133,134,0.45] 0 
diameter[133,134,0.5] 0 
diameter[133,134,0.6] 0 
diameter[134,132,0.05] 1 
diameter[134,132,0.06] 0 
diameter[134,132,0.08] 0 
diameter[134,132,0.1] 0 
diameter[134,132,0.15] 0 
diameter[134,132,0.2] 0 
diameter[134,132,0.25] 0 
diameter[134,132,0.3] 0 
diameter[134,132,0.35] 0 
diameter[134,132,0.4] 0 
diameter[134,132,0.45] 0 
diameter[134,132,0.5] 0 
diameter[134,132,0.6] 0 
diameter[134,138,0.05] 0 
diameter[134,138,0.06] 0 
diameter[134,138,0.08] 0 
diameter[134,138,0.1] 1 
diameter[134,138,0.15] 0 
diameter[134,138,0.2] 0 
diameter[134,138,0.25] 0 
diameter[134,138,0.3] 0 
diameter[134,138,0.35] 0 
diameter[134,138,0.4] 0 
diameter[134,138,0.45] 0 
diameter[134,138,0.5] 0 
diameter[134,138,0.6] 0 
diameter[136,135,0.05] 1 
diameter[136,135,0.06] 0 
diameter[136,135,0.08] 0 
diameter[136,135,0.1] 0 
diameter[136,135,0.15] 0 
diameter[136,135,0.2] 0 
diameter[136,135,0.25] 0 
diameter[136,135,0.3] 0 
diameter[136,135,0.35] 0 
diameter[136,135,0.4] 0 
diameter[136,135,0.45] 0 
diameter[136,135,0.5] 0 
diameter[136,135,0.6] 0 
diameter[138,139,0.05] 0 
diameter[138,139,0.06] 0 
diameter[138,139,0.08] 0 
diameter[138,139,0.1] 1 
diameter[138,139,0.15] 0 
diameter[138,139,0.2] 0 
diameter[138,139,0.25] 0 
diameter[138,139,0.3] 0 
diameter[138,139,0.35] 0 
diameter[138,139,0.4] 0 
diameter[138,139,0.45] 0 
diameter[138,139,0.5] 0 
diameter[138,139,0.6] 0 
diameter[139,140,0.05] 0 
diameter[139,140,0.06] 0 
diameter[139,140,0.08] 0 
diameter[139,140,0.1] 1 
diameter[139,140,0.15] 0 
diameter[139,140,0.2] 0 
diameter[139,140,0.25] 0 
diameter[139,140,0.3] 0 
diameter[139,140,0.35] 0 
diameter[139,140,0.4] 0 
diameter[139,140,0.45] 0 
diameter[139,140,0.5] 0 
diameter[139,140,0.6] 0 
diameter[140,137,0.05] 1 
diameter[140,137,0.06] 0 
diameter[140,137,0.08] 0 
diameter[140,137,0.1] 0 
diameter[140,137,0.15] 0 
diameter[140,137,0.2] 0 
diameter[140,137,0.25] 0 
diameter[140,137,0.3] 0 
diameter[140,137,0.35] 0 
diameter[140,137,0.4] 0 
diameter[140,137,0.45] 0 
diameter[140,137,0.5] 0 
diameter[140,137,0.6] 0 
diameter[140,141,0.05] 0 
diameter[140,141,0.06] 0 
diameter[140,141,0.08] -0 
diameter[140,141,0.1] 1 
diameter[140,141,0.15] 0 
diameter[140,141,0.2] 0 
diameter[140,141,0.25] 0 
diameter[140,141,0.3] 0 
diameter[140,141,0.35] 0 
diameter[140,141,0.4] 0 
diameter[140,141,0.45] 0 
diameter[140,141,0.5] 0 
diameter[140,141,0.6] 0 
diameter[141,142,0.05] 0 
diameter[141,142,0.06] 0 
diameter[141,142,0.08] -0 
diameter[141,142,0.1] 1 
diameter[141,142,0.15] 0 
diameter[141,142,0.2] 0 
diameter[141,142,0.25] 0 
diameter[141,142,0.3] 0 
diameter[141,142,0.35] 0 
diameter[141,142,0.4] 0 
diameter[141,142,0.45] 0 
diameter[141,142,0.5] 0 
diameter[141,142,0.6] 0 
diameter[142,143,0.05] 0 
diameter[142,143,0.06] 0 
diameter[142,143,0.08] -0 
diameter[142,143,0.1] 1 
diameter[142,143,0.15] 0 
diameter[142,143,0.2] 0 
diameter[142,143,0.25] 0 
diameter[142,143,0.3] 0 
diameter[142,143,0.35] 0 
diameter[142,143,0.4] 0 
diameter[142,143,0.45] 0 
diameter[142,143,0.5] 0 
diameter[142,143,0.6] 0 
diameter[143,144,0.05] 0 
diameter[143,144,0.06] 0 
diameter[143,144,0.08] -0 
diameter[143,144,0.1] 1 
diameter[143,144,0.15] 0 
diameter[143,144,0.2] 0 
diameter[143,144,0.25] 0 
diameter[143,144,0.3] 0 
diameter[143,144,0.35] 0 
diameter[143,144,0.4] 0 
diameter[143,144,0.45] 0 
diameter[143,144,0.5] 0 
diameter[143,144,0.6] 0 
diameter[144,145,0.05] 0 
diameter[144,145,0.06] 0 
diameter[144,145,0.08] -0 
diameter[144,145,0.1] 1 
diameter[144,145,0.15] 0 
diameter[144,145,0.2] 0 
diameter[144,145,0.25] 0 
diameter[144,145,0.3] 0 
diameter[144,145,0.35] 0 
diameter[144,145,0.4] 0 
diameter[144,145,0.45] 0 
diameter[144,145,0.5] 0 
diameter[144,145,0.6] 0 
diameter[145,146,0.05] 0 
diameter[145,146,0.06] 0 
diameter[145,146,0.08] -0 
diameter[145,146,0.1] 1 
diameter[145,146,0.15] 0 
diameter[145,146,0.2] 0 
diameter[145,146,0.25] 0 
diameter[145,146,0.3] 0 
diameter[145,146,0.35] 0 
diameter[145,146,0.4] 0 
diameter[145,146,0.45] 0 
diameter[145,146,0.5] 0 
diameter[145,146,0.6] 0 
diameter[146,147,0.05] 0 
diameter[146,147,0.06] 0 
diameter[146,147,0.08] -0 
diameter[146,147,0.1] 1 
diameter[146,147,0.15] 0 
diameter[146,147,0.2] 0 
diameter[146,147,0.25] 0 
diameter[146,147,0.3] 0 
diameter[146,147,0.35] 0 
diameter[146,147,0.4] 0 
diameter[146,147,0.45] 0 
diameter[146,147,0.5] 0 
diameter[146,147,0.6] 0 
diameter[147,148,0.05] 0 
diameter[147,148,0.06] 0 
diameter[147,148,0.08] 1 
diameter[147,148,0.1] 0 
diameter[147,148,0.15] 0 
diameter[147,148,0.2] 0 
diameter[147,148,0.25] 0 
diameter[147,148,0.3] 0 
diameter[147,148,0.35] 0 
diameter[147,148,0.4] 0 
diameter[147,148,0.45] 0 
diameter[147,148,0.5] 0 
diameter[147,148,0.6] 0 
diameter[148,150,0.05] 0 
diameter[148,150,0.06] 0 
diameter[148,150,0.08] 1 
diameter[148,150,0.1] 0 
diameter[148,150,0.15] 0 
diameter[148,150,0.2] 0 
diameter[148,150,0.25] 0 
diameter[148,150,0.3] 0 
diameter[148,150,0.35] 0 
diameter[148,150,0.4] 0 
diameter[148,150,0.45] 0 
diameter[148,150,0.5] 0 
diameter[148,150,0.6] 0 
diameter[150,149,0.05] 1 
diameter[150,149,0.06] 0 
diameter[150,149,0.08] 0 
diameter[150,149,0.1] 0 
diameter[150,149,0.15] 0 
diameter[150,149,0.2] 0 
diameter[150,149,0.25] 0 
diameter[150,149,0.3] 0 
diameter[150,149,0.35] 0 
diameter[150,149,0.4] 0 
diameter[150,149,0.45] 0 
diameter[150,149,0.5] 0 
diameter[150,149,0.6] 0 
diameter[150,151,0.05] 0 
diameter[150,151,0.06] 0 
diameter[150,151,0.08] 1 
diameter[150,151,0.1] 0 
diameter[150,151,0.15] 0 
diameter[150,151,0.2] 0 
diameter[150,151,0.25] 0 
diameter[150,151,0.3] 0 
diameter[150,151,0.35] 0 
diameter[150,151,0.4] 0 
diameter[150,151,0.45] 0 
diameter[150,151,0.5] 0 
diameter[150,151,0.6] 0 
diameter[151,152,0.05] 0 
diameter[151,152,0.06] 0 
diameter[151,152,0.08] 1 
diameter[151,152,0.1] 0 
diameter[151,152,0.15] 0 
diameter[151,152,0.2] 0 
diameter[151,152,0.25] 0 
diameter[151,152,0.3] 0 
diameter[151,152,0.35] 0 
diameter[151,152,0.4] 0 
diameter[151,152,0.45] 0 
diameter[151,152,0.5] 0 
diameter[151,152,0.6] 0 
diameter[152,153,0.05] 0 
diameter[152,153,0.06] 0 
diameter[152,153,0.08] 1 
diameter[152,153,0.1] 0 
diameter[152,153,0.15] 0 
diameter[152,153,0.2] 0 
diameter[152,153,0.25] 0 
diameter[152,153,0.3] 0 
diameter[152,153,0.35] 0 
diameter[152,153,0.4] 0 
diameter[152,153,0.45] 0 
diameter[152,153,0.5] 0 
diameter[152,153,0.6] 0 
diameter[153,154,0.05] 0 
diameter[153,154,0.06] -0 
diameter[153,154,0.08] 1 
diameter[153,154,0.1] 0 
diameter[153,154,0.15] 0 
diameter[153,154,0.2] 0 
diameter[153,154,0.25] 0 
diameter[153,154,0.3] 0 
diameter[153,154,0.35] 0 
diameter[153,154,0.4] 0 
diameter[153,154,0.45] 0 
diameter[153,154,0.5] 0 
diameter[153,154,0.6] 0 
diameter[154,155,0.05] 0 
diameter[154,155,0.06] 1 
diameter[154,155,0.08] 0 
diameter[154,155,0.1] 0 
diameter[154,155,0.15] 0 
diameter[154,155,0.2] 0 
diameter[154,155,0.25] 0 
diameter[154,155,0.3] 0 
diameter[154,155,0.35] 0 
diameter[154,155,0.4] 0 
diameter[154,155,0.45] 0 
diameter[154,155,0.5] 0 
diameter[154,155,0.6] 0 
diameter[155,156,0.05] -0 
diameter[155,156,0.06] 1 
diameter[155,156,0.08] 0 
diameter[155,156,0.1] 0 
diameter[155,156,0.15] 0 
diameter[155,156,0.2] 0 
diameter[155,156,0.25] 0 
diameter[155,156,0.3] 0 
diameter[155,156,0.35] 0 
diameter[155,156,0.4] 0 
diameter[155,156,0.45] 0 
diameter[155,156,0.5] 0 
diameter[155,156,0.6] 0 
diameter[156,157,0.05] -0 
diameter[156,157,0.06] 1 
diameter[156,157,0.08] 0 
diameter[156,157,0.1] 0 
diameter[156,157,0.15] 0 
diameter[156,157,0.2] 0 
diameter[156,157,0.25] 0 
diameter[156,157,0.3] 0 
diameter[156,157,0.35] 0 
diameter[156,157,0.4] 0 
diameter[156,157,0.45] 0 
diameter[156,157,0.5] 0 
diameter[156,157,0.6] 0 
diameter[157,158,0.05] -0 
diameter[157,158,0.06] 1 
diameter[157,158,0.08] 0 
diameter[157,158,0.1] 0 
diameter[157,158,0.15] 0 
diameter[157,158,0.2] 0 
diameter[157,158,0.25] 0 
diameter[157,158,0.3] 0 
diameter[157,158,0.35] 0 
diameter[157,158,0.4] 0 
diameter[157,158,0.45] 0 
diameter[157,158,0.5] 0 
diameter[157,158,0.6] 0 
diameter[158,159,0.05] 1 
diameter[158,159,0.06] 0 
diameter[158,159,0.08] 0 
diameter[158,159,0.1] 0 
diameter[158,159,0.15] 0 
diameter[158,159,0.2] 0 
diameter[158,159,0.25] 0 
diameter[158,159,0.3] 0 
diameter[158,159,0.35] 0 
diameter[158,159,0.4] 0 
diameter[158,159,0.45] 0 
diameter[158,159,0.5] 0 
diameter[158,159,0.6] 0 
diameter[159,160,0.05] 1 
diameter[159,160,0.06] 0 
diameter[159,160,0.08] 0 
diameter[159,160,0.1] 0 
diameter[159,160,0.15] 0 
diameter[159,160,0.2] 0 
diameter[159,160,0.25] 0 
diameter[159,160,0.3] 0 
diameter[159,160,0.35] 0 
diameter[159,160,0.4] 0 
diameter[159,160,0.45] 0 
diameter[159,160,0.5] 0 
diameter[159,160,0.6] 0 
hydro loss[1,0] 0.444647 
hydro loss[3,2] 0.0357844 
hydro loss[4,3] 0.18546 
hydro loss[5,4] 0.27373 
hydro loss[6,1] 2.36107 
hydro loss[6,14] 0.0695562 
hydro loss[7,6] 0.429664 
hydro loss[8,7] 0.64954 
hydro loss[9,5] 0.562213 
hydro loss[10,9] 0.704995 
hydro loss[12,19] 0.886833 
hydro loss[13,11] 0.0417346 
hydro loss[15,8] 2.12561 
hydro loss[16,15] 1.21125 
hydro loss[16,17] 1.0447 
hydro loss[17,10] 1.53662 
hydro loss[17,18] 1.09738 
hydro loss[18,12] 0.750058 
hydro loss[19,22] 0.150661 
hydro loss[19,20] 1.0793 
hydro loss[20,13] 0.150662 
hydro loss[20,23] 0.595425 
hydro loss[21,16] 0.343018 
hydro loss[22,26] 0.0278229 
hydro loss[23,27] 0.552069 
hydro loss[24,21] 1.99063 
hydro loss[27,30] 0.474547 
hydro loss[28,24] 2.14947 
hydro loss[29,28] 1.60701 
hydro loss[30,35] 0.469903 
hydro loss[31,25] 0.0769746 
hydro loss[33,29] 0.40568 
hydro loss[34,32] 0.0323398 
hydro loss[35,38] 0.310708 
hydro loss[36,31] 0.150659 
hydro loss[36,37] 0.523027 
hydro loss[37,33] 0.239509 
hydro loss[37,39] 0.0448718 
hydro loss[38,42] 0.488433 
hydro loss[40,34] 0.200881 
hydro loss[41,36] 0.486994 
hydro loss[42,43] 0.669509 
hydro loss[42,46] 0.286694 
hydro loss[43,40] 0.343245 
hydro loss[44,45] 0.524021 
hydro loss[45,41] 0.645729 
hydro loss[45,50] 0.406839 
hydro loss[46,48] 0.146633 
hydro loss[47,44] 0.558559 
hydro loss[48,54] 0.0938126 
hydro loss[48,51] 0.18546 
hydro loss[49,59] 0.0556448 
hydro loss[50,49] 0.178531 
hydro loss[51,57] 0.0417343 
hydro loss[52,53] 0.97431 
hydro loss[53,55] 0.173425 
hydro loss[54,52] 0.583759 
hydro loss[54,58] 0.012396 
hydro loss[55,56] 0.0494544 
hydro loss[55,63] 0.25806 
hydro loss[58,61] 0.0250738 
hydro loss[60,47] 0.831942 
hydro loss[61,66] 0.0666562 
hydro loss[62,60] 0.30933 
hydro loss[63,69] 0.0486905 
hydro loss[64,67] 0.0323395 
hydro loss[65,62] 0.318066 
hydro loss[65,64] 0.178531 
hydro loss[66,70] 0.0294148 
hydro loss[68,65] 0.344944 
hydro loss[71,68] 0.708252 
hydro loss[73,71] 1.17223 
hydro loss[74,72] 0.0323395 
hydro loss[75,73] 0.601279 
hydro loss[75,74] 0.258363 
hydro loss[76,79] 0.027823 
hydro loss[76,78] 0.878244 
hydro loss[77,76] 2.30828 
hydro loss[78,82] 0.706713 
hydro loss[80,75] 0.803386 
hydro loss[80,84] 0.24328 
hydro loss[81,77] 2.37738 
hydro loss[81,80] 0.511385 
hydro loss[82,83] 0.0329696 
hydro loss[82,89] 0.109219 
hydro loss[84,85] 0.0580356 
hydro loss[86,81] 1.32564 
hydro loss[87,86] 0.624488 
hydro loss[88,87] 0.625512 
hydro loss[90,88] 2.47229 
hydro loss[90,91] 0.134781 
hydro loss[93,90] 2.24625 
hydro loss[93,95] 0.387545 
hydro loss[94,92] 0.1187 
hydro loss[94,93] 2.24256 
hydro loss[95,97] 0.0646797 
hydro loss[96,94] 1.26229 
hydro loss[98,100] 0.668336 
hydro loss[98,99] 1.94177 
hydro loss[99,96] 0.964869 
hydro loss[100,101] 0.540826 
hydro loss[101,103] 0.405337 
hydro loss[103,105] 0.365245 
hydro loss[104,106] 6.60024 
hydro loss[105,107] 0.491815 
hydro loss[106,102] 0.0580361 
hydro loss[106,112] 3.71735 
hydro loss[107,108] 4.19628 
hydro loss[107,111] 2.54903 
hydro loss[108,104] 3.69461 
hydro loss[108,110] 0.0417338 
hydro loss[111,114] 2.44512 
hydro loss[112,113] 2.93575 
hydro loss[113,109] 0.0646801 
hydro loss[113,115] 0.425662 
hydro loss[114,116] 5.65425 
hydro loss[115,117] 0.32398 
hydro loss[116,118] 4.49046 
hydro loss[117,124] 0.250951 
hydro loss[118,120] 0.0744456 
hydro loss[118,121] 3.83149 
hydro loss[121,119] 0.0431403 
hydro loss[121,122] 0.179456 
hydro loss[122,123] 1.23068 
hydro loss[123,126] 1.11032 
hydro loss[123,125] 0.0567435 
hydro loss[126,127] 1.05229 
hydro loss[127,130] 0.683108 
hydro loss[127,128] 1.32768 
hydro loss[128,131] 0.319239 
hydro loss[128,129] 0.0513737 
hydro loss[130,133] 0.686628 
hydro loss[131,136] 0.161986 
hydro loss[133,134] 0.705666 
hydro loss[134,132] 0.0431405 
hydro loss[134,138] 3.30834 
hydro loss[136,135] 0.0494544 
hydro loss[138,139] 1.12302 
hydro loss[139,140] 1.03577 
hydro loss[140,137] 0.20613 
hydro loss[140,141] 0.393866 
hydro loss[141,142] 0.222085 
hydro loss[142,143] 0.233543 
hydro loss[143,144] 0.180742 
hydro loss[144,145] 0.323094 
hydro loss[145,146] 0.143347 
hydro loss[146,147] 0.189229 
hydro loss[147,148] 0.623269 
hydro loss[148,150] 0.453394 
hydro loss[150,149] 0.0431407 
hydro loss[150,151] 0.233127 
hydro loss[151,152] 0.423958 
hydro loss[152,153] 0.470961 
hydro loss[153,154] 0.259013 
hydro loss[154,155] 2.08887 
hydro loss[155,156] 0.262173 
hydro loss[156,157] 0.346849 
hydro loss[157,158] 0.112636 
hydro loss[158,159] 2.11011 
hydro loss[159,160] 0.078037 
PUMP[1,0] 0 
PUMP[3,2] 0 
PUMP[4,3] 0 
PUMP[5,4] 0 
PUMP[6,1] 0 
PUMP[6,14] 0 
PUMP[7,6] 0 
PUMP[8,7] 0 
PUMP[9,5] 0 
PUMP[10,9] 0 
PUMP[12,19] 0 
PUMP[13,11] 0 
PUMP[15,8] 0 
PUMP[16,15] 0 
PUMP[16,17] 0 
PUMP[17,10] 0 
PUMP[17,18] 0 
PUMP[18,12] 0 
PUMP[19,22] 0 
PUMP[19,20] 0 
PUMP[20,13] 0 
PUMP[20,23] 0 
PUMP[21,16] 0 
PUMP[22,26] 0 
PUMP[23,27] 0 
PUMP[24,21] 0 
PUMP[27,30] 0 
PUMP[28,24] 0 
PUMP[29,28] 0 
PUMP[30,35] 0 
PUMP[31,25] 0 
PUMP[33,29] 0 
PUMP[34,32] 0 
PUMP[35,38] 0 
PUMP[36,31] 0 
PUMP[36,37] 0 
PUMP[37,33] 0 
PUMP[37,39] 0 
PUMP[38,42] 0 
PUMP[40,34] 0 
PUMP[41,36] 0 
PUMP[42,43] 0 
PUMP[42,46] 0 
PUMP[43,40] 0 
PUMP[44,45] 0 
PUMP[45,41] 0 
PUMP[45,50] 0 
PUMP[46,48] 0 
PUMP[47,44] 0 
PUMP[48,54] 0 
PUMP[48,51] 0 
PUMP[49,59] 0 
PUMP[50,49] 0 
PUMP[51,57] 0 
PUMP[52,53] 0 
PUMP[53,55] 0 
PUMP[54,52] 0 
PUMP[54,58] 0 
PUMP[55,56] 0 
PUMP[55,63] 0 
PUMP[58,61] 0 
PUMP[60,47] 0 
PUMP[61,66] 0 
PUMP[62,60] 0 
PUMP[63,69] 0 
PUMP[64,67] 0 
PUMP[65,62] 0 
PUMP[65,64] 0 
PUMP[66,70] 0 
PUMP[68,65] 0 
PUMP[71,68] 0 
PUMP[73,71] 0 
PUMP[74,72] 0 
PUMP[75,73] 0 
PUMP[75,74] 0 
PUMP[76,79] 0 
PUMP[76,78] 0 
PUMP[77,76] 0 
PUMP[78,82] 0 
PUMP[80,75] 0 
PUMP[80,84] 0 
PUMP[81,77] 0 
PUMP[81,80] 0 
PUMP[82,83] 0 
PUMP[82,89] 0 
PUMP[84,85] 0 
PUMP[86,81] 0 
PUMP[87,86] 0 
PUMP[88,87] 0 
PUMP[90,88] 0 
PUMP[90,91] 0 
PUMP[93,90] 0 
PUMP[93,95] 0 
PUMP[94,92] 0 
PUMP[94,93] 0 
PUMP[95,97] 0 
PUMP[96,94] 0 
PUMP[98,100] 0 
PUMP[98,99] 0 
PUMP[99,96] 0 
PUMP[100,101] 0 
PUMP[101,103] 0 
PUMP[103,105] 0 
PUMP[104,106] 0 
PUMP[105,107] 0 
PUMP[106,102] 0 
PUMP[106,112] 0 
PUMP[107,108] 0 
PUMP[107,111] 0 
PUMP[108,104] 0 
PUMP[108,110] 0 
PUMP[111,114] 0 
PUMP[112,113] 0 
PUMP[113,109] 0 
PUMP[113,115] 0 
PUMP[114,116] 0 
PUMP[115,117] 0 
PUMP[116,118] 0 
PUMP[117,124] 0 
PUMP[118,120] 0 
PUMP[118,121] 0 
PUMP[121,119] 0 
PUMP[121,122] 0 
PUMP[122,123] 0 
PUMP[123,126] 0 
PUMP[123,125] 0 
PUMP[126,127] 0 
PUMP[127,130] 0 
PUMP[127,128] 0 
PUMP[128,131] 0 
PUMP[128,129] 0 
PUMP[130,133] 0 
PUMP[131,136] 0 
PUMP[133,134] 0 
PUMP[134,132] 0 
PUMP[134,138] 0 
PUMP[136,135] 0 
PUMP[138,139] 0 
PUMP[139,140] 0 
PUMP[140,137] 0 
PUMP[140,141] 0 
PUMP[141,142] 0 
PUMP[142,143] 0 
PUMP[143,144] 0 
PUMP[144,145] 0 
PUMP[145,146] 0 
PUMP[146,147] 0 
PUMP[147,148] 0 
PUMP[148,150] 0 
PUMP[150,149] 0 
PUMP[150,151] 0 
PUMP[151,152] 0 
PUMP[152,153] 0 
PUMP[153,154] 0 
PUMP[154,155] 0 
PUMP[155,156] 0 
PUMP[156,157] 0 
PUMP[157,158] 0 
PUMP[158,159] 0 
PUMP[159,160] 0 
PRESSURE BY PUMP[1,0] 0 
PRESSURE BY PUMP[3,2] 0 
PRESSURE BY PUMP[4,3] 0 
PRESSURE BY PUMP[5,4] 0 
PRESSURE BY PUMP[6,1] 0 
PRESSURE BY PUMP[6,14] 0 
PRESSURE BY PUMP[7,6] 0 
PRESSURE BY PUMP[8,7] 0 
PRESSURE BY PUMP[9,5] 0 
PRESSURE BY PUMP[10,9] 0 
PRESSURE BY PUMP[12,19] 0 
PRESSURE BY PUMP[13,11] 0 
PRESSURE BY PUMP[15,8] 0 
PRESSURE BY PUMP[16,15] 0 
PRESSURE BY PUMP[16,17] 0 
PRESSURE BY PUMP[17,10] 0 
PRESSURE BY PUMP[17,18] 0 
PRESSURE BY PUMP[18,12] 0 
PRESSURE BY PUMP[19,22] 0 
PRESSURE BY PUMP[19,20] 0 
PRESSURE BY PUMP[20,13] 0 
PRESSURE BY PUMP[20,23] 0 
PRESSURE BY PUMP[21,16] 0 
PRESSURE BY PUMP[22,26] 0 
PRESSURE BY PUMP[23,27] 0 
PRESSURE BY PUMP[24,21] 0 
PRESSURE BY PUMP[27,30] 0 
PRESSURE BY PUMP[28,24] 0 
PRESSURE BY PUMP[29,28] 0 
PRESSURE BY PUMP[30,35] 0 
PRESSURE BY PUMP[31,25] 0 
PRESSURE BY PUMP[33,29] 0 
PRESSURE BY PUMP[34,32] 0 
PRESSURE BY PUMP[35,38] 0 
PRESSURE BY PUMP[36,31] 0 
PRESSURE BY PUMP[36,37] 0 
PRESSURE BY PUMP[37,33] 0 
PRESSURE BY PUMP[37,39] 0 
PRESSURE BY PUMP[38,42] 0 
PRESSURE BY PUMP[40,34] 0 
PRESSURE BY PUMP[41,36] 0 
PRESSURE BY PUMP[42,43] 0 
PRESSURE BY PUMP[42,46] 0 
PRESSURE BY PUMP[43,40] 0 
PRESSURE BY PUMP[44,45] 0 
PRESSURE BY PUMP[45,41] 0 
PRESSURE BY PUMP[45,50] 0 
PRESSURE BY PUMP[46,48] 0 
PRESSURE BY PUMP[47,44] 0 
PRESSURE BY PUMP[48,54] 0 
PRESSURE BY PUMP[48,51] 0 
PRESSURE BY PUMP[49,59] 0 
PRESSURE BY PUMP[50,49] 0 
PRESSURE BY PUMP[51,57] 0 
PRESSURE BY PUMP[52,53] 0 
PRESSURE BY PUMP[53,55] 0 
PRESSURE BY PUMP[54,52] 0 
PRESSURE BY PUMP[54,58] 0 
PRESSURE BY PUMP[55,56] 0 
PRESSURE BY PUMP[55,63] 0 
PRESSURE BY PUMP[58,61] 0 
PRESSURE BY PUMP[60,47] 0 
PRESSURE BY PUMP[61,66] 0 
PRESSURE BY PUMP[62,60] 0 
PRESSURE BY PUMP[63,69] 0 
PRESSURE BY PUMP[64,67] 0 
PRESSURE BY PUMP[65,62] 0 
PRESSURE BY PUMP[65,64] 0 
PRESSURE BY PUMP[66,70] 0 
PRESSURE BY PUMP[68,65] 0 
PRESSURE BY PUMP[71,68] 0 
PRESSURE BY PUMP[73,71] 0 
PRESSURE BY PUMP[74,72] 0 
PRESSURE BY PUMP[75,73] 0 
PRESSURE BY PUMP[75,74] 0 
PRESSURE BY PUMP[76,79] 0 
PRESSURE BY PUMP[76,78] 0 
PRESSURE BY PUMP[77,76] 0 
PRESSURE BY PUMP[78,82] 0 
PRESSURE BY PUMP[80,75] 0 
PRESSURE BY PUMP[80,84] 0 
PRESSURE BY PUMP[81,77] 0 
PRESSURE BY PUMP[81,80] 0 
PRESSURE BY PUMP[82,83] 0 
PRESSURE BY PUMP[82,89] 0 
PRESSURE BY PUMP[84,85] 0 
PRESSURE BY PUMP[86,81] 0 
PRESSURE BY PUMP[87,86] 0 
PRESSURE BY PUMP[88,87] 0 
PRESSURE BY PUMP[90,88] 0 
PRESSURE BY PUMP[90,91] 0 
PRESSURE BY PUMP[93,90] 0 
PRESSURE BY PUMP[93,95] 0 
PRESSURE BY PUMP[94,92] 0 
PRESSURE BY PUMP[94,93] 0 
PRESSURE BY PUMP[95,97] 0 
PRESSURE BY PUMP[96,94] 0 
PRESSURE BY PUMP[98,100] 0 
PRESSURE BY PUMP[98,99] 0 
PRESSURE BY PUMP[99,96] 0 
PRESSURE BY PUMP[100,101] 0 
PRESSURE BY PUMP[101,103] 0 
PRESSURE BY PUMP[103,105] 0 
PRESSURE BY PUMP[104,106] 0 
PRESSURE BY PUMP[105,107] 0 
PRESSURE BY PUMP[106,102] 0 
PRESSURE BY PUMP[106,112] 0 
PRESSURE BY PUMP[107,108] 0 
PRESSURE BY PUMP[107,111] 0 
PRESSURE BY PUMP[108,104] 0 
PRESSURE BY PUMP[108,110] 0 
PRESSURE BY PUMP[111,114] 0 
PRESSURE BY PUMP[112,113] 0 
PRESSURE BY PUMP[113,109] 0 
PRESSURE BY PUMP[113,115] 0 
PRESSURE BY PUMP[114,116] 0 
PRESSURE BY PUMP[115,117] 0 
PRESSURE BY PUMP[116,118] 0 
PRESSURE BY PUMP[117,124] 0 
PRESSURE BY PUMP[118,120] 0 
PRESSURE BY PUMP[118,121] 0 
PRESSURE BY PUMP[121,119] 0 
PRESSURE BY PUMP[121,122] 0 
PRESSURE BY PUMP[122,123] 0 
PRESSURE BY PUMP[123,126] 0 
PRESSURE BY PUMP[123,125] 0 
PRESSURE BY PUMP[126,127] 0 
PRESSURE BY PUMP[127,130] 0 
PRESSURE BY PUMP[127,128] 0 
PRESSURE BY PUMP[128,131] 0 
PRESSURE BY PUMP[128,129] 0 
PRESSURE BY PUMP[130,133] 0 
PRESSURE BY PUMP[131,136] 0 
PRESSURE BY PUMP[133,134] 0 
PRESSURE BY PUMP[134,132] 0 
PRESSURE BY PUMP[134,138] 0 
PRESSURE BY PUMP[136,135] 0 
PRESSURE BY PUMP[138,139] 0 
PRESSURE BY PUMP[139,140] 0 
PRESSURE BY PUMP[140,137] 0 
PRESSURE BY PUMP[140,141] 0 
PRESSURE BY PUMP[141,142] 0 
PRESSURE BY PUMP[142,143] 0 
PRESSURE BY PUMP[143,144] 0 
PRESSURE BY PUMP[144,145] 0 
PRESSURE BY PUMP[145,146] 0 
PRESSURE BY PUMP[146,147] 0 
PRESSURE BY PUMP[147,148] 0 
PRESSURE BY PUMP[148,150] 0 
PRESSURE BY PUMP[150,149] 0 
PRESSURE BY PUMP[150,151] 0 
PRESSURE BY PUMP[151,152] 0 
PRESSURE BY PUMP[152,153] 0 
PRESSURE BY PUMP[153,154] 0 
PRESSURE BY PUMP[154,155] 0 
PRESSURE BY PUMP[155,156] 0 
PRESSURE BY PUMP[156,157] 0 
PRESSURE BY PUMP[157,158] 0 
PRESSURE BY PUMP[158,159] 0 
PRESSURE BY PUMP[159,160] 0 
In Node Elevation[0] 53.0255 
In Node Elevation[1] 45.7875 
In Node Elevation[2] 38.7159 
In Node Elevation[3] 38.7159 
In Node Elevation[4] 56.125 
In Node Elevation[5] 56.3987 
In Node Elevation[6] 55.8312 
In Node Elevation[7] 39.5385 
In Node Elevation[8] 39.3345 
In Node Elevation[9] 37.7144 
In Node Elevation[10] 57.666 
In Node Elevation[11] 55.1966 
In Node Elevation[12] 57.3551 
In Node Elevation[13] 42.0857 
In Node Elevation[14] 40.6012 
In Node Elevation[15] 59.036 
In Node Elevation[16] 60.2473 
In Node Elevation[17] 40.0476 
In Node Elevation[18] 58.1052 
In Node Elevation[19] 56.4683 
In Node Elevation[20] 43.0368 
In Node Elevation[21] 39.7469 
In Node Elevation[22] 56.3176 
In Node Elevation[23] 44.2838 
In Node Elevation[24] 62.5809 
In Node Elevation[25] 67.278 
In Node Elevation[26] 44.3273 
In Node Elevation[27] 54.2415 
In Node Elevation[28] 64.7304 
In Node Elevation[29] 44.1283 
In Node Elevation[30] 46.3123 
In Node Elevation[31] 67.355 
In Node Elevation[32] 51.2519 
In Node Elevation[33] 44.0271 
In Node Elevation[34] 46.1057 
In Node Elevation[35] 46.4673 
In Node Elevation[36] 67.5056 
In Node Elevation[37] 66.9826 
In Node Elevation[38] 46.6752 
In Node Elevation[39] 46.832 
In Node Elevation[40] 46.8013 
In Node Elevation[41] 67.9926 
In Node Elevation[42] 46.9377 
In Node Elevation[43] 47.1658 
In Node Elevation[44] 69.1624 
In Node Elevation[45] 68.6383 
In Node Elevation[46] 52.2112 
In Node Elevation[47] 69.7209 
In Node Elevation[48] 52.0646 
In Node Elevation[49] 44.0386 
In Node Elevation[50] 68.2315 
In Node Elevation[51] 48.1855 
In Node Elevation[52] 51.387 
In Node Elevation[53] 50.4127 
In Node Elevation[54] 51.9708 
In Node Elevation[55] 50.2393 
In Node Elevation[56] 45.2368 
In Node Elevation[57] 48.5347 
In Node Elevation[58] 51.9584 
In Node Elevation[59] 47.0568 
In Node Elevation[60] 48.591 
In Node Elevation[61] 51.9333 
In Node Elevation[62] 70.8622 
In Node Elevation[63] 48.4271 
In Node Elevation[64] 49.0132 
In Node Elevation[65] 71.1803 
In Node Elevation[66] 51.8666 
In Node Elevation[67] 70.9694 
In Node Elevation[68] 71.5252 
In Node Elevation[69] 49.9325 
In Node Elevation[70] 51.8372 
In Node Elevation[71] 51.9713 
In Node Elevation[72] 51.4379 
In Node Elevation[73] 53.1392 
In Node Elevation[74] 73.7486 
In Node Elevation[75] 53.4977 
In Node Elevation[76] 52.7352 
In Node Elevation[77] 72.9444 
In Node Elevation[78] 52.3022 
In Node Elevation[79] 52.649 
In Node Elevation[80] 74.8104 
In Node Elevation[81] 53.7567 
In Node Elevation[82] 50.5944 
In Node Elevation[83] 69.0182 
In Node Elevation[84] 52.8649 
In Node Elevation[85] 53.7856 
In Node Elevation[86] 76.6474 
In Node Elevation[87] 77.2719 
In Node Elevation[88] 77.8974 
In Node Elevation[89] 68.9419 
In Node Elevation[90] 79.1988 
In Node Elevation[91] 55.6211 
In Node Elevation[92] 84.7398 
In Node Elevation[93] 81.3123 
In Node Elevation[94] 84.8585 
In Node Elevation[95] 57.6146 
In Node Elevation[96] 86.1208 
In Node Elevation[97] 82.1637 
In Node Elevation[98] 89.0274 
In Node Elevation[99] 87.0856 
In Node Elevation[100] 88.3591 
In Node Elevation[101] 87.8182 
In Node Elevation[102] 57.6174 
In Node Elevation[103] 87.4129 
In Node Elevation[104] 58.7624 
In Node Elevation[105] 87.0477 
In Node Elevation[106] 72.0647 
In Node Elevation[107] 86.5558 
In Node Elevation[108] 82.3596 
In Node Elevation[109] 58.0678 
In Node Elevation[110] 82.3178 
In Node Elevation[111] 84.0068 
In Node Elevation[112] 58.456 
In Node Elevation[113] 65.4116 
In Node Elevation[114] 81.5617 
In Node Elevation[115] 58.525 
In Node Elevation[116] 58.7122 
In Node Elevation[117] 64.662 
In Node Elevation[118] 71.417 
In Node Elevation[119] 57.8648 
In Node Elevation[120] 71.3425 
In Node Elevation[121] 57.3747 
In Node Elevation[122] 57.1368 
In Node Elevation[123] 56.0585 
In Node Elevation[124] 57.3554 
In Node Elevation[125] 66.1186 
In Node Elevation[126] 55.6165 
In Node Elevation[127] 64.0127 
In Node Elevation[128] 62.6851 
In Node Elevation[129] 62.6337 
In Node Elevation[130] 55.3671 
In Node Elevation[131] 55.3677 
In Node Elevation[132] 55.8592 
In Node Elevation[133] 62.643 
In Node Elevation[134] 61.9373 
In Node Elevation[135] 55.3101 
In Node Elevation[136] 55.3274 
In Node Elevation[137] 55.5415 
In Node Elevation[138] 55.2228 
In Node Elevation[139] 55.4056 
In Node Elevation[140] 54.9354 
In Node Elevation[141] 56.0763 
In Node Elevation[142] 55.8543 
In Node Elevation[143] 53.7271 
In Node Elevation[144] 53.2309 
In Node Elevation[145] 52.9681 
In Node Elevation[146] 54.9735 
In Node Elevation[147] 54.7843 
In Node Elevation[148] 54.161 
In Node Elevation[149] 51.2607 
In Node Elevation[150] 53.7076 
In Node Elevation[151] 49.7381 
In Node Elevation[152] 53.0506 
In Node Elevation[153] 46.1234 
In Node Elevation[154] 52.3206 
In Node Elevation[155] 45.381 
In Node Elevation[156] 49.9695 
In Node Elevation[157] 43.0953 
In Node Elevation[158] 43.2083 
In Node Elevation[159] 45.8726 
In Node Elevation[160] 47.2536 
HEAD PRESSURE[0] 31.6462 
HEAD PRESSURE[1] 39.3289 
HEAD PRESSURE[2] 48.8341 
HEAD PRESSURE[3] 48.8699 
HEAD PRESSURE[4] 31.6462 
HEAD PRESSURE[5] 31.6462 
HEAD PRESSURE[6] 31.6462 
HEAD PRESSURE[7] 48.3686 
HEAD PRESSURE[8] 49.2222 
HEAD PRESSURE[9] 50.8928 
HEAD PRESSURE[10] 31.6462 
HEAD PRESSURE[11] 31.6462 
HEAD PRESSURE[12] 31.6462 
HEAD PRESSURE[13] 44.7989 
HEAD PRESSURE[14] 46.8067 
HEAD PRESSURE[15] 31.6462 
HEAD PRESSURE[16] 31.6462 
HEAD PRESSURE[17] 50.8013 
HEAD PRESSURE[18] 31.6462 
HEAD PRESSURE[19] 31.6462 
HEAD PRESSURE[20] 43.9984 
HEAD PRESSURE[21] 52.4896 
HEAD PRESSURE[22] 31.6462 
HEAD PRESSURE[23] 42.156 
HEAD PRESSURE[24] 31.6462 
HEAD PRESSURE[25] 31.6462 
HEAD PRESSURE[26] 43.6087 
HEAD PRESSURE[27] 31.6462 
HEAD PRESSURE[28] 31.6462 
HEAD PRESSURE[29] 53.8553 
HEAD PRESSURE[30] 39.1009 
HEAD PRESSURE[31] 31.6462 
HEAD PRESSURE[32] 31.6462 
HEAD PRESSURE[33] 54.3623 
HEAD PRESSURE[34] 36.8248 
HEAD PRESSURE[35] 38.476 
HEAD PRESSURE[36] 31.6462 
HEAD PRESSURE[37] 31.6462 
HEAD PRESSURE[38] 37.9574 
HEAD PRESSURE[39] 51.752 
HEAD PRESSURE[40] 36.3301 
HEAD PRESSURE[41] 31.6462 
HEAD PRESSURE[42] 37.2064 
HEAD PRESSURE[43] 36.3089 
HEAD PRESSURE[44] 31.6462 
HEAD PRESSURE[45] 31.6462 
HEAD PRESSURE[46] 31.6462 
HEAD PRESSURE[47] 31.6462 
HEAD PRESSURE[48] 31.6462 
HEAD PRESSURE[49] 55.6606 
HEAD PRESSURE[50] 31.6462 
HEAD PRESSURE[51] 35.3398 
HEAD PRESSURE[52] 31.6462 
HEAD PRESSURE[53] 31.6462 
HEAD PRESSURE[54] 31.6462 
HEAD PRESSURE[55] 31.6462 
HEAD PRESSURE[56] 36.5992 
HEAD PRESSURE[57] 34.9489 
HEAD PRESSURE[58] 31.6462 
HEAD PRESSURE[59] 52.5868 
HEAD PRESSURE[60] 53.6081 
HEAD PRESSURE[61] 31.6462 
HEAD PRESSURE[62] 31.6462 
HEAD PRESSURE[63] 33.2003 
HEAD PRESSURE[64] 53.6348 
HEAD PRESSURE[65] 31.6462 
HEAD PRESSURE[66] 31.6462 
HEAD PRESSURE[67] 31.6462 
HEAD PRESSURE[68] 31.6462 
HEAD PRESSURE[69] 31.6462 
HEAD PRESSURE[70] 31.6462 
HEAD PRESSURE[71] 51.9084 
HEAD PRESSURE[72] 53.9246 
HEAD PRESSURE[73] 51.9127 
HEAD PRESSURE[74] 31.6462 
HEAD PRESSURE[75] 52.1555 
HEAD PRESSURE[76] 49.5472 
HEAD PRESSURE[77] 31.6462 
HEAD PRESSURE[78] 49.1019 
HEAD PRESSURE[79] 49.6055 
HEAD PRESSURE[80] 31.6462 
HEAD PRESSURE[81] 53.2112 
HEAD PRESSURE[82] 50.103 
HEAD PRESSURE[83] 31.6462 
HEAD PRESSURE[84] 53.3484 
HEAD PRESSURE[85] 52.3697 
HEAD PRESSURE[86] 31.6462 
HEAD PRESSURE[87] 31.6462 
HEAD PRESSURE[88] 31.6462 
HEAD PRESSURE[89] 31.6462 
HEAD PRESSURE[90] 32.8171 
HEAD PRESSURE[91] 56.26 
HEAD PRESSURE[92] 31.6462 
HEAD PRESSURE[93] 32.9499 
HEAD PRESSURE[94] 31.6462 
HEAD PRESSURE[95] 56.26 
HEAD PRESSURE[96] 31.6462 
HEAD PRESSURE[97] 31.6462 
HEAD PRESSURE[98] 31.6462 
HEAD PRESSURE[99] 31.6462 
HEAD PRESSURE[100] 31.6462 
HEAD PRESSURE[101] 31.6462 
HEAD PRESSURE[102] 46.0355 
HEAD PRESSURE[103] 31.6462 
HEAD PRESSURE[104] 51.5488 
HEAD PRESSURE[105] 31.6462 
HEAD PRESSURE[106] 31.6462 
HEAD PRESSURE[107] 31.6462 
HEAD PRESSURE[108] 31.6462 
HEAD PRESSURE[109] 38.9254 
HEAD PRESSURE[110] 31.6462 
HEAD PRESSURE[111] 31.6462 
HEAD PRESSURE[112] 41.5376 
HEAD PRESSURE[113] 31.6462 
HEAD PRESSURE[114] 31.6462 
HEAD PRESSURE[115] 38.1072 
HEAD PRESSURE[116] 48.8415 
HEAD PRESSURE[117] 31.6462 
HEAD PRESSURE[118] 31.6462 
HEAD PRESSURE[119] 41.3238 
HEAD PRESSURE[120] 31.6462 
HEAD PRESSURE[121] 41.857 
HEAD PRESSURE[122] 41.9154 
HEAD PRESSURE[123] 41.7631 
HEAD PRESSURE[124] 38.7019 
HEAD PRESSURE[125] 31.6462 
HEAD PRESSURE[126] 41.0947 
HEAD PRESSURE[127] 31.6462 
HEAD PRESSURE[128] 31.6462 
HEAD PRESSURE[129] 31.6462 
HEAD PRESSURE[130] 39.6088 
HEAD PRESSURE[131] 38.6443 
HEAD PRESSURE[132] 37.6812 
HEAD PRESSURE[133] 31.6462 
HEAD PRESSURE[134] 31.6462 
HEAD PRESSURE[135] 38.4905 
HEAD PRESSURE[136] 38.5227 
HEAD PRESSURE[137] 32.3688 
HEAD PRESSURE[138] 35.0524 
HEAD PRESSURE[139] 33.7466 
HEAD PRESSURE[140] 33.181 
HEAD PRESSURE[141] 31.6462 
HEAD PRESSURE[142] 31.6462 
HEAD PRESSURE[143] 33.5399 
HEAD PRESSURE[144] 33.8553 
HEAD PRESSURE[145] 33.795 
HEAD PRESSURE[146] 31.6462 
HEAD PRESSURE[147] 31.6462 
HEAD PRESSURE[148] 31.6462 
HEAD PRESSURE[149] 34.05 
HEAD PRESSURE[150] 31.6462 
HEAD PRESSURE[151] 35.3827 
HEAD PRESSURE[152] 31.6462 
HEAD PRESSURE[153] 38.1024 
HEAD PRESSURE[154] 31.6462 
HEAD PRESSURE[155] 36.4969 
HEAD PRESSURE[156] 31.6462 
HEAD PRESSURE[157] 38.1737 
HEAD PRESSURE[158] 37.948 
HEAD PRESSURE[159] 33.1736 
HEAD PRESSURE[160] 31.7146 
