number of nodes: 133 
number of edges: 132 
capital_cost_pump_station: 166000 
ps_OM_cost: 175950 
water_demand: 1.095e-05 
Solution Value: 132784 
Solution Value 1: 132784 
Solution Value 2: 0 
Solution Value 3: 0 
diameter[1,0,0.05] 1 
diameter[1,0,0.06] 0 
diameter[1,0,0.08] 0 
diameter[1,0,0.1] 0 
diameter[1,0,0.15] 0 
diameter[1,0,0.2] 0 
diameter[1,0,0.25] 0 
diameter[1,0,0.3] 0 
diameter[1,0,0.35] 0 
diameter[1,0,0.4] 0 
diameter[1,0,0.45] 0 
diameter[1,0,0.5] 0 
diameter[1,0,0.6] 0 
diameter[2,1,0.05] 1 
diameter[2,1,0.06] 0 
diameter[2,1,0.08] 0 
diameter[2,1,0.1] 0 
diameter[2,1,0.15] 0 
diameter[2,1,0.2] 0 
diameter[2,1,0.25] 0 
diameter[2,1,0.3] 0 
diameter[2,1,0.35] 0 
diameter[2,1,0.4] 0 
diameter[2,1,0.45] 0 
diameter[2,1,0.5] 0 
diameter[2,1,0.6] 0 
diameter[2,4,0.05] 1 
diameter[2,4,0.06] 0 
diameter[2,4,0.08] 0 
diameter[2,4,0.1] 0 
diameter[2,4,0.15] 0 
diameter[2,4,0.2] 0 
diameter[2,4,0.25] 0 
diameter[2,4,0.3] 0 
diameter[2,4,0.35] 0 
diameter[2,4,0.4] 0 
diameter[2,4,0.45] 0 
diameter[2,4,0.5] 0 
diameter[2,4,0.6] 0 
diameter[3,2,0.05] 0 
diameter[3,2,0.06] 1 
diameter[3,2,0.08] 0 
diameter[3,2,0.1] 0 
diameter[3,2,0.15] 0 
diameter[3,2,0.2] 0 
diameter[3,2,0.25] 0 
diameter[3,2,0.3] 0 
diameter[3,2,0.35] 0 
diameter[3,2,0.4] 0 
diameter[3,2,0.45] 0 
diameter[3,2,0.5] 0 
diameter[3,2,0.6] 0 
diameter[4,6,0.05] 1 
diameter[4,6,0.06] 0 
diameter[4,6,0.08] 0 
diameter[4,6,0.1] 0 
diameter[4,6,0.15] 0 
diameter[4,6,0.2] 0 
diameter[4,6,0.25] 0 
diameter[4,6,0.3] 0 
diameter[4,6,0.35] 0 
diameter[4,6,0.4] 0 
diameter[4,6,0.45] 0 
diameter[4,6,0.5] 0 
diameter[4,6,0.6] 0 
diameter[5,3,0.05] 0 
diameter[5,3,0.06] 1 
diameter[5,3,0.08] 0 
diameter[5,3,0.1] 0 
diameter[5,3,0.15] 0 
diameter[5,3,0.2] 0 
diameter[5,3,0.25] 0 
diameter[5,3,0.3] 0 
diameter[5,3,0.35] 0 
diameter[5,3,0.4] 0 
diameter[5,3,0.45] 0 
diameter[5,3,0.5] 0 
diameter[5,3,0.6] 0 
diameter[7,5,0.05] 0 
diameter[7,5,0.06] 0 
diameter[7,5,0.08] 1 
diameter[7,5,0.1] 0 
diameter[7,5,0.15] 0 
diameter[7,5,0.2] 0 
diameter[7,5,0.25] 0 
diameter[7,5,0.3] 0 
diameter[7,5,0.35] 0 
diameter[7,5,0.4] 0 
diameter[7,5,0.45] 0 
diameter[7,5,0.5] 0 
diameter[7,5,0.6] 0 
diameter[8,9,0.05] 0 
diameter[8,9,0.06] 0 
diameter[8,9,0.08] 1 
diameter[8,9,0.1] 0 
diameter[8,9,0.15] 0 
diameter[8,9,0.2] 0 
diameter[8,9,0.25] 0 
diameter[8,9,0.3] 0 
diameter[8,9,0.35] 0 
diameter[8,9,0.4] 0 
diameter[8,9,0.45] 0 
diameter[8,9,0.5] 0 
diameter[8,9,0.6] 0 
diameter[9,7,0.05] 0 
diameter[9,7,0.06] 0 
diameter[9,7,0.08] 1 
diameter[9,7,0.1] 0 
diameter[9,7,0.15] 0 
diameter[9,7,0.2] 0 
diameter[9,7,0.25] 0 
diameter[9,7,0.3] 0 
diameter[9,7,0.35] 0 
diameter[9,7,0.4] 0 
diameter[9,7,0.45] 0 
diameter[9,7,0.5] 0 
diameter[9,7,0.6] 0 
diameter[11,8,0.05] 0 
diameter[11,8,0.06] 0 
diameter[11,8,0.08] 1 
diameter[11,8,0.1] 0 
diameter[11,8,0.15] 0 
diameter[11,8,0.2] 0 
diameter[11,8,0.25] 0 
diameter[11,8,0.3] 0 
diameter[11,8,0.35] 0 
diameter[11,8,0.4] 0 
diameter[11,8,0.45] 0 
diameter[11,8,0.5] 0 
diameter[11,8,0.6] 0 
diameter[12,11,0.05] 0 
diameter[12,11,0.06] 0 
diameter[12,11,0.08] 1 
diameter[12,11,0.1] 0 
diameter[12,11,0.15] 0 
diameter[12,11,0.2] 0 
diameter[12,11,0.25] 0 
diameter[12,11,0.3] 0 
diameter[12,11,0.35] 0 
diameter[12,11,0.4] 0 
diameter[12,11,0.45] 0 
diameter[12,11,0.5] 0 
diameter[12,11,0.6] 0 
diameter[13,14,0.05] 1 
diameter[13,14,0.06] 0 
diameter[13,14,0.08] 0 
diameter[13,14,0.1] 0 
diameter[13,14,0.15] 0 
diameter[13,14,0.2] 0 
diameter[13,14,0.25] 0 
diameter[13,14,0.3] 0 
diameter[13,14,0.35] 0 
diameter[13,14,0.4] 0 
diameter[13,14,0.45] 0 
diameter[13,14,0.5] 0 
diameter[13,14,0.6] 0 
diameter[14,10,0.05] 1 
diameter[14,10,0.06] 0 
diameter[14,10,0.08] 0 
diameter[14,10,0.1] 0 
diameter[14,10,0.15] 0 
diameter[14,10,0.2] 0 
diameter[14,10,0.25] 0 
diameter[14,10,0.3] 0 
diameter[14,10,0.35] 0 
diameter[14,10,0.4] 0 
diameter[14,10,0.45] 0 
diameter[14,10,0.5] 0 
diameter[14,10,0.6] 0 
diameter[14,23,0.05] 1 
diameter[14,23,0.06] 0 
diameter[14,23,0.08] 0 
diameter[14,23,0.1] 0 
diameter[14,23,0.15] 0 
diameter[14,23,0.2] 0 
diameter[14,23,0.25] 0 
diameter[14,23,0.3] 0 
diameter[14,23,0.35] 0 
diameter[14,23,0.4] 0 
diameter[14,23,0.45] 0 
diameter[14,23,0.5] 0 
diameter[14,23,0.6] 0 
diameter[15,13,0.05] 0 
diameter[15,13,0.06] 1 
diameter[15,13,0.08] 0 
diameter[15,13,0.1] 0 
diameter[15,13,0.15] 0 
diameter[15,13,0.2] 0 
diameter[15,13,0.25] 0 
diameter[15,13,0.3] 0 
diameter[15,13,0.35] 0 
diameter[15,13,0.4] 0 
diameter[15,13,0.45] 0 
diameter[15,13,0.5] 0 
diameter[15,13,0.6] 0 
diameter[17,22,0.05] 0 
diameter[17,22,0.06] 1 
diameter[17,22,0.08] 0 
diameter[17,22,0.1] 0 
diameter[17,22,0.15] 0 
diameter[17,22,0.2] 0 
diameter[17,22,0.25] 0 
diameter[17,22,0.3] 0 
diameter[17,22,0.35] 0 
diameter[17,22,0.4] 0 
diameter[17,22,0.45] 0 
diameter[17,22,0.5] 0 
diameter[17,22,0.6] 0 
diameter[18,16,0.05] 1 
diameter[18,16,0.06] 0 
diameter[18,16,0.08] 0 
diameter[18,16,0.1] 0 
diameter[18,16,0.15] 0 
diameter[18,16,0.2] 0 
diameter[18,16,0.25] 0 
diameter[18,16,0.3] 0 
diameter[18,16,0.35] 0 
diameter[18,16,0.4] 0 
diameter[18,16,0.45] 0 
diameter[18,16,0.5] 0 
diameter[18,16,0.6] 0 
diameter[19,12,0.05] 0 
diameter[19,12,0.06] 0 
diameter[19,12,0.08] 1 
diameter[19,12,0.1] 0 
diameter[19,12,0.15] 0 
diameter[19,12,0.2] 0 
diameter[19,12,0.25] 0 
diameter[19,12,0.3] 0 
diameter[19,12,0.35] 0 
diameter[19,12,0.4] 0 
diameter[19,12,0.45] 0 
diameter[19,12,0.5] 0 
diameter[19,12,0.6] 0 
diameter[19,18,0.05] 1 
diameter[19,18,0.06] 0 
diameter[19,18,0.08] 0 
diameter[19,18,0.1] 0 
diameter[19,18,0.15] 0 
diameter[19,18,0.2] 0 
diameter[19,18,0.25] 0 
diameter[19,18,0.3] 0 
diameter[19,18,0.35] 0 
diameter[19,18,0.4] 0 
diameter[19,18,0.45] 0 
diameter[19,18,0.5] 0 
diameter[19,18,0.6] 0 
diameter[20,19,0.05] 0 
diameter[20,19,0.06] 0 
diameter[20,19,0.08] 0 
diameter[20,19,0.1] 1 
diameter[20,19,0.15] 0 
diameter[20,19,0.2] 0 
diameter[20,19,0.25] 0 
diameter[20,19,0.3] 0 
diameter[20,19,0.35] 0 
diameter[20,19,0.4] 0 
diameter[20,19,0.45] 0 
diameter[20,19,0.5] 0 
diameter[20,19,0.6] 0 
diameter[20,21,0.05] 0 
diameter[20,21,0.06] 0 
diameter[20,21,0.08] 1 
diameter[20,21,0.1] 0 
diameter[20,21,0.15] 0 
diameter[20,21,0.2] 0 
diameter[20,21,0.25] 0 
diameter[20,21,0.3] 0 
diameter[20,21,0.35] 0 
diameter[20,21,0.4] 0 
diameter[20,21,0.45] 0 
diameter[20,21,0.5] 0 
diameter[20,21,0.6] 0 
diameter[21,17,0.05] 0 
diameter[21,17,0.06] 0 
diameter[21,17,0.08] 1 
diameter[21,17,0.1] 0 
diameter[21,17,0.15] 0 
diameter[21,17,0.2] 0 
diameter[21,17,0.25] 0 
diameter[21,17,0.3] 0 
diameter[21,17,0.35] 0 
diameter[21,17,0.4] 0 
diameter[21,17,0.45] 0 
diameter[21,17,0.5] 0 
diameter[21,17,0.6] 0 
diameter[22,15,0.05] 0 
diameter[22,15,0.06] 1 
diameter[22,15,0.08] 0 
diameter[22,15,0.1] 0 
diameter[22,15,0.15] 0 
diameter[22,15,0.2] 0 
diameter[22,15,0.25] 0 
diameter[22,15,0.3] 0 
diameter[22,15,0.35] 0 
diameter[22,15,0.4] 0 
diameter[22,15,0.45] 0 
diameter[22,15,0.5] 0 
diameter[22,15,0.6] 0 
diameter[24,20,0.05] 0 
diameter[24,20,0.06] 0 
diameter[24,20,0.08] 0 
diameter[24,20,0.1] 1 
diameter[24,20,0.15] 0 
diameter[24,20,0.2] 0 
diameter[24,20,0.25] 0 
diameter[24,20,0.3] 0 
diameter[24,20,0.35] 0 
diameter[24,20,0.4] 0 
diameter[24,20,0.45] 0 
diameter[24,20,0.5] 0 
diameter[24,20,0.6] 0 
diameter[25,24,0.05] 0 
diameter[25,24,0.06] 0 
diameter[25,24,0.08] 0 
diameter[25,24,0.1] 1 
diameter[25,24,0.15] 0 
diameter[25,24,0.2] 0 
diameter[25,24,0.25] 0 
diameter[25,24,0.3] 0 
diameter[25,24,0.35] 0 
diameter[25,24,0.4] 0 
diameter[25,24,0.45] 0 
diameter[25,24,0.5] 0 
diameter[25,24,0.6] 0 
diameter[25,29,0.05] 1 
diameter[25,29,0.06] 0 
diameter[25,29,0.08] 0 
diameter[25,29,0.1] 0 
diameter[25,29,0.15] 0 
diameter[25,29,0.2] 0 
diameter[25,29,0.25] 0 
diameter[25,29,0.3] 0 
diameter[25,29,0.35] 0 
diameter[25,29,0.4] 0 
diameter[25,29,0.45] 0 
diameter[25,29,0.5] 0 
diameter[25,29,0.6] 0 
diameter[27,28,0.05] 0 
diameter[27,28,0.06] 1 
diameter[27,28,0.08] 0 
diameter[27,28,0.1] 0 
diameter[27,28,0.15] 0 
diameter[27,28,0.2] 0 
diameter[27,28,0.25] 0 
diameter[27,28,0.3] 0 
diameter[27,28,0.35] 0 
diameter[27,28,0.4] 0 
diameter[27,28,0.45] 0 
diameter[27,28,0.5] 0 
diameter[27,28,0.6] 0 
diameter[28,35,0.05] 0 
diameter[28,35,0.06] 1 
diameter[28,35,0.08] 0 
diameter[28,35,0.1] 0 
diameter[28,35,0.15] 0 
diameter[28,35,0.2] 0 
diameter[28,35,0.25] 0 
diameter[28,35,0.3] 0 
diameter[28,35,0.35] 0 
diameter[28,35,0.4] 0 
diameter[28,35,0.45] 0 
diameter[28,35,0.5] 0 
diameter[28,35,0.6] 0 
diameter[30,25,0.05] 0 
diameter[30,25,0.06] 0 
diameter[30,25,0.08] 0 
diameter[30,25,0.1] 1 
diameter[30,25,0.15] 0 
diameter[30,25,0.2] 0 
diameter[30,25,0.25] 0 
diameter[30,25,0.3] 0 
diameter[30,25,0.35] 0 
diameter[30,25,0.4] 0 
diameter[30,25,0.45] 0 
diameter[30,25,0.5] 0 
diameter[30,25,0.6] 0 
diameter[30,31,0.05] 0 
diameter[30,31,0.06] 0 
diameter[30,31,0.08] 1 
diameter[30,31,0.1] 0 
diameter[30,31,0.15] 0 
diameter[30,31,0.2] 0 
diameter[30,31,0.25] 0 
diameter[30,31,0.3] 0 
diameter[30,31,0.35] 0 
diameter[30,31,0.4] 0 
diameter[30,31,0.45] 0 
diameter[30,31,0.5] 0 
diameter[30,31,0.6] 0 
diameter[31,32,0.05] 0 
diameter[31,32,0.06] 0 
diameter[31,32,0.08] 0 
diameter[31,32,0.1] 1 
diameter[31,32,0.15] 0 
diameter[31,32,0.2] 0 
diameter[31,32,0.25] 0 
diameter[31,32,0.3] 0 
diameter[31,32,0.35] 0 
diameter[31,32,0.4] 0 
diameter[31,32,0.45] 0 
diameter[31,32,0.5] 0 
diameter[31,32,0.6] 0 
diameter[32,27,0.05] 0 
diameter[32,27,0.06] 0 
diameter[32,27,0.08] 0 
diameter[32,27,0.1] 1 
diameter[32,27,0.15] 0 
diameter[32,27,0.2] 0 
diameter[32,27,0.25] 0 
diameter[32,27,0.3] 0 
diameter[32,27,0.35] 0 
diameter[32,27,0.4] 0 
diameter[32,27,0.45] 0 
diameter[32,27,0.5] 0 
diameter[32,27,0.6] 0 
diameter[32,37,0.05] 1 
diameter[32,37,0.06] 0 
diameter[32,37,0.08] 0 
diameter[32,37,0.1] 0 
diameter[32,37,0.15] 0 
diameter[32,37,0.2] 0 
diameter[32,37,0.25] 0 
diameter[32,37,0.3] 0 
diameter[32,37,0.35] 0 
diameter[32,37,0.4] 0 
diameter[32,37,0.45] 0 
diameter[32,37,0.5] 0 
diameter[32,37,0.6] 0 
diameter[33,26,0.05] 1 
diameter[33,26,0.06] 0 
diameter[33,26,0.08] 0 
diameter[33,26,0.1] 0 
diameter[33,26,0.15] 0 
diameter[33,26,0.2] 0 
diameter[33,26,0.25] 0 
diameter[33,26,0.3] 0 
diameter[33,26,0.35] 0 
diameter[33,26,0.4] 0 
diameter[33,26,0.45] 0 
diameter[33,26,0.5] 0 
diameter[33,26,0.6] 0 
diameter[33,36,0.05] 1 
diameter[33,36,0.06] 0 
diameter[33,36,0.08] 0 
diameter[33,36,0.1] 0 
diameter[33,36,0.15] 0 
diameter[33,36,0.2] 0 
diameter[33,36,0.25] 0 
diameter[33,36,0.3] 0 
diameter[33,36,0.35] 0 
diameter[33,36,0.4] 0 
diameter[33,36,0.45] 0 
diameter[33,36,0.5] 0 
diameter[33,36,0.6] 0 
diameter[34,30,0.05] 0 
diameter[34,30,0.06] 0 
diameter[34,30,0.08] 0 
diameter[34,30,0.1] 0 
diameter[34,30,0.15] 1 
diameter[34,30,0.2] 0 
diameter[34,30,0.25] 0 
diameter[34,30,0.3] 0 
diameter[34,30,0.35] 0 
diameter[34,30,0.4] 0 
diameter[34,30,0.45] 0 
diameter[34,30,0.5] 0 
diameter[34,30,0.6] 0 
diameter[35,33,0.05] 1 
diameter[35,33,0.06] 0 
diameter[35,33,0.08] 0 
diameter[35,33,0.1] 0 
diameter[35,33,0.15] 0 
diameter[35,33,0.2] 0 
diameter[35,33,0.25] 0 
diameter[35,33,0.3] 0 
diameter[35,33,0.35] 0 
diameter[35,33,0.4] 0 
diameter[35,33,0.45] 0 
diameter[35,33,0.5] 0 
diameter[35,33,0.6] 0 
diameter[35,39,0.05] 1 
diameter[35,39,0.06] 0 
diameter[35,39,0.08] 0 
diameter[35,39,0.1] 0 
diameter[35,39,0.15] 0 
diameter[35,39,0.2] 0 
diameter[35,39,0.25] 0 
diameter[35,39,0.3] 0 
diameter[35,39,0.35] 0 
diameter[35,39,0.4] 0 
diameter[35,39,0.45] 0 
diameter[35,39,0.5] 0 
diameter[35,39,0.6] 0 
diameter[36,40,0.05] 1 
diameter[36,40,0.06] 0 
diameter[36,40,0.08] 0 
diameter[36,40,0.1] 0 
diameter[36,40,0.15] 0 
diameter[36,40,0.2] 0 
diameter[36,40,0.25] 0 
diameter[36,40,0.3] 0 
diameter[36,40,0.35] 0 
diameter[36,40,0.4] 0 
diameter[36,40,0.45] 0 
diameter[36,40,0.5] 0 
diameter[36,40,0.6] 0 
diameter[38,34,0.05] 0 
diameter[38,34,0.06] 0 
diameter[38,34,0.08] 0 
diameter[38,34,0.1] 0 
diameter[38,34,0.15] 1 
diameter[38,34,0.2] 0 
diameter[38,34,0.25] 0 
diameter[38,34,0.3] 0 
diameter[38,34,0.35] 0 
diameter[38,34,0.4] 0 
diameter[38,34,0.45] 0 
diameter[38,34,0.5] 0 
diameter[38,34,0.6] 0 
diameter[41,38,0.05] 0 
diameter[41,38,0.06] 0 
diameter[41,38,0.08] 0 
diameter[41,38,0.1] 1 
diameter[41,38,0.15] 0 
diameter[41,38,0.2] 0 
diameter[41,38,0.25] 0 
diameter[41,38,0.3] 0 
diameter[41,38,0.35] 0 
diameter[41,38,0.4] 0 
diameter[41,38,0.45] 0 
diameter[41,38,0.5] 0 
diameter[41,38,0.6] 0 
diameter[42,43,0.05] 1 
diameter[42,43,0.06] 0 
diameter[42,43,0.08] 0 
diameter[42,43,0.1] 0 
diameter[42,43,0.15] 0 
diameter[42,43,0.2] 0 
diameter[42,43,0.25] 0 
diameter[42,43,0.3] 0 
diameter[42,43,0.35] 0 
diameter[42,43,0.4] 0 
diameter[42,43,0.45] 0 
diameter[42,43,0.5] 0 
diameter[42,43,0.6] 0 
diameter[44,41,0.05] 0 
diameter[44,41,0.06] 0 
diameter[44,41,0.08] 0 
diameter[44,41,0.1] 0 
diameter[44,41,0.15] 1 
diameter[44,41,0.2] 0 
diameter[44,41,0.25] 0 
diameter[44,41,0.3] 0 
diameter[44,41,0.35] 0 
diameter[44,41,0.4] 0 
diameter[44,41,0.45] 0 
diameter[44,41,0.5] 0 
diameter[44,41,0.6] 0 
diameter[45,42,0.05] 1 
diameter[45,42,0.06] 0 
diameter[45,42,0.08] 0 
diameter[45,42,0.1] 0 
diameter[45,42,0.15] 0 
diameter[45,42,0.2] 0 
diameter[45,42,0.25] 0 
diameter[45,42,0.3] 0 
diameter[45,42,0.35] 0 
diameter[45,42,0.4] 0 
diameter[45,42,0.45] 0 
diameter[45,42,0.5] 0 
diameter[45,42,0.6] 0 
diameter[45,47,0.05] 0 
diameter[45,47,0.06] 1 
diameter[45,47,0.08] 0 
diameter[45,47,0.1] 0 
diameter[45,47,0.15] 0 
diameter[45,47,0.2] 0 
diameter[45,47,0.25] 0 
diameter[45,47,0.3] 0 
diameter[45,47,0.35] 0 
diameter[45,47,0.4] 0 
diameter[45,47,0.45] 0 
diameter[45,47,0.5] 0 
diameter[45,47,0.6] 0 
diameter[46,44,0.05] 0 
diameter[46,44,0.06] 0 
diameter[46,44,0.08] 0 
diameter[46,44,0.1] 0 
diameter[46,44,0.15] 1 
diameter[46,44,0.2] 0 
diameter[46,44,0.25] 0 
diameter[46,44,0.3] 0 
diameter[46,44,0.35] 0 
diameter[46,44,0.4] 0 
diameter[46,44,0.45] 0 
diameter[46,44,0.5] 0 
diameter[46,44,0.6] 0 
diameter[46,45,0.05] 0 
diameter[46,45,0.06] 1 
diameter[46,45,0.08] 0 
diameter[46,45,0.1] 0 
diameter[46,45,0.15] 0 
diameter[46,45,0.2] 0 
diameter[46,45,0.25] 0 
diameter[46,45,0.3] 0 
diameter[46,45,0.35] 0 
diameter[46,45,0.4] 0 
diameter[46,45,0.45] 0 
diameter[46,45,0.5] 0 
diameter[46,45,0.6] 0 
diameter[47,49,0.05] 0 
diameter[47,49,0.06] 1 
diameter[47,49,0.08] 0 
diameter[47,49,0.1] 0 
diameter[47,49,0.15] 0 
diameter[47,49,0.2] 0 
diameter[47,49,0.25] 0 
diameter[47,49,0.3] 0 
diameter[47,49,0.35] 0 
diameter[47,49,0.4] 0 
diameter[47,49,0.45] 0 
diameter[47,49,0.5] 0 
diameter[47,49,0.6] 0 
diameter[48,46,0.05] 0 
diameter[48,46,0.06] 0 
diameter[48,46,0.08] 0 
diameter[48,46,0.1] 0 
diameter[48,46,0.15] 1 
diameter[48,46,0.2] 0 
diameter[48,46,0.25] 0 
diameter[48,46,0.3] 0 
diameter[48,46,0.35] 0 
diameter[48,46,0.4] 0 
diameter[48,46,0.45] 0 
diameter[48,46,0.5] 0 
diameter[48,46,0.6] 0 
diameter[49,54,0.05] 1 
diameter[49,54,0.06] 0 
diameter[49,54,0.08] 0 
diameter[49,54,0.1] 0 
diameter[49,54,0.15] 0 
diameter[49,54,0.2] 0 
diameter[49,54,0.25] 0 
diameter[49,54,0.3] 0 
diameter[49,54,0.35] 0 
diameter[49,54,0.4] 0 
diameter[49,54,0.45] 0 
diameter[49,54,0.5] 0 
diameter[49,54,0.6] 0 
diameter[51,48,0.05] 0 
diameter[51,48,0.06] 0 
diameter[51,48,0.08] 0 
diameter[51,48,0.1] 0 
diameter[51,48,0.15] 1 
diameter[51,48,0.2] 0 
diameter[51,48,0.25] 0 
diameter[51,48,0.3] 0 
diameter[51,48,0.35] 0 
diameter[51,48,0.4] 0 
diameter[51,48,0.45] 0 
diameter[51,48,0.5] 0 
diameter[51,48,0.6] 0 
diameter[51,52,0.05] 1 
diameter[51,52,0.06] 0 
diameter[51,52,0.08] 0 
diameter[51,52,0.1] 0 
diameter[51,52,0.15] 0 
diameter[51,52,0.2] 0 
diameter[51,52,0.25] 0 
diameter[51,52,0.3] 0 
diameter[51,52,0.35] 0 
diameter[51,52,0.4] 0 
diameter[51,52,0.45] 0 
diameter[51,52,0.5] 0 
diameter[51,52,0.6] 0 
diameter[53,50,0.05] 1 
diameter[53,50,0.06] 0 
diameter[53,50,0.08] 0 
diameter[53,50,0.1] 0 
diameter[53,50,0.15] 0 
diameter[53,50,0.2] 0 
diameter[53,50,0.25] 0 
diameter[53,50,0.3] 0 
diameter[53,50,0.35] 0 
diameter[53,50,0.4] 0 
diameter[53,50,0.45] 0 
diameter[53,50,0.5] 0 
diameter[53,50,0.6] 0 
diameter[53,51,0.05] 0 
diameter[53,51,0.06] 0 
diameter[53,51,0.08] 0 
diameter[53,51,0.1] 0 
diameter[53,51,0.15] 1 
diameter[53,51,0.2] 0 
diameter[53,51,0.25] 0 
diameter[53,51,0.3] 0 
diameter[53,51,0.35] 0 
diameter[53,51,0.4] 0 
diameter[53,51,0.45] 0 
diameter[53,51,0.5] 0 
diameter[53,51,0.6] 0 
diameter[54,57,0.05] 1 
diameter[54,57,0.06] 0 
diameter[54,57,0.08] 0 
diameter[54,57,0.1] 0 
diameter[54,57,0.15] 0 
diameter[54,57,0.2] 0 
diameter[54,57,0.25] 0 
diameter[54,57,0.3] 0 
diameter[54,57,0.35] 0 
diameter[54,57,0.4] 0 
diameter[54,57,0.45] 0 
diameter[54,57,0.5] 0 
diameter[54,57,0.6] 0 
diameter[55,53,0.05] 0 
diameter[55,53,0.06] 0 
diameter[55,53,0.08] 0 
diameter[55,53,0.1] 0 
diameter[55,53,0.15] 1 
diameter[55,53,0.2] 0 
diameter[55,53,0.25] 0 
diameter[55,53,0.3] 0 
diameter[55,53,0.35] 0 
diameter[55,53,0.4] 0 
diameter[55,53,0.45] 0 
diameter[55,53,0.5] 0 
diameter[55,53,0.6] 0 
diameter[55,58,0.05] 1 
diameter[55,58,0.06] 0 
diameter[55,58,0.08] 0 
diameter[55,58,0.1] 0 
diameter[55,58,0.15] 0 
diameter[55,58,0.2] 0 
diameter[55,58,0.25] 0 
diameter[55,58,0.3] 0 
diameter[55,58,0.35] 0 
diameter[55,58,0.4] 0 
diameter[55,58,0.45] 0 
diameter[55,58,0.5] 0 
diameter[55,58,0.6] 0 
diameter[57,56,0.05] 1 
diameter[57,56,0.06] 0 
diameter[57,56,0.08] 0 
diameter[57,56,0.1] 0 
diameter[57,56,0.15] 0 
diameter[57,56,0.2] 0 
diameter[57,56,0.25] 0 
diameter[57,56,0.3] 0 
diameter[57,56,0.35] 0 
diameter[57,56,0.4] 0 
diameter[57,56,0.45] 0 
diameter[57,56,0.5] 0 
diameter[57,56,0.6] 0 
diameter[59,55,0.05] 0 
diameter[59,55,0.06] 0 
diameter[59,55,0.08] 0 
diameter[59,55,0.1] 0 
diameter[59,55,0.15] 1 
diameter[59,55,0.2] 0 
diameter[59,55,0.25] 0 
diameter[59,55,0.3] 0 
diameter[59,55,0.35] 0 
diameter[59,55,0.4] 0 
diameter[59,55,0.45] 0 
diameter[59,55,0.5] 0 
diameter[59,55,0.6] 0 
diameter[60,63,0.05] 0 
diameter[60,63,0.06] 0 
diameter[60,63,0.08] 0 
diameter[60,63,0.1] 0 
diameter[60,63,0.15] 1 
diameter[60,63,0.2] 0 
diameter[60,63,0.25] 0 
diameter[60,63,0.3] 0 
diameter[60,63,0.35] 0 
diameter[60,63,0.4] 0 
diameter[60,63,0.45] 0 
diameter[60,63,0.5] 0 
diameter[60,63,0.6] 0 
diameter[61,60,0.05] 0 
diameter[61,60,0.06] 0 
diameter[61,60,0.08] 0 
diameter[61,60,0.1] 0 
diameter[61,60,0.15] 1 
diameter[61,60,0.2] 0 
diameter[61,60,0.25] 0 
diameter[61,60,0.3] 0 
diameter[61,60,0.35] 0 
diameter[61,60,0.4] 0 
diameter[61,60,0.45] 0 
diameter[61,60,0.5] 0 
diameter[61,60,0.6] 0 
diameter[61,62,0.05] 1 
diameter[61,62,0.06] 0 
diameter[61,62,0.08] 0 
diameter[61,62,0.1] 0 
diameter[61,62,0.15] 0 
diameter[61,62,0.2] 0 
diameter[61,62,0.25] 0 
diameter[61,62,0.3] 0 
diameter[61,62,0.35] 0 
diameter[61,62,0.4] 0 
diameter[61,62,0.45] 0 
diameter[61,62,0.5] 0 
diameter[61,62,0.6] 0 
diameter[62,64,0.05] 1 
diameter[62,64,0.06] 0 
diameter[62,64,0.08] 0 
diameter[62,64,0.1] 0 
diameter[62,64,0.15] 0 
diameter[62,64,0.2] 0 
diameter[62,64,0.25] 0 
diameter[62,64,0.3] 0 
diameter[62,64,0.35] 0 
diameter[62,64,0.4] 0 
diameter[62,64,0.45] 0 
diameter[62,64,0.5] 0 
diameter[62,64,0.6] 0 
diameter[63,59,0.05] 0 
diameter[63,59,0.06] 0 
diameter[63,59,0.08] 0 
diameter[63,59,0.1] 0 
diameter[63,59,0.15] 1 
diameter[63,59,0.2] 0 
diameter[63,59,0.25] 0 
diameter[63,59,0.3] 0 
diameter[63,59,0.35] 0 
diameter[63,59,0.4] 0 
diameter[63,59,0.45] 0 
diameter[63,59,0.5] 0 
diameter[63,59,0.6] 0 
diameter[65,61,0.05] 0 
diameter[65,61,0.06] 0 
diameter[65,61,0.08] 0 
diameter[65,61,0.1] 0 
diameter[65,61,0.15] 1 
diameter[65,61,0.2] 0 
diameter[65,61,0.25] 0 
diameter[65,61,0.3] 0 
diameter[65,61,0.35] 0 
diameter[65,61,0.4] 0 
diameter[65,61,0.45] 0 
diameter[65,61,0.5] 0 
diameter[65,61,0.6] 0 
diameter[66,65,0.05] 0 
diameter[66,65,0.06] 0 
diameter[66,65,0.08] 0 
diameter[66,65,0.1] 0 
diameter[66,65,0.15] 1 
diameter[66,65,0.2] 0 
diameter[66,65,0.25] 0 
diameter[66,65,0.3] 0 
diameter[66,65,0.35] 0 
diameter[66,65,0.4] 0 
diameter[66,65,0.45] 0 
diameter[66,65,0.5] 0 
diameter[66,65,0.6] 0 
diameter[67,66,0.05] 0 
diameter[67,66,0.06] 0 
diameter[67,66,0.08] 0 
diameter[67,66,0.1] 0 
diameter[67,66,0.15] 1 
diameter[67,66,0.2] 0 
diameter[67,66,0.25] 0 
diameter[67,66,0.3] 0 
diameter[67,66,0.35] 0 
diameter[67,66,0.4] 0 
diameter[67,66,0.45] 0 
diameter[67,66,0.5] 0 
diameter[67,66,0.6] 0 
diameter[68,67,0.05] 0 
diameter[68,67,0.06] 0 
diameter[68,67,0.08] 0 
diameter[68,67,0.1] 0 
diameter[68,67,0.15] 1 
diameter[68,67,0.2] 0 
diameter[68,67,0.25] 0 
diameter[68,67,0.3] 0 
diameter[68,67,0.35] 0 
diameter[68,67,0.4] 0 
diameter[68,67,0.45] 0 
diameter[68,67,0.5] 0 
diameter[68,67,0.6] 0 
diameter[69,71,0.05] 0 
diameter[69,71,0.06] 0 
diameter[69,71,0.08] 0 
diameter[69,71,0.1] 0 
diameter[69,71,0.15] 1 
diameter[69,71,0.2] 0 
diameter[69,71,0.25] 0 
diameter[69,71,0.3] 0 
diameter[69,71,0.35] 0 
diameter[69,71,0.4] 0 
diameter[69,71,0.45] 0 
diameter[69,71,0.5] 0 
diameter[69,71,0.6] 0 
diameter[70,68,0.05] 0 
diameter[70,68,0.06] 0 
diameter[70,68,0.08] 0 
diameter[70,68,0.1] 0 
diameter[70,68,0.15] 1 
diameter[70,68,0.2] 0 
diameter[70,68,0.25] 0 
diameter[70,68,0.3] 0 
diameter[70,68,0.35] 0 
diameter[70,68,0.4] 0 
diameter[70,68,0.45] 0 
diameter[70,68,0.5] 0 
diameter[70,68,0.6] 0 
diameter[71,70,0.05] 0 
diameter[71,70,0.06] 0 
diameter[71,70,0.08] 0 
diameter[71,70,0.1] 0 
diameter[71,70,0.15] 1 
diameter[71,70,0.2] 0 
diameter[71,70,0.25] 0 
diameter[71,70,0.3] 0 
diameter[71,70,0.35] 0 
diameter[71,70,0.4] 0 
diameter[71,70,0.45] 0 
diameter[71,70,0.5] 0 
diameter[71,70,0.6] 0 
diameter[72,69,0.05] 0 
diameter[72,69,0.06] 0 
diameter[72,69,0.08] 0 
diameter[72,69,0.1] 0 
diameter[72,69,0.15] 1 
diameter[72,69,0.2] 0 
diameter[72,69,0.25] 0 
diameter[72,69,0.3] 0 
diameter[72,69,0.35] 0 
diameter[72,69,0.4] 0 
diameter[72,69,0.45] 0 
diameter[72,69,0.5] 0 
diameter[72,69,0.6] 0 
diameter[73,74,0.05] 0 
diameter[73,74,0.06] 0 
diameter[73,74,0.08] 0 
diameter[73,74,0.1] 0 
diameter[73,74,0.15] 1 
diameter[73,74,0.2] 0 
diameter[73,74,0.25] 0 
diameter[73,74,0.3] 0 
diameter[73,74,0.35] 0 
diameter[73,74,0.4] 0 
diameter[73,74,0.45] 0 
diameter[73,74,0.5] 0 
diameter[73,74,0.6] 0 
diameter[74,72,0.05] 0 
diameter[74,72,0.06] 0 
diameter[74,72,0.08] 0 
diameter[74,72,0.1] 0 
diameter[74,72,0.15] 1 
diameter[74,72,0.2] 0 
diameter[74,72,0.25] 0 
diameter[74,72,0.3] 0 
diameter[74,72,0.35] 0 
diameter[74,72,0.4] 0 
diameter[74,72,0.45] 0 
diameter[74,72,0.5] 0 
diameter[74,72,0.6] 0 
diameter[74,80,0.05] 0 
diameter[74,80,0.06] 0 
diameter[74,80,0.08] 0 
diameter[74,80,0.1] 0 
diameter[74,80,0.15] 1 
diameter[74,80,0.2] 0 
diameter[74,80,0.25] 0 
diameter[74,80,0.3] 0 
diameter[74,80,0.35] 0 
diameter[74,80,0.4] 0 
diameter[74,80,0.45] 0 
diameter[74,80,0.5] 0 
diameter[74,80,0.6] 0 
diameter[75,73,0.05] 0 
diameter[75,73,0.06] 0 
diameter[75,73,0.08] 0 
diameter[75,73,0.1] 0 
diameter[75,73,0.15] 1 
diameter[75,73,0.2] 0 
diameter[75,73,0.25] 0 
diameter[75,73,0.3] 0 
diameter[75,73,0.35] 0 
diameter[75,73,0.4] 0 
diameter[75,73,0.45] 0 
diameter[75,73,0.5] 0 
diameter[75,73,0.6] 0 
diameter[76,77,0.05] 1 
diameter[76,77,0.06] 0 
diameter[76,77,0.08] 0 
diameter[76,77,0.1] 0 
diameter[76,77,0.15] 0 
diameter[76,77,0.2] 0 
diameter[76,77,0.25] 0 
diameter[76,77,0.3] 0 
diameter[76,77,0.35] 0 
diameter[76,77,0.4] 0 
diameter[76,77,0.45] 0 
diameter[76,77,0.5] 0 
diameter[76,77,0.6] 0 
diameter[78,75,0.05] 0 
diameter[78,75,0.06] 0 
diameter[78,75,0.08] 0 
diameter[78,75,0.1] 0 
diameter[78,75,0.15] 1 
diameter[78,75,0.2] 0 
diameter[78,75,0.25] 0 
diameter[78,75,0.3] 0 
diameter[78,75,0.35] 0 
diameter[78,75,0.4] 0 
diameter[78,75,0.45] 0 
diameter[78,75,0.5] 0 
diameter[78,75,0.6] 0 
diameter[78,76,0.05] 1 
diameter[78,76,0.06] 0 
diameter[78,76,0.08] 0 
diameter[78,76,0.1] 0 
diameter[78,76,0.15] 0 
diameter[78,76,0.2] 0 
diameter[78,76,0.25] 0 
diameter[78,76,0.3] 0 
diameter[78,76,0.35] 0 
diameter[78,76,0.4] 0 
diameter[78,76,0.45] 0 
diameter[78,76,0.5] 0 
diameter[78,76,0.6] 0 
diameter[78,81,0.05] 1 
diameter[78,81,0.06] 0 
diameter[78,81,0.08] 0 
diameter[78,81,0.1] 0 
diameter[78,81,0.15] 0 
diameter[78,81,0.2] 0 
diameter[78,81,0.25] 0 
diameter[78,81,0.3] 0 
diameter[78,81,0.35] 0 
diameter[78,81,0.4] 0 
diameter[78,81,0.45] 0 
diameter[78,81,0.5] 0 
diameter[78,81,0.6] 0 
diameter[80,82,0.05] 0 
diameter[80,82,0.06] 0 
diameter[80,82,0.08] 0 
diameter[80,82,0.1] 0 
diameter[80,82,0.15] 1 
diameter[80,82,0.2] 0 
diameter[80,82,0.25] 0 
diameter[80,82,0.3] 0 
diameter[80,82,0.35] 0 
diameter[80,82,0.4] 0 
diameter[80,82,0.45] 0 
diameter[80,82,0.5] 0 
diameter[80,82,0.6] 0 
diameter[82,79,0.05] 1 
diameter[82,79,0.06] 0 
diameter[82,79,0.08] 0 
diameter[82,79,0.1] 0 
diameter[82,79,0.15] 0 
diameter[82,79,0.2] 0 
diameter[82,79,0.25] 0 
diameter[82,79,0.3] 0 
diameter[82,79,0.35] 0 
diameter[82,79,0.4] 0 
diameter[82,79,0.45] 0 
diameter[82,79,0.5] 0 
diameter[82,79,0.6] 0 
diameter[82,83,0.05] 0 
diameter[82,83,0.06] 0 
diameter[82,83,0.08] 0 
diameter[82,83,0.1] 0 
diameter[82,83,0.15] 1 
diameter[82,83,0.2] 0 
diameter[82,83,0.25] 0 
diameter[82,83,0.3] 0 
diameter[82,83,0.35] 0 
diameter[82,83,0.4] 0 
diameter[82,83,0.45] 0 
diameter[82,83,0.5] 0 
diameter[82,83,0.6] 0 
diameter[83,84,0.05] 0 
diameter[83,84,0.06] 0 
diameter[83,84,0.08] 0 
diameter[83,84,0.1] 0 
diameter[83,84,0.15] 1 
diameter[83,84,0.2] 0 
diameter[83,84,0.25] 0 
diameter[83,84,0.3] 0 
diameter[83,84,0.35] 0 
diameter[83,84,0.4] 0 
diameter[83,84,0.45] 0 
diameter[83,84,0.5] 0 
diameter[83,84,0.6] 0 
diameter[84,87,0.05] 0 
diameter[84,87,0.06] 0 
diameter[84,87,0.08] 0 
diameter[84,87,0.1] 0 
diameter[84,87,0.15] 1 
diameter[84,87,0.2] 0 
diameter[84,87,0.25] 0 
diameter[84,87,0.3] 0 
diameter[84,87,0.35] 0 
diameter[84,87,0.4] 0 
diameter[84,87,0.45] 0 
diameter[84,87,0.5] 0 
diameter[84,87,0.6] 0 
diameter[86,85,0.05] 1 
diameter[86,85,0.06] 0 
diameter[86,85,0.08] 0 
diameter[86,85,0.1] 0 
diameter[86,85,0.15] 0 
diameter[86,85,0.2] 0 
diameter[86,85,0.25] 0 
diameter[86,85,0.3] 0 
diameter[86,85,0.35] 0 
diameter[86,85,0.4] 0 
diameter[86,85,0.45] 0 
diameter[86,85,0.5] 0 
diameter[86,85,0.6] 0 
diameter[87,86,0.05] 1 
diameter[87,86,0.06] 0 
diameter[87,86,0.08] 0 
diameter[87,86,0.1] 0 
diameter[87,86,0.15] 0 
diameter[87,86,0.2] 0 
diameter[87,86,0.25] 0 
diameter[87,86,0.3] 0 
diameter[87,86,0.35] 0 
diameter[87,86,0.4] 0 
diameter[87,86,0.45] 0 
diameter[87,86,0.5] 0 
diameter[87,86,0.6] 0 
diameter[87,88,0.05] 0 
diameter[87,88,0.06] 0 
diameter[87,88,0.08] 0 
diameter[87,88,0.1] 1 
diameter[87,88,0.15] 0 
diameter[87,88,0.2] 0 
diameter[87,88,0.25] 0 
diameter[87,88,0.3] 0 
diameter[87,88,0.35] 0 
diameter[87,88,0.4] 0 
diameter[87,88,0.45] 0 
diameter[87,88,0.5] 0 
diameter[87,88,0.6] 0 
diameter[88,91,0.05] 0 
diameter[88,91,0.06] 0 
diameter[88,91,0.08] 0 
diameter[88,91,0.1] 0 
diameter[88,91,0.15] 1 
diameter[88,91,0.2] 0 
diameter[88,91,0.25] 0 
diameter[88,91,0.3] 0 
diameter[88,91,0.35] 0 
diameter[88,91,0.4] 0 
diameter[88,91,0.45] 0 
diameter[88,91,0.5] 0 
diameter[88,91,0.6] 0 
diameter[89,90,0.05] 1 
diameter[89,90,0.06] 0 
diameter[89,90,0.08] 0 
diameter[89,90,0.1] 0 
diameter[89,90,0.15] 0 
diameter[89,90,0.2] 0 
diameter[89,90,0.25] 0 
diameter[89,90,0.3] 0 
diameter[89,90,0.35] 0 
diameter[89,90,0.4] 0 
diameter[89,90,0.45] 0 
diameter[89,90,0.5] 0 
diameter[89,90,0.6] 0 
diameter[91,92,0.05] 0 
diameter[91,92,0.06] 0 
diameter[91,92,0.08] 0 
diameter[91,92,0.1] 1 
diameter[91,92,0.15] 0 
diameter[91,92,0.2] 0 
diameter[91,92,0.25] 0 
diameter[91,92,0.3] 0 
diameter[91,92,0.35] 0 
diameter[91,92,0.4] 0 
diameter[91,92,0.45] 0 
diameter[91,92,0.5] 0 
diameter[91,92,0.6] 0 
diameter[92,95,0.05] 0 
diameter[92,95,0.06] 0 
diameter[92,95,0.08] 0 
diameter[92,95,0.1] 1 
diameter[92,95,0.15] 0 
diameter[92,95,0.2] 0 
diameter[92,95,0.25] 0 
diameter[92,95,0.3] 0 
diameter[92,95,0.35] 0 
diameter[92,95,0.4] 0 
diameter[92,95,0.45] 0 
diameter[92,95,0.5] 0 
diameter[92,95,0.6] 0 
diameter[94,93,0.05] 1 
diameter[94,93,0.06] 0 
diameter[94,93,0.08] 0 
diameter[94,93,0.1] 0 
diameter[94,93,0.15] 0 
diameter[94,93,0.2] 0 
diameter[94,93,0.25] 0 
diameter[94,93,0.3] 0 
diameter[94,93,0.35] 0 
diameter[94,93,0.4] 0 
diameter[94,93,0.45] 0 
diameter[94,93,0.5] 0 
diameter[94,93,0.6] 0 
diameter[95,100,0.05] 0 
diameter[95,100,0.06] 0 
diameter[95,100,0.08] 0 
diameter[95,100,0.1] 1 
diameter[95,100,0.15] 0 
diameter[95,100,0.2] 0 
diameter[95,100,0.25] 0 
diameter[95,100,0.3] 0 
diameter[95,100,0.35] 0 
diameter[95,100,0.4] 0 
diameter[95,100,0.45] 0 
diameter[95,100,0.5] 0 
diameter[95,100,0.6] 0 
diameter[95,101,0.05] 1 
diameter[95,101,0.06] 0 
diameter[95,101,0.08] 0 
diameter[95,101,0.1] 0 
diameter[95,101,0.15] 0 
diameter[95,101,0.2] 0 
diameter[95,101,0.25] 0 
diameter[95,101,0.3] 0 
diameter[95,101,0.35] 0 
diameter[95,101,0.4] 0 
diameter[95,101,0.45] 0 
diameter[95,101,0.5] 0 
diameter[95,101,0.6] 0 
diameter[96,89,0.05] 1 
diameter[96,89,0.06] 0 
diameter[96,89,0.08] 0 
diameter[96,89,0.1] 0 
diameter[96,89,0.15] 0 
diameter[96,89,0.2] 0 
diameter[96,89,0.25] 0 
diameter[96,89,0.3] 0 
diameter[96,89,0.35] 0 
diameter[96,89,0.4] 0 
diameter[96,89,0.45] 0 
diameter[96,89,0.5] 0 
diameter[96,89,0.6] 0 
diameter[97,96,0.05] 1 
diameter[97,96,0.06] 0 
diameter[97,96,0.08] 0 
diameter[97,96,0.1] 0 
diameter[97,96,0.15] 0 
diameter[97,96,0.2] 0 
diameter[97,96,0.25] 0 
diameter[97,96,0.3] 0 
diameter[97,96,0.35] 0 
diameter[97,96,0.4] 0 
diameter[97,96,0.45] 0 
diameter[97,96,0.5] 0 
diameter[97,96,0.6] 0 
diameter[98,97,0.05] 1 
diameter[98,97,0.06] 0 
diameter[98,97,0.08] 0 
diameter[98,97,0.1] 0 
diameter[98,97,0.15] 0 
diameter[98,97,0.2] 0 
diameter[98,97,0.25] 0 
diameter[98,97,0.3] 0 
diameter[98,97,0.35] 0 
diameter[98,97,0.4] 0 
diameter[98,97,0.45] 0 
diameter[98,97,0.5] 0 
diameter[98,97,0.6] 0 
diameter[98,105,0.05] 0 
diameter[98,105,0.06] 0 
diameter[98,105,0.08] 0 
diameter[98,105,0.1] 1 
diameter[98,105,0.15] 0 
diameter[98,105,0.2] 0 
diameter[98,105,0.25] 0 
diameter[98,105,0.3] 0 
diameter[98,105,0.35] 0 
diameter[98,105,0.4] 0 
diameter[98,105,0.45] 0 
diameter[98,105,0.5] 0 
diameter[98,105,0.6] 0 
diameter[99,98,0.05] 0 
diameter[99,98,0.06] 0 
diameter[99,98,0.08] 0 
diameter[99,98,0.1] 1 
diameter[99,98,0.15] 0 
diameter[99,98,0.2] 0 
diameter[99,98,0.25] 0 
diameter[99,98,0.3] 0 
diameter[99,98,0.35] 0 
diameter[99,98,0.4] 0 
diameter[99,98,0.45] 0 
diameter[99,98,0.5] 0 
diameter[99,98,0.6] 0 
diameter[100,99,0.05] 0 
diameter[100,99,0.06] 0 
diameter[100,99,0.08] 0 
diameter[100,99,0.1] 1 
diameter[100,99,0.15] 0 
diameter[100,99,0.2] 0 
diameter[100,99,0.25] 0 
diameter[100,99,0.3] 0 
diameter[100,99,0.35] 0 
diameter[100,99,0.4] 0 
diameter[100,99,0.45] 0 
diameter[100,99,0.5] 0 
diameter[100,99,0.6] 0 
diameter[101,102,0.05] 1 
diameter[101,102,0.06] 0 
diameter[101,102,0.08] 0 
diameter[101,102,0.1] 0 
diameter[101,102,0.15] 0 
diameter[101,102,0.2] 0 
diameter[101,102,0.25] 0 
diameter[101,102,0.3] 0 
diameter[101,102,0.35] 0 
diameter[101,102,0.4] 0 
diameter[101,102,0.45] 0 
diameter[101,102,0.5] 0 
diameter[101,102,0.6] 0 
diameter[102,103,0.05] 1 
diameter[102,103,0.06] 0 
diameter[102,103,0.08] 0 
diameter[102,103,0.1] 0 
diameter[102,103,0.15] 0 
diameter[102,103,0.2] 0 
diameter[102,103,0.25] 0 
diameter[102,103,0.3] 0 
diameter[102,103,0.35] 0 
diameter[102,103,0.4] 0 
diameter[102,103,0.45] 0 
diameter[102,103,0.5] 0 
diameter[102,103,0.6] 0 
diameter[103,94,0.05] 1 
diameter[103,94,0.06] 0 
diameter[103,94,0.08] 0 
diameter[103,94,0.1] 0 
diameter[103,94,0.15] 0 
diameter[103,94,0.2] 0 
diameter[103,94,0.25] 0 
diameter[103,94,0.3] 0 
diameter[103,94,0.35] 0 
diameter[103,94,0.4] 0 
diameter[103,94,0.45] 0 
diameter[103,94,0.5] 0 
diameter[103,94,0.6] 0 
diameter[105,104,0.05] 1 
diameter[105,104,0.06] 0 
diameter[105,104,0.08] 0 
diameter[105,104,0.1] 0 
diameter[105,104,0.15] 0 
diameter[105,104,0.2] 0 
diameter[105,104,0.25] 0 
diameter[105,104,0.3] 0 
diameter[105,104,0.35] 0 
diameter[105,104,0.4] 0 
diameter[105,104,0.45] 0 
diameter[105,104,0.5] 0 
diameter[105,104,0.6] 0 
diameter[105,106,0.05] 0 
diameter[105,106,0.06] 0 
diameter[105,106,0.08] 0 
diameter[105,106,0.1] 1 
diameter[105,106,0.15] 0 
diameter[105,106,0.2] 0 
diameter[105,106,0.25] 0 
diameter[105,106,0.3] 0 
diameter[105,106,0.35] 0 
diameter[105,106,0.4] 0 
diameter[105,106,0.45] 0 
diameter[105,106,0.5] 0 
diameter[105,106,0.6] 0 
diameter[106,107,0.05] 0 
diameter[106,107,0.06] 0 
diameter[106,107,0.08] 0 
diameter[106,107,0.1] 1 
diameter[106,107,0.15] 0 
diameter[106,107,0.2] 0 
diameter[106,107,0.25] 0 
diameter[106,107,0.3] 0 
diameter[106,107,0.35] 0 
diameter[106,107,0.4] 0 
diameter[106,107,0.45] 0 
diameter[106,107,0.5] 0 
diameter[106,107,0.6] 0 
diameter[107,108,0.05] 0 
diameter[107,108,0.06] 0 
diameter[107,108,0.08] 0 
diameter[107,108,0.1] 1 
diameter[107,108,0.15] 0 
diameter[107,108,0.2] 0 
diameter[107,108,0.25] 0 
diameter[107,108,0.3] 0 
diameter[107,108,0.35] 0 
diameter[107,108,0.4] 0 
diameter[107,108,0.45] 0 
diameter[107,108,0.5] 0 
diameter[107,108,0.6] 0 
diameter[108,109,0.05] 0 
diameter[108,109,0.06] 0 
diameter[108,109,0.08] 0 
diameter[108,109,0.1] 1 
diameter[108,109,0.15] 0 
diameter[108,109,0.2] 0 
diameter[108,109,0.25] 0 
diameter[108,109,0.3] 0 
diameter[108,109,0.35] 0 
diameter[108,109,0.4] 0 
diameter[108,109,0.45] 0 
diameter[108,109,0.5] 0 
diameter[108,109,0.6] 0 
diameter[109,110,0.05] 0 
diameter[109,110,0.06] 0 
diameter[109,110,0.08] 0 
diameter[109,110,0.1] 1 
diameter[109,110,0.15] 0 
diameter[109,110,0.2] 0 
diameter[109,110,0.25] 0 
diameter[109,110,0.3] 0 
diameter[109,110,0.35] 0 
diameter[109,110,0.4] 0 
diameter[109,110,0.45] 0 
diameter[109,110,0.5] 0 
diameter[109,110,0.6] 0 
diameter[110,111,0.05] 1 
diameter[110,111,0.06] 0 
diameter[110,111,0.08] 0 
diameter[110,111,0.1] 0 
diameter[110,111,0.15] 0 
diameter[110,111,0.2] 0 
diameter[110,111,0.25] 0 
diameter[110,111,0.3] 0 
diameter[110,111,0.35] 0 
diameter[110,111,0.4] 0 
diameter[110,111,0.45] 0 
diameter[110,111,0.5] 0 
diameter[110,111,0.6] 0 
diameter[110,112,0.05] 0 
diameter[110,112,0.06] 0 
diameter[110,112,0.08] 0 
diameter[110,112,0.1] 1 
diameter[110,112,0.15] 0 
diameter[110,112,0.2] 0 
diameter[110,112,0.25] 0 
diameter[110,112,0.3] 0 
diameter[110,112,0.35] 0 
diameter[110,112,0.4] 0 
diameter[110,112,0.45] 0 
diameter[110,112,0.5] 0 
diameter[110,112,0.6] 0 
diameter[112,114,0.05] 0 
diameter[112,114,0.06] 0 
diameter[112,114,0.08] 0 
diameter[112,114,0.1] 1 
diameter[112,114,0.15] 0 
diameter[112,114,0.2] 0 
diameter[112,114,0.25] 0 
diameter[112,114,0.3] 0 
diameter[112,114,0.35] 0 
diameter[112,114,0.4] 0 
diameter[112,114,0.45] 0 
diameter[112,114,0.5] 0 
diameter[112,114,0.6] 0 
diameter[112,115,0.05] 1 
diameter[112,115,0.06] 0 
diameter[112,115,0.08] 0 
diameter[112,115,0.1] 0 
diameter[112,115,0.15] 0 
diameter[112,115,0.2] 0 
diameter[112,115,0.25] 0 
diameter[112,115,0.3] 0 
diameter[112,115,0.35] 0 
diameter[112,115,0.4] 0 
diameter[112,115,0.45] 0 
diameter[112,115,0.5] 0 
diameter[112,115,0.6] 0 
diameter[114,118,0.05] 0 
diameter[114,118,0.06] 0 
diameter[114,118,0.08] 0 
diameter[114,118,0.1] 1 
diameter[114,118,0.15] 0 
diameter[114,118,0.2] 0 
diameter[114,118,0.25] 0 
diameter[114,118,0.3] 0 
diameter[114,118,0.35] 0 
diameter[114,118,0.4] 0 
diameter[114,118,0.45] 0 
diameter[114,118,0.5] 0 
diameter[114,118,0.6] 0 
diameter[117,116,0.05] 1 
diameter[117,116,0.06] 0 
diameter[117,116,0.08] 0 
diameter[117,116,0.1] 0 
diameter[117,116,0.15] 0 
diameter[117,116,0.2] 0 
diameter[117,116,0.25] 0 
diameter[117,116,0.3] 0 
diameter[117,116,0.35] 0 
diameter[117,116,0.4] 0 
diameter[117,116,0.45] 0 
diameter[117,116,0.5] 0 
diameter[117,116,0.6] 0 
diameter[118,129,0.05] 0 
diameter[118,129,0.06] 0 
diameter[118,129,0.08] 0 
diameter[118,129,0.1] 1 
diameter[118,129,0.15] 0 
diameter[118,129,0.2] 0 
diameter[118,129,0.25] 0 
diameter[118,129,0.3] 0 
diameter[118,129,0.35] 0 
diameter[118,129,0.4] 0 
diameter[118,129,0.45] 0 
diameter[118,129,0.5] 0 
diameter[118,129,0.6] 0 
diameter[120,119,0.05] 1 
diameter[120,119,0.06] 0 
diameter[120,119,0.08] 0 
diameter[120,119,0.1] 0 
diameter[120,119,0.15] 0 
diameter[120,119,0.2] 0 
diameter[120,119,0.25] 0 
diameter[120,119,0.3] 0 
diameter[120,119,0.35] 0 
diameter[120,119,0.4] 0 
diameter[120,119,0.45] 0 
diameter[120,119,0.5] 0 
diameter[120,119,0.6] 0 
diameter[121,120,0.05] 1 
diameter[121,120,0.06] 0 
diameter[121,120,0.08] 0 
diameter[121,120,0.1] 0 
diameter[121,120,0.15] 0 
diameter[121,120,0.2] 0 
diameter[121,120,0.25] 0 
diameter[121,120,0.3] 0 
diameter[121,120,0.35] 0 
diameter[121,120,0.4] 0 
diameter[121,120,0.45] 0 
diameter[121,120,0.5] 0 
diameter[121,120,0.6] 0 
diameter[122,121,0.05] 1 
diameter[122,121,0.06] 0 
diameter[122,121,0.08] 0 
diameter[122,121,0.1] 0 
diameter[122,121,0.15] 0 
diameter[122,121,0.2] 0 
diameter[122,121,0.25] 0 
diameter[122,121,0.3] 0 
diameter[122,121,0.35] 0 
diameter[122,121,0.4] 0 
diameter[122,121,0.45] 0 
diameter[122,121,0.5] 0 
diameter[122,121,0.6] 0 
diameter[123,122,0.05] 1 
diameter[123,122,0.06] 0 
diameter[123,122,0.08] 0 
diameter[123,122,0.1] 0 
diameter[123,122,0.15] 0 
diameter[123,122,0.2] 0 
diameter[123,122,0.25] 0 
diameter[123,122,0.3] 0 
diameter[123,122,0.35] 0 
diameter[123,122,0.4] 0 
diameter[123,122,0.45] 0 
diameter[123,122,0.5] 0 
diameter[123,122,0.6] 0 
diameter[124,117,0.05] 1 
diameter[124,117,0.06] 0 
diameter[124,117,0.08] 0 
diameter[124,117,0.1] 0 
diameter[124,117,0.15] 0 
diameter[124,117,0.2] 0 
diameter[124,117,0.25] 0 
diameter[124,117,0.3] 0 
diameter[124,117,0.35] 0 
diameter[124,117,0.4] 0 
diameter[124,117,0.45] 0 
diameter[124,117,0.5] 0 
diameter[124,117,0.6] 0 
diameter[124,131,0.05] 0 
diameter[124,131,0.06] 1 
diameter[124,131,0.08] 0 
diameter[124,131,0.1] 0 
diameter[124,131,0.15] 0 
diameter[124,131,0.2] 0 
diameter[124,131,0.25] 0 
diameter[124,131,0.3] 0 
diameter[124,131,0.35] 0 
diameter[124,131,0.4] 0 
diameter[124,131,0.45] 0 
diameter[124,131,0.5] 0 
diameter[124,131,0.6] 0 
diameter[125,124,0.05] 0 
diameter[125,124,0.06] 1 
diameter[125,124,0.08] 0 
diameter[125,124,0.1] 0 
diameter[125,124,0.15] 0 
diameter[125,124,0.2] 0 
diameter[125,124,0.25] 0 
diameter[125,124,0.3] 0 
diameter[125,124,0.35] 0 
diameter[125,124,0.4] 0 
diameter[125,124,0.45] 0 
diameter[125,124,0.5] 0 
diameter[125,124,0.6] 0 
diameter[126,125,0.05] 0 
diameter[126,125,0.06] 0 
diameter[126,125,0.08] 1 
diameter[126,125,0.1] 0 
diameter[126,125,0.15] 0 
diameter[126,125,0.2] 0 
diameter[126,125,0.25] 0 
diameter[126,125,0.3] 0 
diameter[126,125,0.35] 0 
diameter[126,125,0.4] 0 
diameter[126,125,0.45] 0 
diameter[126,125,0.5] 0 
diameter[126,125,0.6] 0 
diameter[127,113,0.05] 1 
diameter[127,113,0.06] 0 
diameter[127,113,0.08] 0 
diameter[127,113,0.1] 0 
diameter[127,113,0.15] 0 
diameter[127,113,0.2] 0 
diameter[127,113,0.25] 0 
diameter[127,113,0.3] 0 
diameter[127,113,0.35] 0 
diameter[127,113,0.4] 0 
diameter[127,113,0.45] 0 
diameter[127,113,0.5] 0 
diameter[127,113,0.6] 0 
diameter[127,126,0.05] 0 
diameter[127,126,0.06] 0 
diameter[127,126,0.08] 1 
diameter[127,126,0.1] 0 
diameter[127,126,0.15] 0 
diameter[127,126,0.2] 0 
diameter[127,126,0.25] 0 
diameter[127,126,0.3] 0 
diameter[127,126,0.35] 0 
diameter[127,126,0.4] 0 
diameter[127,126,0.45] 0 
diameter[127,126,0.5] 0 
diameter[127,126,0.6] 0 
diameter[128,132,0.05] 0 
diameter[128,132,0.06] 0 
diameter[128,132,0.08] 0 
diameter[128,132,0.1] 1 
diameter[128,132,0.15] 0 
diameter[128,132,0.2] 0 
diameter[128,132,0.25] 0 
diameter[128,132,0.3] 0 
diameter[128,132,0.35] 0 
diameter[128,132,0.4] 0 
diameter[128,132,0.45] 0 
diameter[128,132,0.5] 0 
diameter[128,132,0.6] 0 
diameter[129,128,0.05] 0 
diameter[129,128,0.06] 0 
diameter[129,128,0.08] 0 
diameter[129,128,0.1] 1 
diameter[129,128,0.15] 0 
diameter[129,128,0.2] 0 
diameter[129,128,0.25] 0 
diameter[129,128,0.3] 0 
diameter[129,128,0.35] 0 
diameter[129,128,0.4] 0 
diameter[129,128,0.45] 0 
diameter[129,128,0.5] 0 
diameter[129,128,0.6] 0 
diameter[129,130,0.05] 1 
diameter[129,130,0.06] 0 
diameter[129,130,0.08] 0 
diameter[129,130,0.1] 0 
diameter[129,130,0.15] 0 
diameter[129,130,0.2] 0 
diameter[129,130,0.25] 0 
diameter[129,130,0.3] 0 
diameter[129,130,0.35] 0 
diameter[129,130,0.4] 0 
diameter[129,130,0.45] 0 
diameter[129,130,0.5] 0 
diameter[129,130,0.6] 0 
diameter[131,123,0.05] 0 
diameter[131,123,0.06] 1 
diameter[131,123,0.08] 0 
diameter[131,123,0.1] 0 
diameter[131,123,0.15] 0 
diameter[131,123,0.2] 0 
diameter[131,123,0.25] 0 
diameter[131,123,0.3] 0 
diameter[131,123,0.35] 0 
diameter[131,123,0.4] 0 
diameter[131,123,0.45] 0 
diameter[131,123,0.5] 0 
diameter[131,123,0.6] 0 
diameter[132,127,0.05] 0 
diameter[132,127,0.06] 0 
diameter[132,127,0.08] 0 
diameter[132,127,0.1] 1 
diameter[132,127,0.15] 0 
diameter[132,127,0.2] 0 
diameter[132,127,0.25] 0 
diameter[132,127,0.3] 0 
diameter[132,127,0.35] 0 
diameter[132,127,0.4] 0 
diameter[132,127,0.45] 0 
diameter[132,127,0.5] 0 
diameter[132,127,0.6] 0 
hydro loss[1,0] 0.160822 
hydro loss[2,1] 0.371151 
hydro loss[2,4] 0.333521 
hydro loss[3,2] 0.416476 
hydro loss[4,6] 0.181848 
hydro loss[5,3] 0.87468 
hydro loss[7,5] 0.676232 
hydro loss[8,9] 0.609373 
hydro loss[9,7] 0.729708 
hydro loss[11,8] 0.501425 
hydro loss[12,11] 0.718897 
hydro loss[13,14] 0.70672 
hydro loss[14,10] 0.116079 
hydro loss[14,23] 0.12521 
hydro loss[15,13] 0.311236 
hydro loss[17,22] 1.13496 
hydro loss[18,16] 0.0513738 
hydro loss[19,12] 1.17284 
hydro loss[19,18] 0.416571 
hydro loss[20,19] 0.509588 
hydro loss[20,21] 0.235821 
hydro loss[21,17] 0.250944 
hydro loss[22,15] 0.705238 
hydro loss[24,20] 1.36928 
hydro loss[25,24] 4.80462 
hydro loss[25,29] 0.0647117 
hydro loss[27,28] 1.50996 
hydro loss[28,35] 0.874705 
hydro loss[30,25] 0.686654 
hydro loss[30,31] 0.992419 
hydro loss[31,32] 0.124913 
hydro loss[32,27] 0.0671273 
hydro loss[32,37] 0.0556483 
hydro loss[33,26] 0.055649 
hydro loss[33,36] 0.161996 
hydro loss[34,30] 0.175141 
hydro loss[35,33] 1.017 
hydro loss[35,39] 0.0417366 
hydro loss[36,40] 0.0417368 
hydro loss[38,34] 0.183549 
hydro loss[41,38] 1.48843 
hydro loss[42,43] 0.0659392 
hydro loss[44,41] 0.525768 
hydro loss[45,42] 0.20089 
hydro loss[45,47] 0.632634 
hydro loss[46,44] 0.291828 
hydro loss[46,45] 1.25275 
hydro loss[47,49] 0.311235 
hydro loss[48,46] 0.597613 
hydro loss[49,54] 0.443963 
hydro loss[51,48] 0.618196 
hydro loss[51,52] 0.082424 
hydro loss[53,50] 0.202172 
hydro loss[53,51] 0.534541 
hydro loss[54,57] 0.20952 
hydro loss[55,53] 0.471579 
hydro loss[55,58] 0.0513739 
hydro loss[57,56] 0.0494544 
hydro loss[59,55] 3.63042 
hydro loss[60,63] 0.49363 
hydro loss[61,60] 0.489714 
hydro loss[61,62] 0.238041 
hydro loss[62,64] 0.0431412 
hydro loss[63,59] 1.43432 
hydro loss[65,61] 0.831969 
hydro loss[66,65] 0.571172 
hydro loss[67,66] 1.32697 
hydro loss[68,67] 0.760356 
hydro loss[69,71] 1.0982 
hydro loss[70,68] 1.28414 
hydro loss[71,70] 0.534862 
hydro loss[72,69] 1.11136 
hydro loss[73,74] 4.78695 
hydro loss[74,72] 1.86419 
hydro loss[74,80] 0.72123 
hydro loss[75,73] 3.22773 
hydro loss[76,77] 0.051374 
hydro loss[78,75] 2.5912 
hydro loss[78,76] 0.314048 
hydro loss[78,81] 0.0744481 
hydro loss[80,82] 0.380254 
hydro loss[82,79] 0.173987 
hydro loss[82,83] 3.47279 
hydro loss[83,84] 0.329014 
hydro loss[84,87] 0.343036 
hydro loss[86,85] 0.0659392 
hydro loss[87,86] 0.178531 
hydro loss[87,88] 1.41029 
hydro loss[88,91] 0.952876 
hydro loss[89,90] 0.0494544 
hydro loss[91,92] 1.86119 
hydro loss[92,95] 2.66987 
hydro loss[94,93] 0.0323412 
hydro loss[95,100] 0.562342 
hydro loss[95,101] 0.705 
hydro loss[96,89] 0.351554 
hydro loss[97,96] 0.504397 
hydro loss[98,97] 0.859328 
hydro loss[98,105] 1.21502 
hydro loss[99,98] 1.54634 
hydro loss[100,99] 0.815814 
hydro loss[101,102] 0.859328 
hydro loss[102,103] 0.378297 
hydro loss[103,94] 0.15067 
hydro loss[105,104] 0.0329696 
hydro loss[105,106] 0.504502 
hydro loss[106,107] 0.705666 
hydro loss[107,108] 0.437484 
hydro loss[108,109] 0.405628 
hydro loss[109,110] 0.749768 
hydro loss[110,111] 0.0329696 
hydro loss[110,112] 0.686823 
hydro loss[112,114] 0.285636 
hydro loss[112,115] 0.0357847 
hydro loss[114,118] 0.233551 
hydro loss[117,116] 0.0329696 
hydro loss[118,129] 0.377029 
hydro loss[120,119] 0.115394 
hydro loss[121,120] 0.11902 
hydro loss[122,121] 0.126099 
hydro loss[123,122] 0.429664 
hydro loss[124,117] 0.150667 
hydro loss[124,131] 0.644783 
hydro loss[125,124] 1.19074 
hydro loss[126,125] 0.237666 
hydro loss[127,113] 0.0765163 
hydro loss[127,126] 0.359449 
hydro loss[128,132] 0.324503 
hydro loss[129,128] 0.254794 
hydro loss[129,130] 0.0329696 
hydro loss[131,123] 0.705237 
hydro loss[132,127] 0.141281 
PUMP[1,0] 0 
PUMP[2,1] 0 
PUMP[2,4] 0 
PUMP[3,2] 0 
PUMP[4,6] 0 
PUMP[5,3] 0 
PUMP[7,5] 0 
PUMP[8,9] 0 
PUMP[9,7] 0 
PUMP[11,8] 0 
PUMP[12,11] 0 
PUMP[13,14] 0 
PUMP[14,10] 0 
PUMP[14,23] 0 
PUMP[15,13] 0 
PUMP[17,22] 0 
PUMP[18,16] 0 
PUMP[19,12] 0 
PUMP[19,18] 0 
PUMP[20,19] 0 
PUMP[20,21] 0 
PUMP[21,17] 0 
PUMP[22,15] 0 
PUMP[24,20] 0 
PUMP[25,24] 0 
PUMP[25,29] 0 
PUMP[27,28] 0 
PUMP[28,35] 0 
PUMP[30,25] 0 
PUMP[30,31] 0 
PUMP[31,32] 0 
PUMP[32,27] 0 
PUMP[32,37] 0 
PUMP[33,26] 0 
PUMP[33,36] 0 
PUMP[34,30] 0 
PUMP[35,33] 0 
PUMP[35,39] 0 
PUMP[36,40] 0 
PUMP[38,34] 0 
PUMP[41,38] 0 
PUMP[42,43] 0 
PUMP[44,41] 0 
PUMP[45,42] 0 
PUMP[45,47] 0 
PUMP[46,44] 0 
PUMP[46,45] 0 
PUMP[47,49] 0 
PUMP[48,46] 0 
PUMP[49,54] 0 
PUMP[51,48] 0 
PUMP[51,52] 0 
PUMP[53,50] 0 
PUMP[53,51] 0 
PUMP[54,57] 0 
PUMP[55,53] 0 
PUMP[55,58] 0 
PUMP[57,56] 0 
PUMP[59,55] 0 
PUMP[60,63] 0 
PUMP[61,60] 0 
PUMP[61,62] 0 
PUMP[62,64] 0 
PUMP[63,59] 0 
PUMP[65,61] 0 
PUMP[66,65] 0 
PUMP[67,66] 0 
PUMP[68,67] 0 
PUMP[69,71] 0 
PUMP[70,68] 0 
PUMP[71,70] 0 
PUMP[72,69] 0 
PUMP[73,74] 0 
PUMP[74,72] 0 
PUMP[74,80] 0 
PUMP[75,73] 0 
PUMP[76,77] 0 
PUMP[78,75] 0 
PUMP[78,76] 0 
PUMP[78,81] 0 
PUMP[80,82] 0 
PUMP[82,79] 0 
PUMP[82,83] 0 
PUMP[83,84] 0 
PUMP[84,87] 0 
PUMP[86,85] 0 
PUMP[87,86] 0 
PUMP[87,88] 0 
PUMP[88,91] 0 
PUMP[89,90] 0 
PUMP[91,92] 0 
PUMP[92,95] 0 
PUMP[94,93] 0 
PUMP[95,100] 0 
PUMP[95,101] 0 
PUMP[96,89] 0 
PUMP[97,96] 0 
PUMP[98,97] 0 
PUMP[98,105] 0 
PUMP[99,98] 0 
PUMP[100,99] 0 
PUMP[101,102] 0 
PUMP[102,103] -0 
PUMP[103,94] 0 
PUMP[105,104] 0 
PUMP[105,106] 0 
PUMP[106,107] 0 
PUMP[107,108] 0 
PUMP[108,109] 0 
PUMP[109,110] 0 
PUMP[110,111] 0 
PUMP[110,112] 0 
PUMP[112,114] 0 
PUMP[112,115] 0 
PUMP[114,118] 0 
PUMP[117,116] 0 
PUMP[118,129] 0 
PUMP[120,119] 0 
PUMP[121,120] 0 
PUMP[122,121] 0 
PUMP[123,122] 0 
PUMP[124,117] 0 
PUMP[124,131] 0 
PUMP[125,124] 0 
PUMP[126,125] 0 
PUMP[127,113] 0 
PUMP[127,126] 0 
PUMP[128,132] 0 
PUMP[129,128] 0 
PUMP[129,130] 0 
PUMP[131,123] 0 
PUMP[132,127] 0 
PRESSURE BY PUMP[1,0] 0 
PRESSURE BY PUMP[2,1] 0 
PRESSURE BY PUMP[2,4] 0 
PRESSURE BY PUMP[3,2] 0 
PRESSURE BY PUMP[4,6] 0 
PRESSURE BY PUMP[5,3] 0 
PRESSURE BY PUMP[7,5] 0 
PRESSURE BY PUMP[8,9] 0 
PRESSURE BY PUMP[9,7] 0 
PRESSURE BY PUMP[11,8] 0 
PRESSURE BY PUMP[12,11] 0 
PRESSURE BY PUMP[13,14] 0 
PRESSURE BY PUMP[14,10] 0 
PRESSURE BY PUMP[14,23] 0 
PRESSURE BY PUMP[15,13] 0 
PRESSURE BY PUMP[17,22] 0 
PRESSURE BY PUMP[18,16] 0 
PRESSURE BY PUMP[19,12] 0 
PRESSURE BY PUMP[19,18] 0 
PRESSURE BY PUMP[20,19] 0 
PRESSURE BY PUMP[20,21] 0 
PRESSURE BY PUMP[21,17] 0 
PRESSURE BY PUMP[22,15] 0 
PRESSURE BY PUMP[24,20] 0 
PRESSURE BY PUMP[25,24] 0 
PRESSURE BY PUMP[25,29] 0 
PRESSURE BY PUMP[27,28] 0 
PRESSURE BY PUMP[28,35] 0 
PRESSURE BY PUMP[30,25] 0 
PRESSURE BY PUMP[30,31] 0 
PRESSURE BY PUMP[31,32] 0 
PRESSURE BY PUMP[32,27] 0 
PRESSURE BY PUMP[32,37] 0 
PRESSURE BY PUMP[33,26] 0 
PRESSURE BY PUMP[33,36] 0 
PRESSURE BY PUMP[34,30] 0 
PRESSURE BY PUMP[35,33] 0 
PRESSURE BY PUMP[35,39] 0 
PRESSURE BY PUMP[36,40] 0 
PRESSURE BY PUMP[38,34] 0 
PRESSURE BY PUMP[41,38] 0 
PRESSURE BY PUMP[42,43] 0 
PRESSURE BY PUMP[44,41] 0 
PRESSURE BY PUMP[45,42] 0 
PRESSURE BY PUMP[45,47] 0 
PRESSURE BY PUMP[46,44] 0 
PRESSURE BY PUMP[46,45] 0 
PRESSURE BY PUMP[47,49] 0 
PRESSURE BY PUMP[48,46] 0 
PRESSURE BY PUMP[49,54] 0 
PRESSURE BY PUMP[51,48] 0 
PRESSURE BY PUMP[51,52] 0 
PRESSURE BY PUMP[53,50] 0 
PRESSURE BY PUMP[53,51] 0 
PRESSURE BY PUMP[54,57] 0 
PRESSURE BY PUMP[55,53] 0 
PRESSURE BY PUMP[55,58] 0 
PRESSURE BY PUMP[57,56] 0 
PRESSURE BY PUMP[59,55] 0 
PRESSURE BY PUMP[60,63] 0 
PRESSURE BY PUMP[61,60] 0 
PRESSURE BY PUMP[61,62] 0 
PRESSURE BY PUMP[62,64] 0 
PRESSURE BY PUMP[63,59] 0 
PRESSURE BY PUMP[65,61] 0 
PRESSURE BY PUMP[66,65] 0 
PRESSURE BY PUMP[67,66] 0 
PRESSURE BY PUMP[68,67] 0 
PRESSURE BY PUMP[69,71] 0 
PRESSURE BY PUMP[70,68] 0 
PRESSURE BY PUMP[71,70] 0 
PRESSURE BY PUMP[72,69] 0 
PRESSURE BY PUMP[73,74] 0 
PRESSURE BY PUMP[74,72] 0 
PRESSURE BY PUMP[74,80] 0 
PRESSURE BY PUMP[75,73] 0 
PRESSURE BY PUMP[76,77] 0 
PRESSURE BY PUMP[78,75] 0 
PRESSURE BY PUMP[78,76] 0 
PRESSURE BY PUMP[78,81] 0 
PRESSURE BY PUMP[80,82] 0 
PRESSURE BY PUMP[82,79] 0 
PRESSURE BY PUMP[82,83] 0 
PRESSURE BY PUMP[83,84] 0 
PRESSURE BY PUMP[84,87] 0 
PRESSURE BY PUMP[86,85] 0 
PRESSURE BY PUMP[87,86] 0 
PRESSURE BY PUMP[87,88] 0 
PRESSURE BY PUMP[88,91] 0 
PRESSURE BY PUMP[89,90] 0 
PRESSURE BY PUMP[91,92] 0 
PRESSURE BY PUMP[92,95] 0 
PRESSURE BY PUMP[94,93] 0 
PRESSURE BY PUMP[95,100] 0 
PRESSURE BY PUMP[95,101] 0 
PRESSURE BY PUMP[96,89] 0 
PRESSURE BY PUMP[97,96] 0 
PRESSURE BY PUMP[98,97] 0 
PRESSURE BY PUMP[98,105] 0 
PRESSURE BY PUMP[99,98] 0 
PRESSURE BY PUMP[100,99] 0 
PRESSURE BY PUMP[101,102] 0 
PRESSURE BY PUMP[102,103] 0 
PRESSURE BY PUMP[103,94] 0 
PRESSURE BY PUMP[105,104] 0 
PRESSURE BY PUMP[105,106] 0 
PRESSURE BY PUMP[106,107] 0 
PRESSURE BY PUMP[107,108] 0 
PRESSURE BY PUMP[108,109] 0 
PRESSURE BY PUMP[109,110] 0 
PRESSURE BY PUMP[110,111] 0 
PRESSURE BY PUMP[110,112] 0 
PRESSURE BY PUMP[112,114] 0 
PRESSURE BY PUMP[112,115] 0 
PRESSURE BY PUMP[114,118] 0 
PRESSURE BY PUMP[117,116] 0 
PRESSURE BY PUMP[118,129] 0 
PRESSURE BY PUMP[120,119] 0 
PRESSURE BY PUMP[121,120] 0 
PRESSURE BY PUMP[122,121] 0 
PRESSURE BY PUMP[123,122] 0 
PRESSURE BY PUMP[124,117] 0 
PRESSURE BY PUMP[124,131] 0 
PRESSURE BY PUMP[125,124] 0 
PRESSURE BY PUMP[126,125] 0 
PRESSURE BY PUMP[127,113] 0 
PRESSURE BY PUMP[127,126] 0 
PRESSURE BY PUMP[128,132] 0 
PRESSURE BY PUMP[129,128] 0 
PRESSURE BY PUMP[129,130] 0 
PRESSURE BY PUMP[131,123] 0 
PRESSURE BY PUMP[132,127] 0 
In Node Elevation[0] 43.6821 
In Node Elevation[1] 43.5749 
In Node Elevation[2] 44.1032 
In Node Elevation[3] 44.2101 
In Node Elevation[4] 44.2078 
In Node Elevation[5] 45.8325 
In Node Elevation[6] 41.0316 
In Node Elevation[7] 44.8377 
In Node Elevation[8] 47.8478 
In Node Elevation[9] 46.9967 
In Node Elevation[10] 47.2896 
In Node Elevation[11] 48.3492 
In Node Elevation[12] 44.4685 
In Node Elevation[13] 48.1123 
In Node Elevation[14] 47.2515 
In Node Elevation[15] 48.4236 
In Node Elevation[16] 49.7396 
In Node Elevation[17] 50.2638 
In Node Elevation[18] 49.3717 
In Node Elevation[19] 50.241 
In Node Elevation[20] 45.1325 
In Node Elevation[21] 43.4276 
In Node Elevation[22] 49.1288 
In Node Elevation[23] 47.2804 
In Node Elevation[24] 44.7725 
In Node Elevation[25] 51.4381 
In Node Elevation[26] 52.9693 
In Node Elevation[27] 52.7331 
In Node Elevation[28] 52.1482 
In Node Elevation[29] 51.076 
In Node Elevation[30] 53.4677 
In Node Elevation[31] 54.2774 
In Node Elevation[32] 56.4938 
In Node Elevation[33] 49.6556 
In Node Elevation[34] 57.7862 
In Node Elevation[35] 54.042 
In Node Elevation[36] 49.3401 
In Node Elevation[37] 56.2656 
In Node Elevation[38] 55.8013 
In Node Elevation[39] 54.0002 
In Node Elevation[40] 52.8212 
In Node Elevation[41] 56.0107 
In Node Elevation[42] 58.0967 
In Node Elevation[43] 57.9667 
In Node Elevation[44] 56.165 
In Node Elevation[45] 58.487 
In Node Elevation[46] 60.2758 
In Node Elevation[47] 58.3343 
In Node Elevation[48] 54.4582 
In Node Elevation[49] 58.0792 
In Node Elevation[50] 61.824 
In Node Elevation[51] 61.4916 
In Node Elevation[52] 54.9451 
In Node Elevation[53] 54.8793 
In Node Elevation[54] 56.5875 
In Node Elevation[55] 54.9793 
In Node Elevation[56] 55.4103 
In Node Elevation[57] 57.4257 
In Node Elevation[58] 62.4464 
In Node Elevation[59] 56.0104 
In Node Elevation[60] 68.0561 
In Node Elevation[61] 55.7745 
In Node Elevation[62] 68.3078 
In Node Elevation[63] 55.4402 
In Node Elevation[64] 68.2646 
In Node Elevation[65] 55.4011 
In Node Elevation[66] 55.2875 
In Node Elevation[67] 71.2759 
In Node Elevation[68] 72.0363 
In Node Elevation[69] 74.9535 
In Node Elevation[70] 54.2358 
In Node Elevation[71] 54.3141 
In Node Elevation[72] 54.6517 
In Node Elevation[73] 82.716 
In Node Elevation[74] 56.0133 
In Node Elevation[75] 85.9437 
In Node Elevation[76] 88.1025 
In Node Elevation[77] 88.1695 
In Node Elevation[78] 88.5349 
In Node Elevation[79] 76.6536 
In Node Elevation[80] 77.2078 
In Node Elevation[81] 88.4605 
In Node Elevation[82] 76.8276 
In Node Elevation[83] 50.467 
In Node Elevation[84] 50.7071 
In Node Elevation[85] 72.4382 
In Node Elevation[86] 72.5042 
In Node Elevation[87] 48.8539 
In Node Elevation[88] 71.2724 
In Node Elevation[89] 45.2847 
In Node Elevation[90] 45.5004 
In Node Elevation[91] 70.3195 
In Node Elevation[92] 48.1015 
In Node Elevation[93] 63.6628 
In Node Elevation[94] 63.6952 
In Node Elevation[95] 51.0656 
In Node Elevation[96] 61.5003 
In Node Elevation[97] 49.7473 
In Node Elevation[98] 50.7506 
In Node Elevation[99] 64.4103 
In Node Elevation[100] 51.1942 
In Node Elevation[101] 51.0656 
In Node Elevation[102] 64.2242 
In Node Elevation[103] 63.8459 
In Node Elevation[104] 52.4115 
In Node Elevation[105] 61.649 
In Node Elevation[106] 54.472 
In Node Elevation[107] 60.4388 
In Node Elevation[108] 53.4055 
In Node Elevation[109] 53.4055 
In Node Elevation[110] 52.755 
In Node Elevation[111] 52.755 
In Node Elevation[112] 58.1591 
In Node Elevation[113] 56.2708 
In Node Elevation[114] 57.8735 
In Node Elevation[115] 53.5649 
In Node Elevation[116] 54.5708 
In Node Elevation[117] 54.6038 
In Node Elevation[118] 57.6399 
In Node Elevation[119] 47.3424 
In Node Elevation[120] 50.7138 
In Node Elevation[121] 52.8487 
In Node Elevation[122] 52.9748 
In Node Elevation[123] 53.0504 
In Node Elevation[124] 54.6422 
In Node Elevation[125] 55.1639 
In Node Elevation[126] 56.1292 
In Node Elevation[127] 56.5423 
In Node Elevation[128] 54.5003 
In Node Elevation[129] 57.2629 
In Node Elevation[130] 53.7131 
In Node Elevation[131] 54.0874 
In Node Elevation[132] 56.6836 
HEAD PRESSURE[0] 31.9734 
HEAD PRESSURE[1] 32.2416 
HEAD PRESSURE[2] 32.0844 
HEAD PRESSURE[3] 32.394 
HEAD PRESSURE[4] 31.6462 
HEAD PRESSURE[5] 31.6462 
HEAD PRESSURE[6] 34.6406 
HEAD PRESSURE[7] 33.3172 
HEAD PRESSURE[8] 31.6462 
HEAD PRESSURE[9] 31.8879 
HEAD PRESSURE[10] 31.6462 
HEAD PRESSURE[11] 31.6462 
HEAD PRESSURE[12] 36.2458 
HEAD PRESSURE[13] 31.6462 
HEAD PRESSURE[14] 31.8004 
HEAD PRESSURE[15] 31.6462 
HEAD PRESSURE[16] 31.6796 
HEAD PRESSURE[17] 31.6462 
HEAD PRESSURE[18] 32.0989 
HEAD PRESSURE[19] 31.6462 
HEAD PRESSURE[20] 37.2643 
HEAD PRESSURE[21] 38.7334 
HEAD PRESSURE[22] 31.6462 
HEAD PRESSURE[23] 31.6462 
HEAD PRESSURE[24] 38.9936 
HEAD PRESSURE[25] 37.1325 
HEAD PRESSURE[26] 31.6462 
HEAD PRESSURE[27] 35.3398 
HEAD PRESSURE[28] 34.4147 
HEAD PRESSURE[29] 37.43 
HEAD PRESSURE[30] 35.7896 
HEAD PRESSURE[31] 33.9876 
HEAD PRESSURE[32] 31.6462 
HEAD PRESSURE[33] 35.0156 
HEAD PRESSURE[34] 31.6462 
HEAD PRESSURE[35] 31.6462 
HEAD PRESSURE[36] 35.1691 
HEAD PRESSURE[37] 31.8188 
HEAD PRESSURE[38] 33.8147 
HEAD PRESSURE[39] 31.6462 
HEAD PRESSURE[40] 31.6462 
HEAD PRESSURE[41] 35.0937 
HEAD PRESSURE[42] 32.3717 
HEAD PRESSURE[43] 32.4358 
HEAD PRESSURE[44] 35.4652 
HEAD PRESSURE[45] 32.1823 
HEAD PRESSURE[46] 31.6462 
HEAD PRESSURE[47] 31.7024 
HEAD PRESSURE[48] 38.0614 
HEAD PRESSURE[49] 31.6462 
HEAD PRESSURE[50] 31.6462 
HEAD PRESSURE[51] 31.6462 
HEAD PRESSURE[52] 38.1103 
HEAD PRESSURE[53] 38.7931 
HEAD PRESSURE[54] 32.694 
HEAD PRESSURE[55] 39.1646 
HEAD PRESSURE[56] 33.6122 
HEAD PRESSURE[57] 31.6462 
HEAD PRESSURE[58] 31.6462 
HEAD PRESSURE[59] 41.764 
HEAD PRESSURE[60] 31.6462 
HEAD PRESSURE[61] 44.4176 
HEAD PRESSURE[62] 31.6462 
HEAD PRESSURE[63] 43.7685 
HEAD PRESSURE[64] 31.6462 
HEAD PRESSURE[65] 45.6229 
HEAD PRESSURE[66] 46.3077 
HEAD PRESSURE[67] 31.6462 
HEAD PRESSURE[68] 31.6462 
HEAD PRESSURE[69] 31.6462 
HEAD PRESSURE[70] 50.7308 
HEAD PRESSURE[71] 51.1874 
HEAD PRESSURE[72] 53.0594 
HEAD PRESSURE[73] 31.6462 
HEAD PRESSURE[74] 53.562 
HEAD PRESSURE[75] 31.6462 
HEAD PRESSURE[76] 31.7646 
HEAD PRESSURE[77] 31.6462 
HEAD PRESSURE[78] 31.6462 
HEAD PRESSURE[79] 31.6462 
HEAD PRESSURE[80] 31.6462 
HEAD PRESSURE[81] 31.6462 
HEAD PRESSURE[82] 31.6462 
HEAD PRESSURE[83] 54.534 
HEAD PRESSURE[84] 53.9649 
HEAD PRESSURE[85] 31.6462 
HEAD PRESSURE[86] 31.6462 
HEAD PRESSURE[87] 55.4751 
HEAD PRESSURE[88] 31.6462 
HEAD PRESSURE[89] 47.5103 
HEAD PRESSURE[90] 47.2451 
HEAD PRESSURE[91] 31.6462 
HEAD PRESSURE[92] 52.003 
HEAD PRESSURE[93] 31.6462 
HEAD PRESSURE[94] 31.6462 
HEAD PRESSURE[95] 46.3692 
HEAD PRESSURE[96] 31.6462 
HEAD PRESSURE[97] 43.9036 
HEAD PRESSURE[98] 43.7596 
HEAD PRESSURE[99] 31.6462 
HEAD PRESSURE[100] 45.6781 
HEAD PRESSURE[101] 45.6642 
HEAD PRESSURE[102] 31.6462 
HEAD PRESSURE[103] 31.6462 
HEAD PRESSURE[104] 40.8507 
HEAD PRESSURE[105] 31.6462 
HEAD PRESSURE[106] 38.3187 
HEAD PRESSURE[107] 31.6462 
HEAD PRESSURE[108] 38.242 
HEAD PRESSURE[109] 37.8364 
HEAD PRESSURE[110] 37.7371 
HEAD PRESSURE[111] 37.7041 
HEAD PRESSURE[112] 31.6462 
HEAD PRESSURE[113] 31.8412 
HEAD PRESSURE[114] 31.6462 
HEAD PRESSURE[115] 36.2047 
HEAD PRESSURE[116] 31.6462 
HEAD PRESSURE[117] 31.6462 
HEAD PRESSURE[118] 31.6462 
HEAD PRESSURE[119] 36.918 
HEAD PRESSURE[120] 33.6621 
HEAD PRESSURE[121] 31.6462 
HEAD PRESSURE[122] 31.6462 
HEAD PRESSURE[123] 32.0003 
HEAD PRESSURE[124] 31.7585 
HEAD PRESSURE[125] 32.4275 
HEAD PRESSURE[126] 31.6998 
HEAD PRESSURE[127] 31.6462 
HEAD PRESSURE[128] 34.154 
HEAD PRESSURE[129] 31.6462 
HEAD PRESSURE[130] 35.163 
HEAD PRESSURE[131] 31.6685 
HEAD PRESSURE[132] 31.6462 
