number of nodes: 168 
number of edges: 167 
capital_cost_pump_station: 166000 
ps_OM_cost: 175950 
water_demand: 1.095e-05 
Solution Value: 261097 
Solution Value 1: 261097 
Solution Value 2: 0 
Solution Value 3: 0 
diameter[1,0,0.05] 1 
diameter[1,0,0.06] 0 
diameter[1,0,0.08] 0 
diameter[1,0,0.1] 0 
diameter[1,0,0.15] 0 
diameter[1,0,0.2] 0 
diameter[1,0,0.25] 0 
diameter[1,0,0.3] 0 
diameter[1,0,0.35] 0 
diameter[1,0,0.4] 0 
diameter[1,0,0.45] 0 
diameter[1,0,0.5] 0 
diameter[1,0,0.6] 0 
diameter[1,2,0.05] 1 
diameter[1,2,0.06] 0 
diameter[1,2,0.08] 0 
diameter[1,2,0.1] 0 
diameter[1,2,0.15] 0 
diameter[1,2,0.2] 0 
diameter[1,2,0.25] 0 
diameter[1,2,0.3] 0 
diameter[1,2,0.35] 0 
diameter[1,2,0.4] 0 
diameter[1,2,0.45] 0 
diameter[1,2,0.5] 0 
diameter[1,2,0.6] 0 
diameter[2,5,0.05] 1 
diameter[2,5,0.06] 0 
diameter[2,5,0.08] 0 
diameter[2,5,0.1] 0 
diameter[2,5,0.15] 0 
diameter[2,5,0.2] 0 
diameter[2,5,0.25] 0 
diameter[2,5,0.3] 0 
diameter[2,5,0.35] 0 
diameter[2,5,0.4] 0 
diameter[2,5,0.45] 0 
diameter[2,5,0.5] 0 
diameter[2,5,0.6] 0 
diameter[3,1,0.05] 1 
diameter[3,1,0.06] 0 
diameter[3,1,0.08] 0 
diameter[3,1,0.1] 0 
diameter[3,1,0.15] 0 
diameter[3,1,0.2] 0 
diameter[3,1,0.25] 0 
diameter[3,1,0.3] 0 
diameter[3,1,0.35] 0 
diameter[3,1,0.4] 0 
diameter[3,1,0.45] 0 
diameter[3,1,0.5] 0 
diameter[3,1,0.6] 0 
diameter[7,3,0.05] 0 
diameter[7,3,0.06] 0 
diameter[7,3,0.08] 1 
diameter[7,3,0.1] 0 
diameter[7,3,0.15] 0 
diameter[7,3,0.2] 0 
diameter[7,3,0.25] 0 
diameter[7,3,0.3] 0 
diameter[7,3,0.35] 0 
diameter[7,3,0.4] 0 
diameter[7,3,0.45] 0 
diameter[7,3,0.5] 0 
diameter[7,3,0.6] 0 
diameter[7,4,0.05] 1 
diameter[7,4,0.06] 0 
diameter[7,4,0.08] 0 
diameter[7,4,0.1] 0 
diameter[7,4,0.15] 0 
diameter[7,4,0.2] 0 
diameter[7,4,0.25] 0 
diameter[7,4,0.3] 0 
diameter[7,4,0.35] 0 
diameter[7,4,0.4] 0 
diameter[7,4,0.45] 0 
diameter[7,4,0.5] 0 
diameter[7,4,0.6] 0 
diameter[7,8,0.05] 0 
diameter[7,8,0.06] 1 
diameter[7,8,0.08] 0 
diameter[7,8,0.1] 0 
diameter[7,8,0.15] 0 
diameter[7,8,0.2] 0 
diameter[7,8,0.25] 0 
diameter[7,8,0.3] 0 
diameter[7,8,0.35] 0 
diameter[7,8,0.4] 0 
diameter[7,8,0.45] 0 
diameter[7,8,0.5] 0 
diameter[7,8,0.6] 0 
diameter[9,7,0.05] 0 
diameter[9,7,0.06] 0 
diameter[9,7,0.08] 1 
diameter[9,7,0.1] 0 
diameter[9,7,0.15] 0 
diameter[9,7,0.2] 0 
diameter[9,7,0.25] 0 
diameter[9,7,0.3] 0 
diameter[9,7,0.35] 0 
diameter[9,7,0.4] 0 
diameter[9,7,0.45] 0 
diameter[9,7,0.5] 0 
diameter[9,7,0.6] 0 
diameter[10,9,0.05] 0 
diameter[10,9,0.06] 0 
diameter[10,9,0.08] 1 
diameter[10,9,0.1] 0 
diameter[10,9,0.15] 0 
diameter[10,9,0.2] 0 
diameter[10,9,0.25] 0 
diameter[10,9,0.3] 0 
diameter[10,9,0.35] 0 
diameter[10,9,0.4] 0 
diameter[10,9,0.45] 0 
diameter[10,9,0.5] 0 
diameter[10,9,0.6] 0 
diameter[11,10,0.05] 0 
diameter[11,10,0.06] 0 
diameter[11,10,0.08] 1 
diameter[11,10,0.1] 0 
diameter[11,10,0.15] 0 
diameter[11,10,0.2] 0 
diameter[11,10,0.25] 0 
diameter[11,10,0.3] 0 
diameter[11,10,0.35] 0 
diameter[11,10,0.4] 0 
diameter[11,10,0.45] 0 
diameter[11,10,0.5] 0 
diameter[11,10,0.6] 0 
diameter[13,6,0.05] 1 
diameter[13,6,0.06] 0 
diameter[13,6,0.08] 0 
diameter[13,6,0.1] 0 
diameter[13,6,0.15] 0 
diameter[13,6,0.2] 0 
diameter[13,6,0.25] 0 
diameter[13,6,0.3] 0 
diameter[13,6,0.35] 0 
diameter[13,6,0.4] 0 
diameter[13,6,0.45] 0 
diameter[13,6,0.5] 0 
diameter[13,6,0.6] 0 
diameter[14,12,0.05] 1 
diameter[14,12,0.06] 0 
diameter[14,12,0.08] 0 
diameter[14,12,0.1] 0 
diameter[14,12,0.15] 0 
diameter[14,12,0.2] 0 
diameter[14,12,0.25] 0 
diameter[14,12,0.3] 0 
diameter[14,12,0.35] 0 
diameter[14,12,0.4] 0 
diameter[14,12,0.45] 0 
diameter[14,12,0.5] 0 
diameter[14,12,0.6] 0 
diameter[14,13,0.05] 1 
diameter[14,13,0.06] 0 
diameter[14,13,0.08] 0 
diameter[14,13,0.1] 0 
diameter[14,13,0.15] 0 
diameter[14,13,0.2] 0 
diameter[14,13,0.25] 0 
diameter[14,13,0.3] 0 
diameter[14,13,0.35] 0 
diameter[14,13,0.4] 0 
diameter[14,13,0.45] 0 
diameter[14,13,0.5] 0 
diameter[14,13,0.6] 0 
diameter[16,11,0.05] 0 
diameter[16,11,0.06] 0 
diameter[16,11,0.08] 0 
diameter[16,11,0.1] 1 
diameter[16,11,0.15] 0 
diameter[16,11,0.2] 0 
diameter[16,11,0.25] 0 
diameter[16,11,0.3] 0 
diameter[16,11,0.35] 0 
diameter[16,11,0.4] 0 
diameter[16,11,0.45] 0 
diameter[16,11,0.5] 0 
diameter[16,11,0.6] 0 
diameter[18,14,0.05] 1 
diameter[18,14,0.06] 0 
diameter[18,14,0.08] 0 
diameter[18,14,0.1] 0 
diameter[18,14,0.15] 0 
diameter[18,14,0.2] 0 
diameter[18,14,0.25] 0 
diameter[18,14,0.3] 0 
diameter[18,14,0.35] 0 
diameter[18,14,0.4] 0 
diameter[18,14,0.45] 0 
diameter[18,14,0.5] 0 
diameter[18,14,0.6] 0 
diameter[19,16,0.05] 0 
diameter[19,16,0.06] 0 
diameter[19,16,0.08] 0 
diameter[19,16,0.1] 1 
diameter[19,16,0.15] 0 
diameter[19,16,0.2] 0 
diameter[19,16,0.25] 0 
diameter[19,16,0.3] 0 
diameter[19,16,0.35] 0 
diameter[19,16,0.4] 0 
diameter[19,16,0.45] 0 
diameter[19,16,0.5] 0 
diameter[19,16,0.6] 0 
diameter[19,20,0.05] 1 
diameter[19,20,0.06] 0 
diameter[19,20,0.08] 0 
diameter[19,20,0.1] 0 
diameter[19,20,0.15] 0 
diameter[19,20,0.2] 0 
diameter[19,20,0.25] 0 
diameter[19,20,0.3] 0 
diameter[19,20,0.35] 0 
diameter[19,20,0.4] 0 
diameter[19,20,0.45] 0 
diameter[19,20,0.5] 0 
diameter[19,20,0.6] 0 
diameter[20,15,0.05] 1 
diameter[20,15,0.06] 0 
diameter[20,15,0.08] 0 
diameter[20,15,0.1] 0 
diameter[20,15,0.15] 0 
diameter[20,15,0.2] 0 
diameter[20,15,0.25] 0 
diameter[20,15,0.3] 0 
diameter[20,15,0.35] 0 
diameter[20,15,0.4] 0 
diameter[20,15,0.45] 0 
diameter[20,15,0.5] 0 
diameter[20,15,0.6] 0 
diameter[21,18,0.05] 1 
diameter[21,18,0.06] 0 
diameter[21,18,0.08] 0 
diameter[21,18,0.1] 0 
diameter[21,18,0.15] 0 
diameter[21,18,0.2] 0 
diameter[21,18,0.25] 0 
diameter[21,18,0.3] 0 
diameter[21,18,0.35] 0 
diameter[21,18,0.4] 0 
diameter[21,18,0.45] 0 
diameter[21,18,0.5] 0 
diameter[21,18,0.6] 0 
diameter[22,17,0.05] 1 
diameter[22,17,0.06] 0 
diameter[22,17,0.08] 0 
diameter[22,17,0.1] 0 
diameter[22,17,0.15] 0 
diameter[22,17,0.2] 0 
diameter[22,17,0.25] 0 
diameter[22,17,0.3] 0 
diameter[22,17,0.35] 0 
diameter[22,17,0.4] 0 
diameter[22,17,0.45] 0 
diameter[22,17,0.5] 0 
diameter[22,17,0.6] 0 
diameter[23,25,0.05] 0 
diameter[23,25,0.06] 0 
diameter[23,25,0.08] 0 
diameter[23,25,0.1] 1 
diameter[23,25,0.15] 0 
diameter[23,25,0.2] 0 
diameter[23,25,0.25] 0 
diameter[23,25,0.3] 0 
diameter[23,25,0.35] 0 
diameter[23,25,0.4] 0 
diameter[23,25,0.45] 0 
diameter[23,25,0.5] 0 
diameter[23,25,0.6] 0 
diameter[24,22,0.05] 1 
diameter[24,22,0.06] 0 
diameter[24,22,0.08] 0 
diameter[24,22,0.1] 0 
diameter[24,22,0.15] 0 
diameter[24,22,0.2] 0 
diameter[24,22,0.25] 0 
diameter[24,22,0.3] 0 
diameter[24,22,0.35] 0 
diameter[24,22,0.4] 0 
diameter[24,22,0.45] 0 
diameter[24,22,0.5] 0 
diameter[24,22,0.6] 0 
diameter[25,19,0.05] 0 
diameter[25,19,0.06] 0 
diameter[25,19,0.08] 0 
diameter[25,19,0.1] 1 
diameter[25,19,0.15] 0 
diameter[25,19,0.2] 0 
diameter[25,19,0.25] 0 
diameter[25,19,0.3] 0 
diameter[25,19,0.35] 0 
diameter[25,19,0.4] 0 
diameter[25,19,0.45] 0 
diameter[25,19,0.5] 0 
diameter[25,19,0.6] 0 
diameter[25,28,0.05] 0 
diameter[25,28,0.06] 0 
diameter[25,28,0.08] 0 
diameter[25,28,0.1] 1 
diameter[25,28,0.15] 0 
diameter[25,28,0.2] 0 
diameter[25,28,0.25] 0 
diameter[25,28,0.3] 0 
diameter[25,28,0.35] 0 
diameter[25,28,0.4] 0 
diameter[25,28,0.45] 0 
diameter[25,28,0.5] 0 
diameter[25,28,0.6] 0 
diameter[26,29,0.05] 0 
diameter[26,29,0.06] 0 
diameter[26,29,0.08] 1 
diameter[26,29,0.1] 0 
diameter[26,29,0.15] 0 
diameter[26,29,0.2] 0 
diameter[26,29,0.25] 0 
diameter[26,29,0.3] 0 
diameter[26,29,0.35] 0 
diameter[26,29,0.4] 0 
diameter[26,29,0.45] 0 
diameter[26,29,0.5] 0 
diameter[26,29,0.6] 0 
diameter[27,21,0.05] 1 
diameter[27,21,0.06] 0 
diameter[27,21,0.08] 0 
diameter[27,21,0.1] 0 
diameter[27,21,0.15] 0 
diameter[27,21,0.2] 0 
diameter[27,21,0.25] 0 
diameter[27,21,0.3] 0 
diameter[27,21,0.35] 0 
diameter[27,21,0.4] 0 
diameter[27,21,0.45] 0 
diameter[27,21,0.5] 0 
diameter[27,21,0.6] 0 
diameter[27,31,0.05] 1 
diameter[27,31,0.06] 0 
diameter[27,31,0.08] 0 
diameter[27,31,0.1] 0 
diameter[27,31,0.15] 0 
diameter[27,31,0.2] 0 
diameter[27,31,0.25] 0 
diameter[27,31,0.3] 0 
diameter[27,31,0.35] 0 
diameter[27,31,0.4] 0 
diameter[27,31,0.45] 0 
diameter[27,31,0.5] 0 
diameter[27,31,0.6] 0 
diameter[28,26,0.05] 0 
diameter[28,26,0.06] 0 
diameter[28,26,0.08] 1 
diameter[28,26,0.1] 0 
diameter[28,26,0.15] 0 
diameter[28,26,0.2] 0 
diameter[28,26,0.25] 0 
diameter[28,26,0.3] 0 
diameter[28,26,0.35] 0 
diameter[28,26,0.4] 0 
diameter[28,26,0.45] 0 
diameter[28,26,0.5] 0 
diameter[28,26,0.6] 0 
diameter[29,27,0.05] 0 
diameter[29,27,0.06] 0 
diameter[29,27,0.08] 1 
diameter[29,27,0.1] 0 
diameter[29,27,0.15] 0 
diameter[29,27,0.2] 0 
diameter[29,27,0.25] 0 
diameter[29,27,0.3] 0 
diameter[29,27,0.35] 0 
diameter[29,27,0.4] 0 
diameter[29,27,0.45] 0 
diameter[29,27,0.5] 0 
diameter[29,27,0.6] 0 
diameter[30,24,0.05] 1 
diameter[30,24,0.06] 0 
diameter[30,24,0.08] 0 
diameter[30,24,0.1] 0 
diameter[30,24,0.15] 0 
diameter[30,24,0.2] 0 
diameter[30,24,0.25] 0 
diameter[30,24,0.3] 0 
diameter[30,24,0.35] 0 
diameter[30,24,0.4] 0 
diameter[30,24,0.45] 0 
diameter[30,24,0.5] 0 
diameter[30,24,0.6] 0 
diameter[31,35,0.05] 1 
diameter[31,35,0.06] 0 
diameter[31,35,0.08] 0 
diameter[31,35,0.1] 0 
diameter[31,35,0.15] 0 
diameter[31,35,0.2] 0 
diameter[31,35,0.25] 0 
diameter[31,35,0.3] 0 
diameter[31,35,0.35] 0 
diameter[31,35,0.4] 0 
diameter[31,35,0.45] 0 
diameter[31,35,0.5] 0 
diameter[31,35,0.6] 0 
diameter[32,36,0.05] 1 
diameter[32,36,0.06] 0 
diameter[32,36,0.08] 0 
diameter[32,36,0.1] 0 
diameter[32,36,0.15] 0 
diameter[32,36,0.2] 0 
diameter[32,36,0.25] 0 
diameter[32,36,0.3] 0 
diameter[32,36,0.35] 0 
diameter[32,36,0.4] 0 
diameter[32,36,0.45] 0 
diameter[32,36,0.5] 0 
diameter[32,36,0.6] 0 
diameter[32,33,0.05] 0 
diameter[32,33,0.06] 0 
diameter[32,33,0.08] 0 
diameter[32,33,0.1] 0 
diameter[32,33,0.15] 1 
diameter[32,33,0.2] 0 
diameter[32,33,0.25] 0 
diameter[32,33,0.3] 0 
diameter[32,33,0.35] 0 
diameter[32,33,0.4] 0 
diameter[32,33,0.45] 0 
diameter[32,33,0.5] 0 
diameter[32,33,0.6] 0 
diameter[33,23,0.05] 0 
diameter[33,23,0.06] 0 
diameter[33,23,0.08] 0 
diameter[33,23,0.1] 1 
diameter[33,23,0.15] 0 
diameter[33,23,0.2] 0 
diameter[33,23,0.25] 0 
diameter[33,23,0.3] 0 
diameter[33,23,0.35] 0 
diameter[33,23,0.4] 0 
diameter[33,23,0.45] 0 
diameter[33,23,0.5] 0 
diameter[33,23,0.6] 0 
diameter[34,30,0.05] 1 
diameter[34,30,0.06] 0 
diameter[34,30,0.08] 0 
diameter[34,30,0.1] 0 
diameter[34,30,0.15] 0 
diameter[34,30,0.2] 0 
diameter[34,30,0.25] 0 
diameter[34,30,0.3] 0 
diameter[34,30,0.35] 0 
diameter[34,30,0.4] 0 
diameter[34,30,0.45] 0 
diameter[34,30,0.5] 0 
diameter[34,30,0.6] 0 
diameter[34,32,0.05] 0 
diameter[34,32,0.06] 0 
diameter[34,32,0.08] 0 
diameter[34,32,0.1] 1 
diameter[34,32,0.15] 0 
diameter[34,32,0.2] 0 
diameter[34,32,0.25] 0 
diameter[34,32,0.3] 0 
diameter[34,32,0.35] 0 
diameter[34,32,0.4] 0 
diameter[34,32,0.45] 0 
diameter[34,32,0.5] 0 
diameter[34,32,0.6] 0 
diameter[36,40,0.05] 1 
diameter[36,40,0.06] 0 
diameter[36,40,0.08] 0 
diameter[36,40,0.1] 0 
diameter[36,40,0.15] 0 
diameter[36,40,0.2] 0 
diameter[36,40,0.25] 0 
diameter[36,40,0.3] 0 
diameter[36,40,0.35] 0 
diameter[36,40,0.4] 0 
diameter[36,40,0.45] 0 
diameter[36,40,0.5] 0 
diameter[36,40,0.6] 0 
diameter[38,37,0.05] 1 
diameter[38,37,0.06] 0 
diameter[38,37,0.08] 0 
diameter[38,37,0.1] 0 
diameter[38,37,0.15] 0 
diameter[38,37,0.2] 0 
diameter[38,37,0.25] 0 
diameter[38,37,0.3] 0 
diameter[38,37,0.35] 0 
diameter[38,37,0.4] 0 
diameter[38,37,0.45] 0 
diameter[38,37,0.5] 0 
diameter[38,37,0.6] 0 
diameter[39,34,0.05] 0 
diameter[39,34,0.06] 0 
diameter[39,34,0.08] 0 
diameter[39,34,0.1] 0 
diameter[39,34,0.15] 1 
diameter[39,34,0.2] 0 
diameter[39,34,0.25] 0 
diameter[39,34,0.3] 0 
diameter[39,34,0.35] 0 
diameter[39,34,0.4] 0 
diameter[39,34,0.45] 0 
diameter[39,34,0.5] 0 
diameter[39,34,0.6] 0 
diameter[42,39,0.05] 0 
diameter[42,39,0.06] 0 
diameter[42,39,0.08] 0 
diameter[42,39,0.1] 0 
diameter[42,39,0.15] 1 
diameter[42,39,0.2] 0 
diameter[42,39,0.25] 0 
diameter[42,39,0.3] 0 
diameter[42,39,0.35] 0 
diameter[42,39,0.4] 0 
diameter[42,39,0.45] 0 
diameter[42,39,0.5] 0 
diameter[42,39,0.6] 0 
diameter[43,41,0.05] 1 
diameter[43,41,0.06] 0 
diameter[43,41,0.08] 0 
diameter[43,41,0.1] 0 
diameter[43,41,0.15] 0 
diameter[43,41,0.2] 0 
diameter[43,41,0.25] 0 
diameter[43,41,0.3] 0 
diameter[43,41,0.35] 0 
diameter[43,41,0.4] 0 
diameter[43,41,0.45] 0 
diameter[43,41,0.5] 0 
diameter[43,41,0.6] 0 
diameter[44,48,0.05] 1 
diameter[44,48,0.06] 0 
diameter[44,48,0.08] 0 
diameter[44,48,0.1] 0 
diameter[44,48,0.15] 0 
diameter[44,48,0.2] 0 
diameter[44,48,0.25] 0 
diameter[44,48,0.3] 0 
diameter[44,48,0.35] 0 
diameter[44,48,0.4] 0 
diameter[44,48,0.45] 0 
diameter[44,48,0.5] 0 
diameter[44,48,0.6] 0 
diameter[45,43,0.05] 1 
diameter[45,43,0.06] 0 
diameter[45,43,0.08] 0 
diameter[45,43,0.1] 0 
diameter[45,43,0.15] 0 
diameter[45,43,0.2] 0 
diameter[45,43,0.25] 0 
diameter[45,43,0.3] 0 
diameter[45,43,0.35] 0 
diameter[45,43,0.4] 0 
diameter[45,43,0.45] 0 
diameter[45,43,0.5] 0 
diameter[45,43,0.6] 0 
diameter[46,38,0.05] 1 
diameter[46,38,0.06] 0 
diameter[46,38,0.08] 0 
diameter[46,38,0.1] 0 
diameter[46,38,0.15] 0 
diameter[46,38,0.2] 0 
diameter[46,38,0.25] 0 
diameter[46,38,0.3] 0 
diameter[46,38,0.35] 0 
diameter[46,38,0.4] 0 
diameter[46,38,0.45] 0 
diameter[46,38,0.5] 0 
diameter[46,38,0.6] 0 
diameter[47,42,0.05] 0 
diameter[47,42,0.06] 0 
diameter[47,42,0.08] 0 
diameter[47,42,0.1] 0 
diameter[47,42,0.15] 1 
diameter[47,42,0.2] 0 
diameter[47,42,0.25] 0 
diameter[47,42,0.3] 0 
diameter[47,42,0.35] 0 
diameter[47,42,0.4] 0 
diameter[47,42,0.45] 0 
diameter[47,42,0.5] 0 
diameter[47,42,0.6] 0 
diameter[47,53,0.05] 0 
diameter[47,53,0.06] 0 
diameter[47,53,0.08] 1 
diameter[47,53,0.1] 0 
diameter[47,53,0.15] 0 
diameter[47,53,0.2] 0 
diameter[47,53,0.25] 0 
diameter[47,53,0.3] 0 
diameter[47,53,0.35] 0 
diameter[47,53,0.4] 0 
diameter[47,53,0.45] 0 
diameter[47,53,0.5] 0 
diameter[47,53,0.6] 0 
diameter[48,49,0.05] 1 
diameter[48,49,0.06] 0 
diameter[48,49,0.08] 0 
diameter[48,49,0.1] 0 
diameter[48,49,0.15] 0 
diameter[48,49,0.2] 0 
diameter[48,49,0.25] 0 
diameter[48,49,0.3] 0 
diameter[48,49,0.35] 0 
diameter[48,49,0.4] 0 
diameter[48,49,0.45] 0 
diameter[48,49,0.5] 0 
diameter[48,49,0.6] 0 
diameter[50,47,0.05] 0 
diameter[50,47,0.06] 0 
diameter[50,47,0.08] 0 
diameter[50,47,0.1] 0 
diameter[50,47,0.15] 1 
diameter[50,47,0.2] 0 
diameter[50,47,0.25] 0 
diameter[50,47,0.3] 0 
diameter[50,47,0.35] 0 
diameter[50,47,0.4] 0 
diameter[50,47,0.45] 0 
diameter[50,47,0.5] 0 
diameter[50,47,0.6] 0 
diameter[51,44,0.05] 1 
diameter[51,44,0.06] 0 
diameter[51,44,0.08] 0 
diameter[51,44,0.1] 0 
diameter[51,44,0.15] 0 
diameter[51,44,0.2] 0 
diameter[51,44,0.25] 0 
diameter[51,44,0.3] 0 
diameter[51,44,0.35] 0 
diameter[51,44,0.4] 0 
diameter[51,44,0.45] 0 
diameter[51,44,0.5] 0 
diameter[51,44,0.6] 0 
diameter[51,50,0.05] 0 
diameter[51,50,0.06] 0 
diameter[51,50,0.08] 0 
diameter[51,50,0.1] 0 
diameter[51,50,0.15] 1 
diameter[51,50,0.2] 0 
diameter[51,50,0.25] 0 
diameter[51,50,0.3] 0 
diameter[51,50,0.35] 0 
diameter[51,50,0.4] 0 
diameter[51,50,0.45] 0 
diameter[51,50,0.5] 0 
diameter[51,50,0.6] 0 
diameter[52,46,0.05] 1 
diameter[52,46,0.06] 0 
diameter[52,46,0.08] 0 
diameter[52,46,0.1] 0 
diameter[52,46,0.15] 0 
diameter[52,46,0.2] 0 
diameter[52,46,0.25] 0 
diameter[52,46,0.3] 0 
diameter[52,46,0.35] 0 
diameter[52,46,0.4] 0 
diameter[52,46,0.45] 0 
diameter[52,46,0.5] 0 
diameter[52,46,0.6] 0 
diameter[53,52,0.05] 1 
diameter[53,52,0.06] 0 
diameter[53,52,0.08] 0 
diameter[53,52,0.1] 0 
diameter[53,52,0.15] 0 
diameter[53,52,0.2] 0 
diameter[53,52,0.25] 0 
diameter[53,52,0.3] 0 
diameter[53,52,0.35] 0 
diameter[53,52,0.4] 0 
diameter[53,52,0.45] 0 
diameter[53,52,0.5] 0 
diameter[53,52,0.6] 0 
diameter[53,59,0.05] 0 
diameter[53,59,0.06] 0 
diameter[53,59,0.08] 1 
diameter[53,59,0.1] 0 
diameter[53,59,0.15] 0 
diameter[53,59,0.2] 0 
diameter[53,59,0.25] 0 
diameter[53,59,0.3] 0 
diameter[53,59,0.35] 0 
diameter[53,59,0.4] 0 
diameter[53,59,0.45] 0 
diameter[53,59,0.5] 0 
diameter[53,59,0.6] 0 
diameter[54,45,0.05] 1 
diameter[54,45,0.06] 0 
diameter[54,45,0.08] 0 
diameter[54,45,0.1] 0 
diameter[54,45,0.15] 0 
diameter[54,45,0.2] 0 
diameter[54,45,0.25] 0 
diameter[54,45,0.3] 0 
diameter[54,45,0.35] 0 
diameter[54,45,0.4] 0 
diameter[54,45,0.45] 0 
diameter[54,45,0.5] 0 
diameter[54,45,0.6] 0 
diameter[55,54,0.05] 1 
diameter[55,54,0.06] 0 
diameter[55,54,0.08] 0 
diameter[55,54,0.1] 0 
diameter[55,54,0.15] 0 
diameter[55,54,0.2] 0 
diameter[55,54,0.25] 0 
diameter[55,54,0.3] 0 
diameter[55,54,0.35] 0 
diameter[55,54,0.4] 0 
diameter[55,54,0.45] 0 
diameter[55,54,0.5] 0 
diameter[55,54,0.6] 0 
diameter[56,51,0.05] 0 
diameter[56,51,0.06] 0 
diameter[56,51,0.08] 0 
diameter[56,51,0.1] 0 
diameter[56,51,0.15] 1 
diameter[56,51,0.2] 0 
diameter[56,51,0.25] 0 
diameter[56,51,0.3] 0 
diameter[56,51,0.35] 0 
diameter[56,51,0.4] 0 
diameter[56,51,0.45] 0 
diameter[56,51,0.5] 0 
diameter[56,51,0.6] 0 
diameter[56,60,0.05] 0 
diameter[56,60,0.06] 0 
diameter[56,60,0.08] 0 
diameter[56,60,0.1] 1 
diameter[56,60,0.15] 0 
diameter[56,60,0.2] 0 
diameter[56,60,0.25] 0 
diameter[56,60,0.3] 0 
diameter[56,60,0.35] 0 
diameter[56,60,0.4] 0 
diameter[56,60,0.45] 0 
diameter[56,60,0.5] 0 
diameter[56,60,0.6] 0 
diameter[58,55,0.05] 1 
diameter[58,55,0.06] 0 
diameter[58,55,0.08] 0 
diameter[58,55,0.1] 0 
diameter[58,55,0.15] 0 
diameter[58,55,0.2] 0 
diameter[58,55,0.25] 0 
diameter[58,55,0.3] 0 
diameter[58,55,0.35] 0 
diameter[58,55,0.4] 0 
diameter[58,55,0.45] 0 
diameter[58,55,0.5] 0 
diameter[58,55,0.6] 0 
diameter[59,63,0.05] 0 
diameter[59,63,0.06] 0 
diameter[59,63,0.08] 1 
diameter[59,63,0.1] 0 
diameter[59,63,0.15] 0 
diameter[59,63,0.2] 0 
diameter[59,63,0.25] 0 
diameter[59,63,0.3] 0 
diameter[59,63,0.35] 0 
diameter[59,63,0.4] 0 
diameter[59,63,0.45] 0 
diameter[59,63,0.5] 0 
diameter[59,63,0.6] 0 
diameter[60,57,0.05] 1 
diameter[60,57,0.06] 0 
diameter[60,57,0.08] 0 
diameter[60,57,0.1] 0 
diameter[60,57,0.15] 0 
diameter[60,57,0.2] 0 
diameter[60,57,0.25] 0 
diameter[60,57,0.3] 0 
diameter[60,57,0.35] 0 
diameter[60,57,0.4] 0 
diameter[60,57,0.45] 0 
diameter[60,57,0.5] 0 
diameter[60,57,0.6] 0 
diameter[61,56,0.05] 0 
diameter[61,56,0.06] 0 
diameter[61,56,0.08] 0 
diameter[61,56,0.1] 0 
diameter[61,56,0.15] 1 
diameter[61,56,0.2] 0 
diameter[61,56,0.25] 0 
diameter[61,56,0.3] 0 
diameter[61,56,0.35] 0 
diameter[61,56,0.4] 0 
diameter[61,56,0.45] 0 
diameter[61,56,0.5] 0 
diameter[61,56,0.6] 0 
diameter[63,66,0.05] 1 
diameter[63,66,0.06] 0 
diameter[63,66,0.08] 0 
diameter[63,66,0.1] 0 
diameter[63,66,0.15] 0 
diameter[63,66,0.2] 0 
diameter[63,66,0.25] 0 
diameter[63,66,0.3] 0 
diameter[63,66,0.35] 0 
diameter[63,66,0.4] 0 
diameter[63,66,0.45] 0 
diameter[63,66,0.5] 0 
diameter[63,66,0.6] 0 
diameter[65,58,0.05] 1 
diameter[65,58,0.06] 0 
diameter[65,58,0.08] 0 
diameter[65,58,0.1] 0 
diameter[65,58,0.15] 0 
diameter[65,58,0.2] 0 
diameter[65,58,0.25] 0 
diameter[65,58,0.3] 0 
diameter[65,58,0.35] 0 
diameter[65,58,0.4] 0 
diameter[65,58,0.45] 0 
diameter[65,58,0.5] 0 
diameter[65,58,0.6] 0 
diameter[65,70,0.05] 0 
diameter[65,70,0.06] 0 
diameter[65,70,0.08] 0 
diameter[65,70,0.1] 0 
diameter[65,70,0.15] 1 
diameter[65,70,0.2] 0 
diameter[65,70,0.25] 0 
diameter[65,70,0.3] 0 
diameter[65,70,0.35] 0 
diameter[65,70,0.4] 0 
diameter[65,70,0.45] 0 
diameter[65,70,0.5] 0 
diameter[65,70,0.6] 0 
diameter[66,69,0.05] 1 
diameter[66,69,0.06] 0 
diameter[66,69,0.08] 0 
diameter[66,69,0.1] 0 
diameter[66,69,0.15] 0 
diameter[66,69,0.2] 0 
diameter[66,69,0.25] 0 
diameter[66,69,0.3] 0 
diameter[66,69,0.35] 0 
diameter[66,69,0.4] 0 
diameter[66,69,0.45] 0 
diameter[66,69,0.5] 0 
diameter[66,69,0.6] 0 
diameter[67,61,0.05] 0 
diameter[67,61,0.06] 0 
diameter[67,61,0.08] 0 
diameter[67,61,0.1] 0 
diameter[67,61,0.15] 1 
diameter[67,61,0.2] 0 
diameter[67,61,0.25] 0 
diameter[67,61,0.3] 0 
diameter[67,61,0.35] 0 
diameter[67,61,0.4] 0 
diameter[67,61,0.45] 0 
diameter[67,61,0.5] 0 
diameter[67,61,0.6] 0 
diameter[68,64,0.05] 1 
diameter[68,64,0.06] 0 
diameter[68,64,0.08] 0 
diameter[68,64,0.1] 0 
diameter[68,64,0.15] 0 
diameter[68,64,0.2] 0 
diameter[68,64,0.25] 0 
diameter[68,64,0.3] 0 
diameter[68,64,0.35] 0 
diameter[68,64,0.4] 0 
diameter[68,64,0.45] 0 
diameter[68,64,0.5] 0 
diameter[68,64,0.6] 0 
diameter[68,71,0.05] 0 
diameter[68,71,0.06] 0 
diameter[68,71,0.08] 0 
diameter[68,71,0.1] 0 
diameter[68,71,0.15] 1 
diameter[68,71,0.2] 0 
diameter[68,71,0.25] 0 
diameter[68,71,0.3] 0 
diameter[68,71,0.35] 0 
diameter[68,71,0.4] 0 
diameter[68,71,0.45] 0 
diameter[68,71,0.5] 0 
diameter[68,71,0.6] 0 
diameter[69,62,0.05] 1 
diameter[69,62,0.06] 0 
diameter[69,62,0.08] 0 
diameter[69,62,0.1] 0 
diameter[69,62,0.15] 0 
diameter[69,62,0.2] 0 
diameter[69,62,0.25] 0 
diameter[69,62,0.3] 0 
diameter[69,62,0.35] 0 
diameter[69,62,0.4] 0 
diameter[69,62,0.45] 0 
diameter[69,62,0.5] 0 
diameter[69,62,0.6] 0 
diameter[69,76,0.05] 1 
diameter[69,76,0.06] 0 
diameter[69,76,0.08] 0 
diameter[69,76,0.1] 0 
diameter[69,76,0.15] 0 
diameter[69,76,0.2] 0 
diameter[69,76,0.25] 0 
diameter[69,76,0.3] 0 
diameter[69,76,0.35] 0 
diameter[69,76,0.4] 0 
diameter[69,76,0.45] 0 
diameter[69,76,0.5] 0 
diameter[69,76,0.6] 0 
diameter[70,68,0.05] 0 
diameter[70,68,0.06] 0 
diameter[70,68,0.08] 0 
diameter[70,68,0.1] 0 
diameter[70,68,0.15] 1 
diameter[70,68,0.2] 0 
diameter[70,68,0.25] 0 
diameter[70,68,0.3] 0 
diameter[70,68,0.35] 0 
diameter[70,68,0.4] 0 
diameter[70,68,0.45] 0 
diameter[70,68,0.5] 0 
diameter[70,68,0.6] 0 
diameter[70,75,0.05] 1 
diameter[70,75,0.06] 0 
diameter[70,75,0.08] 0 
diameter[70,75,0.1] 0 
diameter[70,75,0.15] 0 
diameter[70,75,0.2] 0 
diameter[70,75,0.25] 0 
diameter[70,75,0.3] 0 
diameter[70,75,0.35] 0 
diameter[70,75,0.4] 0 
diameter[70,75,0.45] 0 
diameter[70,75,0.5] 0 
diameter[70,75,0.6] 0 
diameter[71,74,0.05] 0 
diameter[71,74,0.06] 0 
diameter[71,74,0.08] 0 
diameter[71,74,0.1] 0 
diameter[71,74,0.15] 1 
diameter[71,74,0.2] 0 
diameter[71,74,0.25] 0 
diameter[71,74,0.3] 0 
diameter[71,74,0.35] 0 
diameter[71,74,0.4] 0 
diameter[71,74,0.45] 0 
diameter[71,74,0.5] 0 
diameter[71,74,0.6] 0 
diameter[72,65,0.05] 0 
diameter[72,65,0.06] 0 
diameter[72,65,0.08] 0 
diameter[72,65,0.1] 0 
diameter[72,65,0.15] 1 
diameter[72,65,0.2] 0 
diameter[72,65,0.25] 0 
diameter[72,65,0.3] 0 
diameter[72,65,0.35] 0 
diameter[72,65,0.4] 0 
diameter[72,65,0.45] 0 
diameter[72,65,0.5] 0 
diameter[72,65,0.6] 0 
diameter[73,67,0.05] 0 
diameter[73,67,0.06] 0 
diameter[73,67,0.08] 0 
diameter[73,67,0.1] 0 
diameter[73,67,0.15] 1 
diameter[73,67,0.2] 0 
diameter[73,67,0.25] 0 
diameter[73,67,0.3] 0 
diameter[73,67,0.35] 0 
diameter[73,67,0.4] 0 
diameter[73,67,0.45] 0 
diameter[73,67,0.5] 0 
diameter[73,67,0.6] 0 
diameter[73,77,0.05] 1 
diameter[73,77,0.06] 0 
diameter[73,77,0.08] 0 
diameter[73,77,0.1] 0 
diameter[73,77,0.15] 0 
diameter[73,77,0.2] 0 
diameter[73,77,0.25] 0 
diameter[73,77,0.3] 0 
diameter[73,77,0.35] 0 
diameter[73,77,0.4] 0 
diameter[73,77,0.45] 0 
diameter[73,77,0.5] 0 
diameter[73,77,0.6] 0 
diameter[74,73,0.05] 0 
diameter[74,73,0.06] 0 
diameter[74,73,0.08] 0 
diameter[74,73,0.1] 0 
diameter[74,73,0.15] 1 
diameter[74,73,0.2] 0 
diameter[74,73,0.25] 0 
diameter[74,73,0.3] 0 
diameter[74,73,0.35] 0 
diameter[74,73,0.4] 0 
diameter[74,73,0.45] 0 
diameter[74,73,0.5] 0 
diameter[74,73,0.6] 0 
diameter[74,78,0.05] 1 
diameter[74,78,0.06] 0 
diameter[74,78,0.08] 0 
diameter[74,78,0.1] 0 
diameter[74,78,0.15] 0 
diameter[74,78,0.2] 0 
diameter[74,78,0.25] 0 
diameter[74,78,0.3] 0 
diameter[74,78,0.35] 0 
diameter[74,78,0.4] 0 
diameter[74,78,0.45] 0 
diameter[74,78,0.5] 0 
diameter[74,78,0.6] 0 
diameter[78,79,0.05] 1 
diameter[78,79,0.06] 0 
diameter[78,79,0.08] 0 
diameter[78,79,0.1] 0 
diameter[78,79,0.15] 0 
diameter[78,79,0.2] 0 
diameter[78,79,0.25] 0 
diameter[78,79,0.3] 0 
diameter[78,79,0.35] 0 
diameter[78,79,0.4] 0 
diameter[78,79,0.45] 0 
diameter[78,79,0.5] 0 
diameter[78,79,0.6] 0 
diameter[80,72,0.05] 0 
diameter[80,72,0.06] 0 
diameter[80,72,0.08] 0 
diameter[80,72,0.1] 0 
diameter[80,72,0.15] 1 
diameter[80,72,0.2] 0 
diameter[80,72,0.25] 0 
diameter[80,72,0.3] 0 
diameter[80,72,0.35] 0 
diameter[80,72,0.4] 0 
diameter[80,72,0.45] 0 
diameter[80,72,0.5] 0 
diameter[80,72,0.6] 0 
diameter[81,80,0.05] 0 
diameter[81,80,0.06] 0 
diameter[81,80,0.08] 0 
diameter[81,80,0.1] 0 
diameter[81,80,0.15] 1 
diameter[81,80,0.2] 0 
diameter[81,80,0.25] 0 
diameter[81,80,0.3] 0 
diameter[81,80,0.35] 0 
diameter[81,80,0.4] 0 
diameter[81,80,0.45] 0 
diameter[81,80,0.5] 0 
diameter[81,80,0.6] 0 
diameter[82,81,0.05] 0 
diameter[82,81,0.06] 0 
diameter[82,81,0.08] 0 
diameter[82,81,0.1] 0 
diameter[82,81,0.15] 1 
diameter[82,81,0.2] 0 
diameter[82,81,0.25] 0 
diameter[82,81,0.3] 0 
diameter[82,81,0.35] 0 
diameter[82,81,0.4] 0 
diameter[82,81,0.45] 0 
diameter[82,81,0.5] 0 
diameter[82,81,0.6] 0 
diameter[83,82,0.05] 0 
diameter[83,82,0.06] 0 
diameter[83,82,0.08] 0 
diameter[83,82,0.1] 0 
diameter[83,82,0.15] 1 
diameter[83,82,0.2] 0 
diameter[83,82,0.25] 0 
diameter[83,82,0.3] 0 
diameter[83,82,0.35] 0 
diameter[83,82,0.4] 0 
diameter[83,82,0.45] 0 
diameter[83,82,0.5] 0 
diameter[83,82,0.6] 0 
diameter[84,83,0.05] 0 
diameter[84,83,0.06] 0 
diameter[84,83,0.08] 0 
diameter[84,83,0.1] 0 
diameter[84,83,0.15] 1 
diameter[84,83,0.2] 0 
diameter[84,83,0.25] 0 
diameter[84,83,0.3] 0 
diameter[84,83,0.35] 0 
diameter[84,83,0.4] 0 
diameter[84,83,0.45] 0 
diameter[84,83,0.5] 0 
diameter[84,83,0.6] 0 
diameter[86,84,0.05] 0 
diameter[86,84,0.06] 0 
diameter[86,84,0.08] 0 
diameter[86,84,0.1] 0 
diameter[86,84,0.15] 1 
diameter[86,84,0.2] 0 
diameter[86,84,0.25] 0 
diameter[86,84,0.3] 0 
diameter[86,84,0.35] 0 
diameter[86,84,0.4] 0 
diameter[86,84,0.45] 0 
diameter[86,84,0.5] 0 
diameter[86,84,0.6] 0 
diameter[88,86,0.05] 0 
diameter[88,86,0.06] 0 
diameter[88,86,0.08] 0 
diameter[88,86,0.1] 0 
diameter[88,86,0.15] 1 
diameter[88,86,0.2] 0 
diameter[88,86,0.25] 0 
diameter[88,86,0.3] 0 
diameter[88,86,0.35] 0 
diameter[88,86,0.4] 0 
diameter[88,86,0.45] 0 
diameter[88,86,0.5] 0 
diameter[88,86,0.6] 0 
diameter[88,92,0.05] 1 
diameter[88,92,0.06] 0 
diameter[88,92,0.08] 0 
diameter[88,92,0.1] 0 
diameter[88,92,0.15] 0 
diameter[88,92,0.2] 0 
diameter[88,92,0.25] 0 
diameter[88,92,0.3] 0 
diameter[88,92,0.35] 0 
diameter[88,92,0.4] 0 
diameter[88,92,0.45] 0 
diameter[88,92,0.5] 0 
diameter[88,92,0.6] 0 
diameter[90,85,0.05] 1 
diameter[90,85,0.06] 0 
diameter[90,85,0.08] 0 
diameter[90,85,0.1] 0 
diameter[90,85,0.15] 0 
diameter[90,85,0.2] 0 
diameter[90,85,0.25] 0 
diameter[90,85,0.3] 0 
diameter[90,85,0.35] 0 
diameter[90,85,0.4] 0 
diameter[90,85,0.45] 0 
diameter[90,85,0.5] 0 
diameter[90,85,0.6] 0 
diameter[90,89,0.05] 1 
diameter[90,89,0.06] 0 
diameter[90,89,0.08] 0 
diameter[90,89,0.1] 0 
diameter[90,89,0.15] 0 
diameter[90,89,0.2] 0 
diameter[90,89,0.25] 0 
diameter[90,89,0.3] 0 
diameter[90,89,0.35] 0 
diameter[90,89,0.4] 0 
diameter[90,89,0.45] 0 
diameter[90,89,0.5] 0 
diameter[90,89,0.6] 0 
diameter[91,88,0.05] 0 
diameter[91,88,0.06] 0 
diameter[91,88,0.08] 0 
diameter[91,88,0.1] 0 
diameter[91,88,0.15] 1 
diameter[91,88,0.2] 0 
diameter[91,88,0.25] 0 
diameter[91,88,0.3] 0 
diameter[91,88,0.35] 0 
diameter[91,88,0.4] 0 
diameter[91,88,0.45] 0 
diameter[91,88,0.5] 0 
diameter[91,88,0.6] 0 
diameter[93,90,0.05] 1 
diameter[93,90,0.06] 0 
diameter[93,90,0.08] 0 
diameter[93,90,0.1] 0 
diameter[93,90,0.15] 0 
diameter[93,90,0.2] 0 
diameter[93,90,0.25] 0 
diameter[93,90,0.3] 0 
diameter[93,90,0.35] 0 
diameter[93,90,0.4] 0 
diameter[93,90,0.45] 0 
diameter[93,90,0.5] 0 
diameter[93,90,0.6] 0 
diameter[93,91,0.05] 0 
diameter[93,91,0.06] 0 
diameter[93,91,0.08] 0 
diameter[93,91,0.1] 0 
diameter[93,91,0.15] 1 
diameter[93,91,0.2] 0 
diameter[93,91,0.25] 0 
diameter[93,91,0.3] 0 
diameter[93,91,0.35] 0 
diameter[93,91,0.4] 0 
diameter[93,91,0.45] 0 
diameter[93,91,0.5] 0 
diameter[93,91,0.6] 0 
diameter[94,96,0.05] 1 
diameter[94,96,0.06] 0 
diameter[94,96,0.08] 0 
diameter[94,96,0.1] 0 
diameter[94,96,0.15] 0 
diameter[94,96,0.2] 0 
diameter[94,96,0.25] 0 
diameter[94,96,0.3] 0 
diameter[94,96,0.35] 0 
diameter[94,96,0.4] 0 
diameter[94,96,0.45] 0 
diameter[94,96,0.5] 0 
diameter[94,96,0.6] 0 
diameter[95,94,0.05] 1 
diameter[95,94,0.06] 0 
diameter[95,94,0.08] 0 
diameter[95,94,0.1] 0 
diameter[95,94,0.15] 0 
diameter[95,94,0.2] 0 
diameter[95,94,0.25] 0 
diameter[95,94,0.3] 0 
diameter[95,94,0.35] 0 
diameter[95,94,0.4] 0 
diameter[95,94,0.45] 0 
diameter[95,94,0.5] 0 
diameter[95,94,0.6] 0 
diameter[95,97,0.05] 1 
diameter[95,97,0.06] 0 
diameter[95,97,0.08] 0 
diameter[95,97,0.1] 0 
diameter[95,97,0.15] 0 
diameter[95,97,0.2] 0 
diameter[95,97,0.25] 0 
diameter[95,97,0.3] 0 
diameter[95,97,0.35] 0 
diameter[95,97,0.4] 0 
diameter[95,97,0.45] 0 
diameter[95,97,0.5] 0 
diameter[95,97,0.6] 0 
diameter[96,100,0.05] 1 
diameter[96,100,0.06] 0 
diameter[96,100,0.08] 0 
diameter[96,100,0.1] 0 
diameter[96,100,0.15] 0 
diameter[96,100,0.2] 0 
diameter[96,100,0.25] 0 
diameter[96,100,0.3] 0 
diameter[96,100,0.35] 0 
diameter[96,100,0.4] 0 
diameter[96,100,0.45] 0 
diameter[96,100,0.5] 0 
diameter[96,100,0.6] 0 
diameter[98,93,0.05] 0 
diameter[98,93,0.06] 0 
diameter[98,93,0.08] 0 
diameter[98,93,0.1] 0 
diameter[98,93,0.15] 1 
diameter[98,93,0.2] 0 
diameter[98,93,0.25] 0 
diameter[98,93,0.3] 0 
diameter[98,93,0.35] 0 
diameter[98,93,0.4] 0 
diameter[98,93,0.45] 0 
diameter[98,93,0.5] 0 
diameter[98,93,0.6] 0 
diameter[99,98,0.05] 0 
diameter[99,98,0.06] 0 
diameter[99,98,0.08] 0 
diameter[99,98,0.1] 0 
diameter[99,98,0.15] 1 
diameter[99,98,0.2] 0 
diameter[99,98,0.25] 0 
diameter[99,98,0.3] 0 
diameter[99,98,0.35] 0 
diameter[99,98,0.4] 0 
diameter[99,98,0.45] 0 
diameter[99,98,0.5] 0 
diameter[99,98,0.6] 0 
diameter[100,87,0.05] 1 
diameter[100,87,0.06] 0 
diameter[100,87,0.08] 0 
diameter[100,87,0.1] 0 
diameter[100,87,0.15] 0 
diameter[100,87,0.2] 0 
diameter[100,87,0.25] 0 
diameter[100,87,0.3] 0 
diameter[100,87,0.35] 0 
diameter[100,87,0.4] 0 
diameter[100,87,0.45] 0 
diameter[100,87,0.5] 0 
diameter[100,87,0.6] 0 
diameter[101,95,0.05] 1 
diameter[101,95,0.06] 0 
diameter[101,95,0.08] 0 
diameter[101,95,0.1] 0 
diameter[101,95,0.15] 0 
diameter[101,95,0.2] 0 
diameter[101,95,0.25] 0 
diameter[101,95,0.3] 0 
diameter[101,95,0.35] 0 
diameter[101,95,0.4] 0 
diameter[101,95,0.45] 0 
diameter[101,95,0.5] 0 
diameter[101,95,0.6] 0 
diameter[102,101,0.05] 1 
diameter[102,101,0.06] 0 
diameter[102,101,0.08] 0 
diameter[102,101,0.1] 0 
diameter[102,101,0.15] 0 
diameter[102,101,0.2] 0 
diameter[102,101,0.25] 0 
diameter[102,101,0.3] 0 
diameter[102,101,0.35] 0 
diameter[102,101,0.4] 0 
diameter[102,101,0.45] 0 
diameter[102,101,0.5] 0 
diameter[102,101,0.6] 0 
diameter[103,104,0.05] 0 
diameter[103,104,0.06] 0 
diameter[103,104,0.08] 0 
diameter[103,104,0.1] 0 
diameter[103,104,0.15] 1 
diameter[103,104,0.2] 0 
diameter[103,104,0.25] 0 
diameter[103,104,0.3] 0 
diameter[103,104,0.35] 0 
diameter[103,104,0.4] 0 
diameter[103,104,0.45] 0 
diameter[103,104,0.5] 0 
diameter[103,104,0.6] 0 
diameter[104,99,0.05] 0 
diameter[104,99,0.06] 0 
diameter[104,99,0.08] 0 
diameter[104,99,0.1] 0 
diameter[104,99,0.15] 1 
diameter[104,99,0.2] 0 
diameter[104,99,0.25] 0 
diameter[104,99,0.3] 0 
diameter[104,99,0.35] 0 
diameter[104,99,0.4] 0 
diameter[104,99,0.45] 0 
diameter[104,99,0.5] 0 
diameter[104,99,0.6] 0 
diameter[104,115,0.05] 1 
diameter[104,115,0.06] 0 
diameter[104,115,0.08] 0 
diameter[104,115,0.1] 0 
diameter[104,115,0.15] 0 
diameter[104,115,0.2] 0 
diameter[104,115,0.25] 0 
diameter[104,115,0.3] 0 
diameter[104,115,0.35] 0 
diameter[104,115,0.4] 0 
diameter[104,115,0.45] 0 
diameter[104,115,0.5] 0 
diameter[104,115,0.6] 0 
diameter[105,111,0.05] 1 
diameter[105,111,0.06] 0 
diameter[105,111,0.08] 0 
diameter[105,111,0.1] 0 
diameter[105,111,0.15] 0 
diameter[105,111,0.2] 0 
diameter[105,111,0.25] 0 
diameter[105,111,0.3] 0 
diameter[105,111,0.35] 0 
diameter[105,111,0.4] 0 
diameter[105,111,0.45] 0 
diameter[105,111,0.5] 0 
diameter[105,111,0.6] 0 
diameter[106,107,0.05] 0 
diameter[106,107,0.06] 0 
diameter[106,107,0.08] 0 
diameter[106,107,0.1] 0 
diameter[106,107,0.15] 1 
diameter[106,107,0.2] 0 
diameter[106,107,0.25] 0 
diameter[106,107,0.3] 0 
diameter[106,107,0.35] 0 
diameter[106,107,0.4] 0 
diameter[106,107,0.45] 0 
diameter[106,107,0.5] 0 
diameter[106,107,0.6] 0 
diameter[107,103,0.05] 0 
diameter[107,103,0.06] 0 
diameter[107,103,0.08] 0 
diameter[107,103,0.1] 0 
diameter[107,103,0.15] 1 
diameter[107,103,0.2] 0 
diameter[107,103,0.25] 0 
diameter[107,103,0.3] 0 
diameter[107,103,0.35] 0 
diameter[107,103,0.4] 0 
diameter[107,103,0.45] 0 
diameter[107,103,0.5] 0 
diameter[107,103,0.6] 0 
diameter[108,102,0.05] 1 
diameter[108,102,0.06] 0 
diameter[108,102,0.08] 0 
diameter[108,102,0.1] 0 
diameter[108,102,0.15] 0 
diameter[108,102,0.2] 0 
diameter[108,102,0.25] 0 
diameter[108,102,0.3] 0 
diameter[108,102,0.35] 0 
diameter[108,102,0.4] 0 
diameter[108,102,0.45] 0 
diameter[108,102,0.5] 0 
diameter[108,102,0.6] 0 
diameter[108,105,0.05] 1 
diameter[108,105,0.06] 0 
diameter[108,105,0.08] 0 
diameter[108,105,0.1] 0 
diameter[108,105,0.15] 0 
diameter[108,105,0.2] 0 
diameter[108,105,0.25] 0 
diameter[108,105,0.3] 0 
diameter[108,105,0.35] 0 
diameter[108,105,0.4] 0 
diameter[108,105,0.45] 0 
diameter[108,105,0.5] 0 
diameter[108,105,0.6] 0 
diameter[110,109,0.05] 1 
diameter[110,109,0.06] 0 
diameter[110,109,0.08] 0 
diameter[110,109,0.1] 0 
diameter[110,109,0.15] 0 
diameter[110,109,0.2] 0 
diameter[110,109,0.25] 0 
diameter[110,109,0.3] 0 
diameter[110,109,0.35] 0 
diameter[110,109,0.4] 0 
diameter[110,109,0.45] 0 
diameter[110,109,0.5] 0 
diameter[110,109,0.6] 0 
diameter[111,110,0.05] 1 
diameter[111,110,0.06] 0 
diameter[111,110,0.08] 0 
diameter[111,110,0.1] 0 
diameter[111,110,0.15] 0 
diameter[111,110,0.2] 0 
diameter[111,110,0.25] 0 
diameter[111,110,0.3] 0 
diameter[111,110,0.35] 0 
diameter[111,110,0.4] 0 
diameter[111,110,0.45] 0 
diameter[111,110,0.5] 0 
diameter[111,110,0.6] 0 
diameter[113,106,0.05] 0 
diameter[113,106,0.06] 0 
diameter[113,106,0.08] 0 
diameter[113,106,0.1] 0 
diameter[113,106,0.15] 1 
diameter[113,106,0.2] 0 
diameter[113,106,0.25] 0 
diameter[113,106,0.3] 0 
diameter[113,106,0.35] 0 
diameter[113,106,0.4] 0 
diameter[113,106,0.45] 0 
diameter[113,106,0.5] 0 
diameter[113,106,0.6] 0 
diameter[115,114,0.05] 1 
diameter[115,114,0.06] 0 
diameter[115,114,0.08] 0 
diameter[115,114,0.1] 0 
diameter[115,114,0.15] 0 
diameter[115,114,0.2] 0 
diameter[115,114,0.25] 0 
diameter[115,114,0.3] 0 
diameter[115,114,0.35] 0 
diameter[115,114,0.4] 0 
diameter[115,114,0.45] 0 
diameter[115,114,0.5] 0 
diameter[115,114,0.6] 0 
diameter[116,108,0.05] 1 
diameter[116,108,0.06] 0 
diameter[116,108,0.08] 0 
diameter[116,108,0.1] 0 
diameter[116,108,0.15] 0 
diameter[116,108,0.2] 0 
diameter[116,108,0.25] 0 
diameter[116,108,0.3] 0 
diameter[116,108,0.35] 0 
diameter[116,108,0.4] 0 
diameter[116,108,0.45] 0 
diameter[116,108,0.5] 0 
diameter[116,108,0.6] 0 
diameter[116,119,0.05] 0 
diameter[116,119,0.06] 0 
diameter[116,119,0.08] 0 
diameter[116,119,0.1] 0 
diameter[116,119,0.15] 0 
diameter[116,119,0.2] 0 
diameter[116,119,0.25] 1 
diameter[116,119,0.3] 0 
diameter[116,119,0.35] 0 
diameter[116,119,0.4] 0 
diameter[116,119,0.45] 0 
diameter[116,119,0.5] 0 
diameter[116,119,0.6] 0 
diameter[117,118,0.05] 0 
diameter[117,118,0.06] 0 
diameter[117,118,0.08] 0 
diameter[117,118,0.1] 0 
diameter[117,118,0.15] 0 
diameter[117,118,0.2] 0 
diameter[117,118,0.25] 1 
diameter[117,118,0.3] 0 
diameter[117,118,0.35] 0 
diameter[117,118,0.4] 0 
diameter[117,118,0.45] 0 
diameter[117,118,0.5] 0 
diameter[117,118,0.6] 0 
diameter[118,116,0.05] 0 
diameter[118,116,0.06] 0 
diameter[118,116,0.08] 0 
diameter[118,116,0.1] 0 
diameter[118,116,0.15] 0 
diameter[118,116,0.2] 0 
diameter[118,116,0.25] 1 
diameter[118,116,0.3] 0 
diameter[118,116,0.35] 0 
diameter[118,116,0.4] 0 
diameter[118,116,0.45] 0 
diameter[118,116,0.5] 0 
diameter[118,116,0.6] 0 
diameter[119,113,0.05] 0 
diameter[119,113,0.06] 0 
diameter[119,113,0.08] 0 
diameter[119,113,0.1] 0 
diameter[119,113,0.15] 0 
diameter[119,113,0.2] 0 
diameter[119,113,0.25] 1 
diameter[119,113,0.3] 0 
diameter[119,113,0.35] 0 
diameter[119,113,0.4] 0 
diameter[119,113,0.45] 0 
diameter[119,113,0.5] 0 
diameter[119,113,0.6] 0 
diameter[119,125,0.05] 1 
diameter[119,125,0.06] 0 
diameter[119,125,0.08] 0 
diameter[119,125,0.1] 0 
diameter[119,125,0.15] 0 
diameter[119,125,0.2] 0 
diameter[119,125,0.25] 0 
diameter[119,125,0.3] 0 
diameter[119,125,0.35] 0 
diameter[119,125,0.4] 0 
diameter[119,125,0.45] 0 
diameter[119,125,0.5] 0 
diameter[119,125,0.6] 0 
diameter[120,112,0.05] 1 
diameter[120,112,0.06] 0 
diameter[120,112,0.08] 0 
diameter[120,112,0.1] 0 
diameter[120,112,0.15] 0 
diameter[120,112,0.2] 0 
diameter[120,112,0.25] 0 
diameter[120,112,0.3] 0 
diameter[120,112,0.35] 0 
diameter[120,112,0.4] 0 
diameter[120,112,0.45] 0 
diameter[120,112,0.5] 0 
diameter[120,112,0.6] 0 
diameter[120,138,0.05] 0 
diameter[120,138,0.06] 0 
diameter[120,138,0.08] 0 
diameter[120,138,0.1] 0 
diameter[120,138,0.15] 0 
diameter[120,138,0.2] 0 
diameter[120,138,0.25] 0 
diameter[120,138,0.3] 1 
diameter[120,138,0.35] 0 
diameter[120,138,0.4] 0 
diameter[120,138,0.45] 0 
diameter[120,138,0.5] 0 
diameter[120,138,0.6] 0 
diameter[122,117,0.05] 0 
diameter[122,117,0.06] 0 
diameter[122,117,0.08] 0 
diameter[122,117,0.1] 0 
diameter[122,117,0.15] 0 
diameter[122,117,0.2] 0 
diameter[122,117,0.25] 1 
diameter[122,117,0.3] 0 
diameter[122,117,0.35] 0 
diameter[122,117,0.4] 0 
diameter[122,117,0.45] 0 
diameter[122,117,0.5] 0 
diameter[122,117,0.6] 0 
diameter[123,127,0.05] 0 
diameter[123,127,0.06] 0 
diameter[123,127,0.08] 0 
diameter[123,127,0.1] 1 
diameter[123,127,0.15] 0 
diameter[123,127,0.2] 0 
diameter[123,127,0.25] 0 
diameter[123,127,0.3] 0 
diameter[123,127,0.35] 0 
diameter[123,127,0.4] 0 
diameter[123,127,0.45] 0 
diameter[123,127,0.5] 0 
diameter[123,127,0.6] 0 
diameter[123,124,0.05] 0 
diameter[123,124,0.06] 0 
diameter[123,124,0.08] 0 
diameter[123,124,0.1] 0 
diameter[123,124,0.15] 0 
diameter[123,124,0.2] 0 
diameter[123,124,0.25] 1 
diameter[123,124,0.3] 0 
diameter[123,124,0.35] 0 
diameter[123,124,0.4] 0 
diameter[123,124,0.45] 0 
diameter[123,124,0.5] 0 
diameter[123,124,0.6] 0 
diameter[124,122,0.05] 0 
diameter[124,122,0.06] 0 
diameter[124,122,0.08] 0 
diameter[124,122,0.1] 0 
diameter[124,122,0.15] 0 
diameter[124,122,0.2] 0 
diameter[124,122,0.25] 1 
diameter[124,122,0.3] 0 
diameter[124,122,0.35] 0 
diameter[124,122,0.4] 0 
diameter[124,122,0.45] 0 
diameter[124,122,0.5] 0 
diameter[124,122,0.6] 0 
diameter[125,130,0.05] 1 
diameter[125,130,0.06] 0 
diameter[125,130,0.08] 0 
diameter[125,130,0.1] 0 
diameter[125,130,0.15] 0 
diameter[125,130,0.2] 0 
diameter[125,130,0.25] 0 
diameter[125,130,0.3] 0 
diameter[125,130,0.35] 0 
diameter[125,130,0.4] 0 
diameter[125,130,0.45] 0 
diameter[125,130,0.5] 0 
diameter[125,130,0.6] 0 
diameter[126,121,0.05] 1 
diameter[126,121,0.06] 0 
diameter[126,121,0.08] 0 
diameter[126,121,0.1] 0 
diameter[126,121,0.15] 0 
diameter[126,121,0.2] 0 
diameter[126,121,0.25] 0 
diameter[126,121,0.3] 0 
diameter[126,121,0.35] 0 
diameter[126,121,0.4] 0 
diameter[126,121,0.45] 0 
diameter[126,121,0.5] 0 
diameter[126,121,0.6] 0 
diameter[126,123,0.05] 0 
diameter[126,123,0.06] 0 
diameter[126,123,0.08] 0 
diameter[126,123,0.1] 0 
diameter[126,123,0.15] 0 
diameter[126,123,0.2] 0 
diameter[126,123,0.25] 1 
diameter[126,123,0.3] 0 
diameter[126,123,0.35] 0 
diameter[126,123,0.4] 0 
diameter[126,123,0.45] 0 
diameter[126,123,0.5] 0 
diameter[126,123,0.6] 0 
diameter[127,132,0.05] 0 
diameter[127,132,0.06] 0 
diameter[127,132,0.08] 0 
diameter[127,132,0.1] 1 
diameter[127,132,0.15] 0 
diameter[127,132,0.2] 0 
diameter[127,132,0.25] 0 
diameter[127,132,0.3] 0 
diameter[127,132,0.35] 0 
diameter[127,132,0.4] 0 
diameter[127,132,0.45] 0 
diameter[127,132,0.5] 0 
diameter[127,132,0.6] 0 
diameter[128,126,0.05] 0 
diameter[128,126,0.06] 0 
diameter[128,126,0.08] 0 
diameter[128,126,0.1] 0 
diameter[128,126,0.15] 0 
diameter[128,126,0.2] 0 
diameter[128,126,0.25] 1 
diameter[128,126,0.3] 0 
diameter[128,126,0.35] 0 
diameter[128,126,0.4] 0 
diameter[128,126,0.45] 0 
diameter[128,126,0.5] 0 
diameter[128,126,0.6] 0 
diameter[132,133,0.05] 0 
diameter[132,133,0.06] 0 
diameter[132,133,0.08] 1 
diameter[132,133,0.1] 0 
diameter[132,133,0.15] 0 
diameter[132,133,0.2] 0 
diameter[132,133,0.25] 0 
diameter[132,133,0.3] 0 
diameter[132,133,0.35] 0 
diameter[132,133,0.4] 0 
diameter[132,133,0.45] 0 
diameter[132,133,0.5] 0 
diameter[132,133,0.6] 0 
diameter[132,143,0.05] 1 
diameter[132,143,0.06] 0 
diameter[132,143,0.08] 0 
diameter[132,143,0.1] 0 
diameter[132,143,0.15] 0 
diameter[132,143,0.2] 0 
diameter[132,143,0.25] 0 
diameter[132,143,0.3] 0 
diameter[132,143,0.35] 0 
diameter[132,143,0.4] 0 
diameter[132,143,0.45] 0 
diameter[132,143,0.5] 0 
diameter[132,143,0.6] 0 
diameter[133,134,0.05] 0 
diameter[133,134,0.06] 0 
diameter[133,134,0.08] 1 
diameter[133,134,0.1] 0 
diameter[133,134,0.15] 0 
diameter[133,134,0.2] 0 
diameter[133,134,0.25] 0 
diameter[133,134,0.3] 0 
diameter[133,134,0.35] 0 
diameter[133,134,0.4] 0 
diameter[133,134,0.45] 0 
diameter[133,134,0.5] 0 
diameter[133,134,0.6] 0 
diameter[134,135,0.05] 1 
diameter[134,135,0.06] 0 
diameter[134,135,0.08] 0 
diameter[134,135,0.1] 0 
diameter[134,135,0.15] 0 
diameter[134,135,0.2] 0 
diameter[134,135,0.25] 0 
diameter[134,135,0.3] 0 
diameter[134,135,0.35] 0 
diameter[134,135,0.4] 0 
diameter[134,135,0.45] 0 
diameter[134,135,0.5] 0 
diameter[134,135,0.6] 0 
diameter[134,140,0.05] 0 
diameter[134,140,0.06] 0 
diameter[134,140,0.08] 1 
diameter[134,140,0.1] 0 
diameter[134,140,0.15] 0 
diameter[134,140,0.2] 0 
diameter[134,140,0.25] 0 
diameter[134,140,0.3] 0 
diameter[134,140,0.35] 0 
diameter[134,140,0.4] 0 
diameter[134,140,0.45] 0 
diameter[134,140,0.5] 0 
diameter[134,140,0.6] 0 
diameter[135,136,0.05] 1 
diameter[135,136,0.06] 0 
diameter[135,136,0.08] 0 
diameter[135,136,0.1] 0 
diameter[135,136,0.15] 0 
diameter[135,136,0.2] 0 
diameter[135,136,0.25] 0 
diameter[135,136,0.3] 0 
diameter[135,136,0.35] 0 
diameter[135,136,0.4] 0 
diameter[135,136,0.45] 0 
diameter[135,136,0.5] 0 
diameter[135,136,0.6] 0 
diameter[136,129,0.05] 1 
diameter[136,129,0.06] 0 
diameter[136,129,0.08] 0 
diameter[136,129,0.1] 0 
diameter[136,129,0.15] 0 
diameter[136,129,0.2] 0 
diameter[136,129,0.25] 0 
diameter[136,129,0.3] 0 
diameter[136,129,0.35] 0 
diameter[136,129,0.4] 0 
diameter[136,129,0.45] 0 
diameter[136,129,0.5] 0 
diameter[136,129,0.6] 0 
diameter[137,120,0.05] 0 
diameter[137,120,0.06] 0 
diameter[137,120,0.08] 0 
diameter[137,120,0.1] 0 
diameter[137,120,0.15] 0 
diameter[137,120,0.2] 0 
diameter[137,120,0.25] 0 
diameter[137,120,0.3] 1 
diameter[137,120,0.35] 0 
diameter[137,120,0.4] 0 
diameter[137,120,0.45] 0 
diameter[137,120,0.5] 0 
diameter[137,120,0.6] 0 
diameter[138,128,0.05] 0 
diameter[138,128,0.06] 0 
diameter[138,128,0.08] 0 
diameter[138,128,0.1] 0 
diameter[138,128,0.15] 0 
diameter[138,128,0.2] 0 
diameter[138,128,0.25] 0 
diameter[138,128,0.3] 1 
diameter[138,128,0.35] 0 
diameter[138,128,0.4] 0 
diameter[138,128,0.45] 0 
diameter[138,128,0.5] 0 
diameter[138,128,0.6] 0 
diameter[139,137,0.05] 0 
diameter[139,137,0.06] 0 
diameter[139,137,0.08] 0 
diameter[139,137,0.1] 0 
diameter[139,137,0.15] 0 
diameter[139,137,0.2] 0 
diameter[139,137,0.25] 1 
diameter[139,137,0.3] 0 
diameter[139,137,0.35] 0 
diameter[139,137,0.4] 0 
diameter[139,137,0.45] 0 
diameter[139,137,0.5] 0 
diameter[139,137,0.6] 0 
diameter[140,144,0.05] 0 
diameter[140,144,0.06] 0 
diameter[140,144,0.08] 1 
diameter[140,144,0.1] 0 
diameter[140,144,0.15] 0 
diameter[140,144,0.2] 0 
diameter[140,144,0.25] 0 
diameter[140,144,0.3] 0 
diameter[140,144,0.35] 0 
diameter[140,144,0.4] 0 
diameter[140,144,0.45] 0 
diameter[140,144,0.5] 0 
diameter[140,144,0.6] 0 
diameter[142,131,0.05] 1 
diameter[142,131,0.06] 0 
diameter[142,131,0.08] 0 
diameter[142,131,0.1] 0 
diameter[142,131,0.15] 0 
diameter[142,131,0.2] 0 
diameter[142,131,0.25] 0 
diameter[142,131,0.3] 0 
diameter[142,131,0.35] 0 
diameter[142,131,0.4] 0 
diameter[142,131,0.45] 0 
diameter[142,131,0.5] 0 
diameter[142,131,0.6] 0 
diameter[143,145,0.05] 1 
diameter[143,145,0.06] 0 
diameter[143,145,0.08] 0 
diameter[143,145,0.1] 0 
diameter[143,145,0.15] 0 
diameter[143,145,0.2] 0 
diameter[143,145,0.25] 0 
diameter[143,145,0.3] 0 
diameter[143,145,0.35] 0 
diameter[143,145,0.4] 0 
diameter[143,145,0.45] 0 
diameter[143,145,0.5] 0 
diameter[143,145,0.6] 0 
diameter[144,146,0.05] 0 
diameter[144,146,0.06] 0 
diameter[144,146,0.08] 1 
diameter[144,146,0.1] 0 
diameter[144,146,0.15] 0 
diameter[144,146,0.2] 0 
diameter[144,146,0.25] 0 
diameter[144,146,0.3] 0 
diameter[144,146,0.35] 0 
diameter[144,146,0.4] 0 
diameter[144,146,0.45] 0 
diameter[144,146,0.5] 0 
diameter[144,146,0.6] 0 
diameter[146,141,0.05] 1 
diameter[146,141,0.06] 0 
diameter[146,141,0.08] 0 
diameter[146,141,0.1] 0 
diameter[146,141,0.15] 0 
diameter[146,141,0.2] 0 
diameter[146,141,0.25] 0 
diameter[146,141,0.3] 0 
diameter[146,141,0.35] 0 
diameter[146,141,0.4] 0 
diameter[146,141,0.45] 0 
diameter[146,141,0.5] 0 
diameter[146,141,0.6] 0 
diameter[146,147,0.05] 0 
diameter[146,147,0.06] 0 
diameter[146,147,0.08] 1 
diameter[146,147,0.1] 0 
diameter[146,147,0.15] 0 
diameter[146,147,0.2] 0 
diameter[146,147,0.25] 0 
diameter[146,147,0.3] 0 
diameter[146,147,0.35] 0 
diameter[146,147,0.4] 0 
diameter[146,147,0.45] 0 
diameter[146,147,0.5] 0 
diameter[146,147,0.6] 0 
diameter[147,148,0.05] 1 
diameter[147,148,0.06] 0 
diameter[147,148,0.08] 0 
diameter[147,148,0.1] 0 
diameter[147,148,0.15] 0 
diameter[147,148,0.2] 0 
diameter[147,148,0.25] 0 
diameter[147,148,0.3] 0 
diameter[147,148,0.35] 0 
diameter[147,148,0.4] 0 
diameter[147,148,0.45] 0 
diameter[147,148,0.5] 0 
diameter[147,148,0.6] 0 
diameter[147,152,0.05] 0 
diameter[147,152,0.06] 1 
diameter[147,152,0.08] 0 
diameter[147,152,0.1] 0 
diameter[147,152,0.15] 0 
diameter[147,152,0.2] 0 
diameter[147,152,0.25] 0 
diameter[147,152,0.3] 0 
diameter[147,152,0.35] 0 
diameter[147,152,0.4] 0 
diameter[147,152,0.45] 0 
diameter[147,152,0.5] 0 
diameter[147,152,0.6] 0 
diameter[148,149,0.05] 1 
diameter[148,149,0.06] 0 
diameter[148,149,0.08] 0 
diameter[148,149,0.1] 0 
diameter[148,149,0.15] 0 
diameter[148,149,0.2] 0 
diameter[148,149,0.25] 0 
diameter[148,149,0.3] 0 
diameter[148,149,0.35] 0 
diameter[148,149,0.4] 0 
diameter[148,149,0.45] 0 
diameter[148,149,0.5] 0 
diameter[148,149,0.6] 0 
diameter[149,150,0.05] 1 
diameter[149,150,0.06] 0 
diameter[149,150,0.08] 0 
diameter[149,150,0.1] 0 
diameter[149,150,0.15] 0 
diameter[149,150,0.2] 0 
diameter[149,150,0.25] 0 
diameter[149,150,0.3] 0 
diameter[149,150,0.35] 0 
diameter[149,150,0.4] 0 
diameter[149,150,0.45] 0 
diameter[149,150,0.5] 0 
diameter[149,150,0.6] 0 
diameter[150,142,0.05] 1 
diameter[150,142,0.06] 0 
diameter[150,142,0.08] 0 
diameter[150,142,0.1] 0 
diameter[150,142,0.15] 0 
diameter[150,142,0.2] 0 
diameter[150,142,0.25] 0 
diameter[150,142,0.3] 0 
diameter[150,142,0.35] 0 
diameter[150,142,0.4] 0 
diameter[150,142,0.45] 0 
diameter[150,142,0.5] 0 
diameter[150,142,0.6] 0 
diameter[150,151,0.05] 1 
diameter[150,151,0.06] 0 
diameter[150,151,0.08] 0 
diameter[150,151,0.1] 0 
diameter[150,151,0.15] 0 
diameter[150,151,0.2] 0 
diameter[150,151,0.25] 0 
diameter[150,151,0.3] 0 
diameter[150,151,0.35] 0 
diameter[150,151,0.4] 0 
diameter[150,151,0.45] 0 
diameter[150,151,0.5] 0 
diameter[150,151,0.6] 0 
diameter[152,154,0.05] 0 
diameter[152,154,0.06] 1 
diameter[152,154,0.08] 0 
diameter[152,154,0.1] 0 
diameter[152,154,0.15] 0 
diameter[152,154,0.2] 0 
diameter[152,154,0.25] 0 
diameter[152,154,0.3] 0 
diameter[152,154,0.35] 0 
diameter[152,154,0.4] 0 
diameter[152,154,0.45] 0 
diameter[152,154,0.5] 0 
diameter[152,154,0.6] 0 
diameter[153,155,0.05] 1 
diameter[153,155,0.06] 0 
diameter[153,155,0.08] 0 
diameter[153,155,0.1] 0 
diameter[153,155,0.15] 0 
diameter[153,155,0.2] 0 
diameter[153,155,0.25] 0 
diameter[153,155,0.3] 0 
diameter[153,155,0.35] 0 
diameter[153,155,0.4] 0 
diameter[153,155,0.45] 0 
diameter[153,155,0.5] 0 
diameter[153,155,0.6] 0 
diameter[154,153,0.05] 1 
diameter[154,153,0.06] 0 
diameter[154,153,0.08] 0 
diameter[154,153,0.1] 0 
diameter[154,153,0.15] 0 
diameter[154,153,0.2] 0 
diameter[154,153,0.25] 0 
diameter[154,153,0.3] 0 
diameter[154,153,0.35] 0 
diameter[154,153,0.4] 0 
diameter[154,153,0.45] 0 
diameter[154,153,0.5] 0 
diameter[154,153,0.6] 0 
diameter[154,156,0.05] 0 
diameter[154,156,0.06] 1 
diameter[154,156,0.08] 0 
diameter[154,156,0.1] 0 
diameter[154,156,0.15] 0 
diameter[154,156,0.2] 0 
diameter[154,156,0.25] 0 
diameter[154,156,0.3] 0 
diameter[154,156,0.35] 0 
diameter[154,156,0.4] 0 
diameter[154,156,0.45] 0 
diameter[154,156,0.5] 0 
diameter[154,156,0.6] 0 
diameter[156,157,0.05] 1 
diameter[156,157,0.06] 0 
diameter[156,157,0.08] 0 
diameter[156,157,0.1] 0 
diameter[156,157,0.15] 0 
diameter[156,157,0.2] 0 
diameter[156,157,0.25] 0 
diameter[156,157,0.3] 0 
diameter[156,157,0.35] 0 
diameter[156,157,0.4] 0 
diameter[156,157,0.45] 0 
diameter[156,157,0.5] 0 
diameter[156,157,0.6] 0 
diameter[156,158,0.05] 0 
diameter[156,158,0.06] 1 
diameter[156,158,0.08] 0 
diameter[156,158,0.1] 0 
diameter[156,158,0.15] 0 
diameter[156,158,0.2] 0 
diameter[156,158,0.25] 0 
diameter[156,158,0.3] 0 
diameter[156,158,0.35] 0 
diameter[156,158,0.4] 0 
diameter[156,158,0.45] 0 
diameter[156,158,0.5] 0 
diameter[156,158,0.6] 0 
diameter[158,159,0.05] 1 
diameter[158,159,0.06] 0 
diameter[158,159,0.08] 0 
diameter[158,159,0.1] 0 
diameter[158,159,0.15] 0 
diameter[158,159,0.2] 0 
diameter[158,159,0.25] 0 
diameter[158,159,0.3] 0 
diameter[158,159,0.35] 0 
diameter[158,159,0.4] 0 
diameter[158,159,0.45] 0 
diameter[158,159,0.5] 0 
diameter[158,159,0.6] 0 
diameter[158,161,0.05] 1 
diameter[158,161,0.06] 0 
diameter[158,161,0.08] 0 
diameter[158,161,0.1] 0 
diameter[158,161,0.15] 0 
diameter[158,161,0.2] 0 
diameter[158,161,0.25] 0 
diameter[158,161,0.3] 0 
diameter[158,161,0.35] 0 
diameter[158,161,0.4] 0 
diameter[158,161,0.45] 0 
diameter[158,161,0.5] 0 
diameter[158,161,0.6] 0 
diameter[160,139,0.05] 0 
diameter[160,139,0.06] 0 
diameter[160,139,0.08] 0 
diameter[160,139,0.1] 0 
diameter[160,139,0.15] 0 
diameter[160,139,0.2] 0 
diameter[160,139,0.25] 0 
diameter[160,139,0.3] 1 
diameter[160,139,0.35] 0 
diameter[160,139,0.4] 0 
diameter[160,139,0.45] 0 
diameter[160,139,0.5] 0 
diameter[160,139,0.6] 0 
diameter[160,164,0.05] 1 
diameter[160,164,0.06] 0 
diameter[160,164,0.08] 0 
diameter[160,164,0.1] 0 
diameter[160,164,0.15] 0 
diameter[160,164,0.2] 0 
diameter[160,164,0.25] 0 
diameter[160,164,0.3] 0 
diameter[160,164,0.35] 0 
diameter[160,164,0.4] 0 
diameter[160,164,0.45] 0 
diameter[160,164,0.5] 0 
diameter[160,164,0.6] 0 
diameter[161,162,0.05] 1 
diameter[161,162,0.06] 0 
diameter[161,162,0.08] 0 
diameter[161,162,0.1] 0 
diameter[161,162,0.15] 0 
diameter[161,162,0.2] 0 
diameter[161,162,0.25] 0 
diameter[161,162,0.3] 0 
diameter[161,162,0.35] 0 
diameter[161,162,0.4] 0 
diameter[161,162,0.45] 0 
diameter[161,162,0.5] 0 
diameter[161,162,0.6] 0 
diameter[161,163,0.05] 1 
diameter[161,163,0.06] 0 
diameter[161,163,0.08] 0 
diameter[161,163,0.1] 0 
diameter[161,163,0.15] 0 
diameter[161,163,0.2] 0 
diameter[161,163,0.25] 0 
diameter[161,163,0.3] 0 
diameter[161,163,0.35] 0 
diameter[161,163,0.4] 0 
diameter[161,163,0.45] 0 
diameter[161,163,0.5] 0 
diameter[161,163,0.6] 0 
diameter[163,165,0.05] 1 
diameter[163,165,0.06] 0 
diameter[163,165,0.08] 0 
diameter[163,165,0.1] 0 
diameter[163,165,0.15] 0 
diameter[163,165,0.2] 0 
diameter[163,165,0.25] 0 
diameter[163,165,0.3] 0 
diameter[163,165,0.35] 0 
diameter[163,165,0.4] 0 
diameter[163,165,0.45] 0 
diameter[163,165,0.5] 0 
diameter[163,165,0.6] 0 
diameter[165,166,0.05] 1 
diameter[165,166,0.06] 0 
diameter[165,166,0.08] 0 
diameter[165,166,0.1] 0 
diameter[165,166,0.15] 0 
diameter[165,166,0.2] 0 
diameter[165,166,0.25] 0 
diameter[165,166,0.3] 0 
diameter[165,166,0.35] 0 
diameter[165,166,0.4] 0 
diameter[165,166,0.45] 0 
diameter[165,166,0.5] 0 
diameter[165,166,0.6] 0 
diameter[166,167,0.05] 1 
diameter[166,167,0.06] 0 
diameter[166,167,0.08] 0 
diameter[166,167,0.1] 0 
diameter[166,167,0.15] 0 
diameter[166,167,0.2] 0 
diameter[166,167,0.25] 0 
diameter[166,167,0.3] 0 
diameter[166,167,0.35] 0 
diameter[166,167,0.4] 0 
diameter[166,167,0.45] 0 
diameter[166,167,0.5] 0 
diameter[166,167,0.6] 0 
hydro loss[1,0] 0.0714777 
hydro loss[1,2] 0.486387 
hydro loss[2,5] 0.0714781 
hydro loss[3,1] 1.16946 
hydro loss[7,3] 0.169879 
hydro loss[7,4] 0.0862776 
hydro loss[7,8] 0.0266266 
hydro loss[9,7] 0.340836 
hydro loss[10,9] 0.266104 
hydro loss[11,10] 0.884555 
hydro loss[13,6] 0.180836 
hydro loss[14,12] 0.0215696 
hydro loss[14,13] 0.12918 
hydro loss[16,11] 0.161405 
hydro loss[18,14] 0.756284 
hydro loss[19,16] 0.14222 
hydro loss[19,20] 0.238041 
hydro loss[20,15] 0.0646756 
hydro loss[21,18] 0.849894 
hydro loss[22,17] 0.0850727 
hydro loss[23,25] 1.10306 
hydro loss[24,22] 0.25836 
hydro loss[25,19] 0.430001 
hydro loss[25,28] 0.14702 
hydro loss[26,29] 0.515908 
hydro loss[27,21] 2.34929 
hydro loss[27,31] 0.23348 
hydro loss[28,26] 0.441827 
hydro loss[29,27] 0.336528 
hydro loss[30,24] 0.569435 
hydro loss[31,35] 0.0417312 
hydro loss[32,36] 0.161975 
hydro loss[32,33] 0.127662 
hydro loss[33,23] 1.70081 
hydro loss[34,30] 0.584727 
hydro loss[34,32] 1.49537 
hydro loss[36,40] 0.0780347 
hydro loss[38,37] 0.0329696 
hydro loss[39,34] 0.285861 
hydro loss[42,39] 0.312389 
hydro loss[43,41] 0.0448689 
hydro loss[44,48] 0.185458 
hydro loss[45,43] 0.204841 
hydro loss[46,38] 0.499913 
hydro loss[47,42] 0.284431 
hydro loss[47,53] 0.640218 
hydro loss[48,49] 0.0329696 
hydro loss[50,47] 0.462621 
hydro loss[51,44] 0.494725 
hydro loss[51,50] 0.366262 
hydro loss[52,46] 0.482945 
hydro loss[53,52] 0.757355 
hydro loss[53,59] 0.155731 
hydro loss[54,45] 0.546767 
hydro loss[55,54] 0.878241 
hydro loss[56,51] 0.450692 
hydro loss[56,60] 0.00700291 
hydro loss[58,55] 0.5481 
hydro loss[59,63] 0.113306 
hydro loss[60,57] 0.0673904 
hydro loss[61,56] 0.418123 
hydro loss[63,66] 0.843282 
hydro loss[65,58] 1.97384 
hydro loss[65,70] 0.694678 
hydro loss[66,69] 0.515497 
hydro loss[67,61] 0.621433 
hydro loss[68,64] 0.0531831 
hydro loss[68,71] 0.760319 
hydro loss[69,62] 0.0556395 
hydro loss[69,76] 0.109209 
hydro loss[70,68] 0.887295 
hydro loss[70,75] 0.0646755 
hydro loss[71,74] 0.739741 
hydro loss[72,65] 1.48656 
hydro loss[73,67] 0.84507 
hydro loss[73,77] 0.0714773 
hydro loss[74,73] 0.707737 
hydro loss[74,78] 0.209493 
hydro loss[78,79] 0.0494544 
hydro loss[80,72] 1.78605 
hydro loss[81,80] 1.60441 
hydro loss[82,81] 0.69354 
hydro loss[83,82] 0.709286 
hydro loss[84,83] 0.725193 
hydro loss[86,84] 0.741263 
hydro loss[88,86] 1.51499 
hydro loss[88,92] 0.0673905 
hydro loss[90,85] 0.0987573 
hydro loss[90,89] 0.0494544 
hydro loss[91,88] 1.27647 
hydro loss[93,90] 0.273726 
hydro loss[93,91] 0.99366 
hydro loss[94,96] 0.392977 
hydro loss[95,94] 1.07416 
hydro loss[95,97] 0.0835895 
hydro loss[96,100] 0.301758 
hydro loss[98,93] 2.29153 
hydro loss[99,98] 1.41125 
hydro loss[100,87] 0.237262 
hydro loss[101,95] 1.15236 
hydro loss[102,101] 2.04415 
hydro loss[103,104] 1.14336 
hydro loss[104,99] 2.15549 
hydro loss[104,115] 0.301299 
hydro loss[105,111] 0.547451 
hydro loss[106,107] 2.37391 
hydro loss[107,103] 1.21027 
hydro loss[108,102] 1.96325 
hydro loss[108,105] 1.08935 
hydro loss[110,109] 0.0494544 
hydro loss[111,110] 0.238041 
hydro loss[113,106] 1.74745 
hydro loss[115,114] 0.0581145 
hydro loss[116,108] 9.83594 
hydro loss[116,119] 0.147088 
hydro loss[117,118] 0.138225 
hydro loss[118,116] 0.14138 
hydro loss[119,113] 0.0863214 
hydro loss[119,125] 0.116739 
hydro loss[120,112] 0.0958381 
hydro loss[120,138] 0.441798 
hydro loss[122,117] 0.145812 
hydro loss[123,127] 0.978607 
hydro loss[123,124] 0.144692 
hydro loss[124,122] 0.148052 
hydro loss[125,130] 0.071478 
hydro loss[126,121] 0.0323371 
hydro loss[126,123] 0.16647 
hydro loss[127,132] 1.43585 
hydro loss[128,126] 0.253241 
hydro loss[132,133] 1.81801 
hydro loss[132,143] 0.356507 
hydro loss[133,134] 2.56106 
hydro loss[134,135] 0.252198 
hydro loss[134,140] 3.3468 
hydro loss[135,136] 0.301758 
hydro loss[136,129] 0.0417304 
hydro loss[137,120] 0.398159 
hydro loss[138,128] 0.224941 
hydro loss[139,137] 0.217459 
hydro loss[140,144] 2.45812 
hydro loss[142,131] 0.0973725 
hydro loss[143,145] 0.0869923 
hydro loss[144,146] 2.93262 
hydro loss[146,141] 0.0780348 
hydro loss[146,147] 2.12043 
hydro loss[147,148] 1.36565 
hydro loss[147,152] 3.16701 
hydro loss[148,149] 0.97431 
hydro loss[149,150] 0.644496 
hydro loss[150,142] 0.351515 
hydro loss[150,151] 0.0329696 
hydro loss[152,154] 2.44409 
hydro loss[153,155] 0.0513735 
hydro loss[154,153] 0.185458 
hydro loss[154,156] 2.44255 
hydro loss[156,157] 0.0659392 
hydro loss[156,158] 1.34643 
hydro loss[158,159] 0.0659392 
hydro loss[158,161] 1.97383 
hydro loss[160,139] 0.892229 
hydro loss[160,164] 0.20582 
hydro loss[161,162] 0.0659392 
hydro loss[161,163] 0.906403 
hydro loss[163,165] 3.69025 
hydro loss[165,166] 6.37511 
hydro loss[166,167] 0.0531813 
PUMP[1,0] 0 
PUMP[1,2] 0 
PUMP[2,5] 0 
PUMP[3,1] -0 
PUMP[7,3] 0 
PUMP[7,4] 0 
PUMP[7,8] 0 
PUMP[9,7] 0 
PUMP[10,9] 0 
PUMP[11,10] 0 
PUMP[13,6] 0 
PUMP[14,12] 0 
PUMP[14,13] 0 
PUMP[16,11] 0 
PUMP[18,14] -0 
PUMP[19,16] 0 
PUMP[19,20] 0 
PUMP[20,15] 0 
PUMP[21,18] 0 
PUMP[22,17] 0 
PUMP[23,25] 0 
PUMP[24,22] 0 
PUMP[25,19] 0 
PUMP[25,28] 0 
PUMP[26,29] 0 
PUMP[27,21] 0 
PUMP[27,31] 0 
PUMP[28,26] 0 
PUMP[29,27] 0 
PUMP[30,24] 0 
PUMP[31,35] 0 
PUMP[32,36] 0 
PUMP[32,33] 0 
PUMP[33,23] 0 
PUMP[34,30] 0 
PUMP[34,32] 0 
PUMP[36,40] 0 
PUMP[38,37] 0 
PUMP[39,34] 0 
PUMP[42,39] 0 
PUMP[43,41] 0 
PUMP[44,48] 0 
PUMP[45,43] 0 
PUMP[46,38] 0 
PUMP[47,42] 0 
PUMP[47,53] 0 
PUMP[48,49] 0 
PUMP[50,47] 0 
PUMP[51,44] 0 
PUMP[51,50] 0 
PUMP[52,46] 0 
PUMP[53,52] 0 
PUMP[53,59] 0 
PUMP[54,45] 0 
PUMP[55,54] 0 
PUMP[56,51] 0 
PUMP[56,60] 0 
PUMP[58,55] 0 
PUMP[59,63] 0 
PUMP[60,57] 0 
PUMP[61,56] 0 
PUMP[63,66] 0 
PUMP[65,58] 0 
PUMP[65,70] 0 
PUMP[66,69] -0 
PUMP[67,61] 0 
PUMP[68,64] 0 
PUMP[68,71] 0 
PUMP[69,62] 0 
PUMP[69,76] 0 
PUMP[70,68] 0 
PUMP[70,75] 0 
PUMP[71,74] 0 
PUMP[72,65] 0 
PUMP[73,67] 0 
PUMP[73,77] 0 
PUMP[74,73] 0 
PUMP[74,78] 0 
PUMP[78,79] 0 
PUMP[80,72] 0 
PUMP[81,80] 0 
PUMP[82,81] 0 
PUMP[83,82] 0 
PUMP[84,83] 0 
PUMP[86,84] 0 
PUMP[88,86] 0 
PUMP[88,92] 0 
PUMP[90,85] 0 
PUMP[90,89] 0 
PUMP[91,88] 0 
PUMP[93,90] -0 
PUMP[93,91] 0 
PUMP[94,96] 0 
PUMP[95,94] 0 
PUMP[95,97] 0 
PUMP[96,100] 0 
PUMP[98,93] 0 
PUMP[99,98] 0 
PUMP[100,87] 0 
PUMP[101,95] 0 
PUMP[102,101] 0 
PUMP[103,104] 0 
PUMP[104,99] 0 
PUMP[104,115] 0 
PUMP[105,111] 0 
PUMP[106,107] 0 
PUMP[107,103] 0 
PUMP[108,102] 0 
PUMP[108,105] 0 
PUMP[110,109] 0 
PUMP[111,110] 0 
PUMP[113,106] 0 
PUMP[115,114] 0 
PUMP[116,108] 0 
PUMP[116,119] 0 
PUMP[117,118] 0 
PUMP[118,116] 0 
PUMP[119,113] 0 
PUMP[119,125] 0 
PUMP[120,112] 0 
PUMP[120,138] 0 
PUMP[122,117] 0 
PUMP[123,127] 0 
PUMP[123,124] 0 
PUMP[124,122] 0 
PUMP[125,130] 0 
PUMP[126,121] 0 
PUMP[126,123] 0 
PUMP[127,132] 0 
PUMP[128,126] 0 
PUMP[132,133] 0 
PUMP[132,143] 0 
PUMP[133,134] 0 
PUMP[134,135] 0 
PUMP[134,140] 0 
PUMP[135,136] 0 
PUMP[136,129] 0 
PUMP[137,120] 0 
PUMP[138,128] 0 
PUMP[139,137] 0 
PUMP[140,144] 0 
PUMP[142,131] 0 
PUMP[143,145] 0 
PUMP[144,146] 0 
PUMP[146,141] 0 
PUMP[146,147] 0 
PUMP[147,148] 0 
PUMP[147,152] 0 
PUMP[148,149] 0 
PUMP[149,150] 0 
PUMP[150,142] 0 
PUMP[150,151] 0 
PUMP[152,154] 0 
PUMP[153,155] 0 
PUMP[154,153] 0 
PUMP[154,156] 0 
PUMP[156,157] 0 
PUMP[156,158] 0 
PUMP[158,159] 0 
PUMP[158,161] 0 
PUMP[160,139] 0 
PUMP[160,164] 0 
PUMP[161,162] 0 
PUMP[161,163] 0 
PUMP[163,165] 0 
PUMP[165,166] 0 
PUMP[166,167] 0 
PRESSURE BY PUMP[1,0] 0 
PRESSURE BY PUMP[1,2] 0 
PRESSURE BY PUMP[2,5] 0 
PRESSURE BY PUMP[3,1] 0 
PRESSURE BY PUMP[7,3] 0 
PRESSURE BY PUMP[7,4] 0 
PRESSURE BY PUMP[7,8] 0 
PRESSURE BY PUMP[9,7] 0 
PRESSURE BY PUMP[10,9] 0 
PRESSURE BY PUMP[11,10] 0 
PRESSURE BY PUMP[13,6] 0 
PRESSURE BY PUMP[14,12] 0 
PRESSURE BY PUMP[14,13] 0 
PRESSURE BY PUMP[16,11] 0 
PRESSURE BY PUMP[18,14] 0 
PRESSURE BY PUMP[19,16] 0 
PRESSURE BY PUMP[19,20] 0 
PRESSURE BY PUMP[20,15] 0 
PRESSURE BY PUMP[21,18] 0 
PRESSURE BY PUMP[22,17] 0 
PRESSURE BY PUMP[23,25] 0 
PRESSURE BY PUMP[24,22] 0 
PRESSURE BY PUMP[25,19] 0 
PRESSURE BY PUMP[25,28] 0 
PRESSURE BY PUMP[26,29] 0 
PRESSURE BY PUMP[27,21] 0 
PRESSURE BY PUMP[27,31] 0 
PRESSURE BY PUMP[28,26] 0 
PRESSURE BY PUMP[29,27] 0 
PRESSURE BY PUMP[30,24] 0 
PRESSURE BY PUMP[31,35] 0 
PRESSURE BY PUMP[32,36] 0 
PRESSURE BY PUMP[32,33] 0 
PRESSURE BY PUMP[33,23] 0 
PRESSURE BY PUMP[34,30] 0 
PRESSURE BY PUMP[34,32] 0 
PRESSURE BY PUMP[36,40] 0 
PRESSURE BY PUMP[38,37] 0 
PRESSURE BY PUMP[39,34] 0 
PRESSURE BY PUMP[42,39] 0 
PRESSURE BY PUMP[43,41] 0 
PRESSURE BY PUMP[44,48] 0 
PRESSURE BY PUMP[45,43] 0 
PRESSURE BY PUMP[46,38] 0 
PRESSURE BY PUMP[47,42] 0 
PRESSURE BY PUMP[47,53] 0 
PRESSURE BY PUMP[48,49] 0 
PRESSURE BY PUMP[50,47] 0 
PRESSURE BY PUMP[51,44] 0 
PRESSURE BY PUMP[51,50] 0 
PRESSURE BY PUMP[52,46] 0 
PRESSURE BY PUMP[53,52] 0 
PRESSURE BY PUMP[53,59] 0 
PRESSURE BY PUMP[54,45] 0 
PRESSURE BY PUMP[55,54] 0 
PRESSURE BY PUMP[56,51] 0 
PRESSURE BY PUMP[56,60] 0 
PRESSURE BY PUMP[58,55] 0 
PRESSURE BY PUMP[59,63] 0 
PRESSURE BY PUMP[60,57] 0 
PRESSURE BY PUMP[61,56] 0 
PRESSURE BY PUMP[63,66] 0 
PRESSURE BY PUMP[65,58] 0 
PRESSURE BY PUMP[65,70] 0 
PRESSURE BY PUMP[66,69] 0 
PRESSURE BY PUMP[67,61] 0 
PRESSURE BY PUMP[68,64] 0 
PRESSURE BY PUMP[68,71] 0 
PRESSURE BY PUMP[69,62] 0 
PRESSURE BY PUMP[69,76] 0 
PRESSURE BY PUMP[70,68] 0 
PRESSURE BY PUMP[70,75] 0 
PRESSURE BY PUMP[71,74] 0 
PRESSURE BY PUMP[72,65] 0 
PRESSURE BY PUMP[73,67] 0 
PRESSURE BY PUMP[73,77] 0 
PRESSURE BY PUMP[74,73] 0 
PRESSURE BY PUMP[74,78] 0 
PRESSURE BY PUMP[78,79] 0 
PRESSURE BY PUMP[80,72] 0 
PRESSURE BY PUMP[81,80] 0 
PRESSURE BY PUMP[82,81] 0 
PRESSURE BY PUMP[83,82] 0 
PRESSURE BY PUMP[84,83] 0 
PRESSURE BY PUMP[86,84] 0 
PRESSURE BY PUMP[88,86] 0 
PRESSURE BY PUMP[88,92] 0 
PRESSURE BY PUMP[90,85] 0 
PRESSURE BY PUMP[90,89] 0 
PRESSURE BY PUMP[91,88] 0 
PRESSURE BY PUMP[93,90] 0 
PRESSURE BY PUMP[93,91] 0 
PRESSURE BY PUMP[94,96] 0 
PRESSURE BY PUMP[95,94] 0 
PRESSURE BY PUMP[95,97] 0 
PRESSURE BY PUMP[96,100] 0 
PRESSURE BY PUMP[98,93] 0 
PRESSURE BY PUMP[99,98] 0 
PRESSURE BY PUMP[100,87] 0 
PRESSURE BY PUMP[101,95] 0 
PRESSURE BY PUMP[102,101] 0 
PRESSURE BY PUMP[103,104] 0 
PRESSURE BY PUMP[104,99] 0 
PRESSURE BY PUMP[104,115] 0 
PRESSURE BY PUMP[105,111] 0 
PRESSURE BY PUMP[106,107] 0 
PRESSURE BY PUMP[107,103] 0 
PRESSURE BY PUMP[108,102] 0 
PRESSURE BY PUMP[108,105] 0 
PRESSURE BY PUMP[110,109] 0 
PRESSURE BY PUMP[111,110] 0 
PRESSURE BY PUMP[113,106] 0 
PRESSURE BY PUMP[115,114] 0 
PRESSURE BY PUMP[116,108] 0 
PRESSURE BY PUMP[116,119] 0 
PRESSURE BY PUMP[117,118] 0 
PRESSURE BY PUMP[118,116] 0 
PRESSURE BY PUMP[119,113] 0 
PRESSURE BY PUMP[119,125] 0 
PRESSURE BY PUMP[120,112] 0 
PRESSURE BY PUMP[120,138] 0 
PRESSURE BY PUMP[122,117] 0 
PRESSURE BY PUMP[123,127] 0 
PRESSURE BY PUMP[123,124] 0 
PRESSURE BY PUMP[124,122] 0 
PRESSURE BY PUMP[125,130] 0 
PRESSURE BY PUMP[126,121] 0 
PRESSURE BY PUMP[126,123] 0 
PRESSURE BY PUMP[127,132] 0 
PRESSURE BY PUMP[128,126] 0 
PRESSURE BY PUMP[132,133] 0 
PRESSURE BY PUMP[132,143] 0 
PRESSURE BY PUMP[133,134] 0 
PRESSURE BY PUMP[134,135] 0 
PRESSURE BY PUMP[134,140] 0 
PRESSURE BY PUMP[135,136] 0 
PRESSURE BY PUMP[136,129] 0 
PRESSURE BY PUMP[137,120] 0 
PRESSURE BY PUMP[138,128] 0 
PRESSURE BY PUMP[139,137] 0 
PRESSURE BY PUMP[140,144] 0 
PRESSURE BY PUMP[142,131] 0 
PRESSURE BY PUMP[143,145] 0 
PRESSURE BY PUMP[144,146] 0 
PRESSURE BY PUMP[146,141] 0 
PRESSURE BY PUMP[146,147] 0 
PRESSURE BY PUMP[147,148] 0 
PRESSURE BY PUMP[147,152] 0 
PRESSURE BY PUMP[148,149] 0 
PRESSURE BY PUMP[149,150] 0 
PRESSURE BY PUMP[150,142] 0 
PRESSURE BY PUMP[150,151] 0 
PRESSURE BY PUMP[152,154] 0 
PRESSURE BY PUMP[153,155] 0 
PRESSURE BY PUMP[154,153] 0 
PRESSURE BY PUMP[154,156] 0 
PRESSURE BY PUMP[156,157] 0 
PRESSURE BY PUMP[156,158] 0 
PRESSURE BY PUMP[158,159] 0 
PRESSURE BY PUMP[158,161] 0 
PRESSURE BY PUMP[160,139] 0 
PRESSURE BY PUMP[160,164] 0 
PRESSURE BY PUMP[161,162] 0 
PRESSURE BY PUMP[161,163] 0 
PRESSURE BY PUMP[163,165] 0 
PRESSURE BY PUMP[165,166] 0 
PRESSURE BY PUMP[166,167] 0 
In Node Elevation[0] 45.0832 
In Node Elevation[1] 48.7072 
In Node Elevation[2] 46.4224 
In Node Elevation[3] 49.8767 
In Node Elevation[4] 49.705 
In Node Elevation[5] 46.8219 
In Node Elevation[6] 46.5649 
In Node Elevation[7] 50.0466 
In Node Elevation[8] 50.0199 
In Node Elevation[9] 49.9015 
In Node Elevation[10] 50.6535 
In Node Elevation[11] 48.5409 
In Node Elevation[12] 46.8534 
In Node Elevation[13] 46.7457 
In Node Elevation[14] 46.8749 
In Node Elevation[15] 51.539 
In Node Elevation[16] 51.6995 
In Node Elevation[17] 55.201 
In Node Elevation[18] 47.3882 
In Node Elevation[19] 51.8417 
In Node Elevation[20] 51.6036 
In Node Elevation[21] 48.4811 
In Node Elevation[22] 55.2861 
In Node Elevation[23] 53.3747 
In Node Elevation[24] 55.5444 
In Node Elevation[25] 52.2717 
In Node Elevation[26] 49.265 
In Node Elevation[27] 50.8304 
In Node Elevation[28] 51.9107 
In Node Elevation[29] 48.645 
In Node Elevation[30] 56.1138 
In Node Elevation[31] 50.5969 
In Node Elevation[32] 55.2032 
In Node Elevation[33] 55.0755 
In Node Elevation[34] 56.6986 
In Node Elevation[35] 50.5552 
In Node Elevation[36] 53.1304 
In Node Elevation[37] 51.3829 
In Node Elevation[38] 51.613 
In Node Elevation[39] 56.9844 
In Node Elevation[40] 53.3666 
In Node Elevation[41] 52.2699 
In Node Elevation[42] 53.0721 
In Node Elevation[43] 60.3834 
In Node Elevation[44] 54.3481 
In Node Elevation[45] 60.5883 
In Node Elevation[46] 54.3689 
In Node Elevation[47] 57.5813 
In Node Elevation[48] 55.044 
In Node Elevation[49] 57.697 
In Node Elevation[50] 58.0439 
In Node Elevation[51] 55.9547 
In Node Elevation[52] 56.1837 
In Node Elevation[53] 56.941 
In Node Elevation[54] 55.6225 
In Node Elevation[55] 62.0133 
In Node Elevation[56] 58.8608 
In Node Elevation[57] 57.8999 
In Node Elevation[58] 56.0799 
In Node Elevation[59] 55.9821 
In Node Elevation[60] 58.8538 
In Node Elevation[61] 58.3964 
In Node Elevation[62] 52.7321 
In Node Elevation[63] 56.672 
In Node Elevation[64] 57.2467 
In Node Elevation[65] 56.0429 
In Node Elevation[66] 55.7531 
In Node Elevation[67] 57.6584 
In Node Elevation[68] 62.9533 
In Node Elevation[69] 55.3132 
In Node Elevation[70] 57.2768 
In Node Elevation[71] 62.1929 
In Node Elevation[72] 54.8306 
In Node Elevation[73] 60.7455 
In Node Elevation[74] 61.4532 
In Node Elevation[75] 56.7817 
In Node Elevation[76] 49.2393 
In Node Elevation[77] 60.674 
In Node Elevation[78] 61.2437 
In Node Elevation[79] 61.1942 
In Node Elevation[80] 67.8078 
In Node Elevation[81] 55.6919 
In Node Elevation[82] 70.1058 
In Node Elevation[83] 70.8151 
In Node Elevation[84] 57.8981 
In Node Elevation[85] 75.6942 
In Node Elevation[86] 72.2815 
In Node Elevation[87] 56.0797 
In Node Elevation[88] 59.0043 
In Node Elevation[89] 58.7603 
In Node Elevation[90] 75.7929 
In Node Elevation[91] 58.8641 
In Node Elevation[92] 59.3417 
In Node Elevation[93] 76.0667 
In Node Elevation[94] 59.2882 
In Node Elevation[95] 73.6376 
In Node Elevation[96] 59.1672 
In Node Elevation[97] 59.5253 
In Node Elevation[98] 59.7556 
In Node Elevation[99] 79.7694 
In Node Elevation[100] 58.4741 
In Node Elevation[101] 59.4584 
In Node Elevation[102] 76.8341 
In Node Elevation[103] 83.0683 
In Node Elevation[104] 81.9249 
In Node Elevation[105] 77.708 
In Node Elevation[106] 86.6525 
In Node Elevation[107] 84.2786 
In Node Elevation[108] 59.8113 
In Node Elevation[109] 59.9268 
In Node Elevation[110] 59.9567 
In Node Elevation[111] 77.1606 
In Node Elevation[112] 89.4175 
In Node Elevation[113] 88.3999 
In Node Elevation[114] 60.1194 
In Node Elevation[115] 60.0569 
In Node Elevation[116] 88.6333 
In Node Elevation[117] 88.9129 
In Node Elevation[118] 88.7747 
In Node Elevation[119] 88.4862 
In Node Elevation[120] 65.8242 
In Node Elevation[121] 89.4856 
In Node Elevation[122] 89.0587 
In Node Elevation[123] 89.3515 
In Node Elevation[124] 89.2068 
In Node Elevation[125] 88.3695 
In Node Elevation[126] 89.518 
In Node Elevation[127] 88.3729 
In Node Elevation[128] 89.7712 
In Node Elevation[129] 59.4112 
In Node Elevation[130] 88.298 
In Node Elevation[131] 59.4428 
In Node Elevation[132] 86.937 
In Node Elevation[133] 85.119 
In Node Elevation[134] 59.7604 
In Node Elevation[135] 82.3058 
In Node Elevation[136] 59.0048 
In Node Elevation[137] 90.8361 
In Node Elevation[138] 89.9961 
In Node Elevation[139] 91.0536 
In Node Elevation[140] 79.2112 
In Node Elevation[141] 73.7424 
In Node Elevation[142] 59.132 
In Node Elevation[143] 86.5805 
In Node Elevation[144] 58.5514 
In Node Elevation[145] 86.4935 
In Node Elevation[146] 58.577 
In Node Elevation[147] 71.7 
In Node Elevation[148] 58.5714 
In Node Elevation[149] 58.6295 
In Node Elevation[150] 58.612 
In Node Elevation[151] 68.6826 
In Node Elevation[152] 68.533 
In Node Elevation[153] 58.4992 
In Node Elevation[154] 66.0889 
In Node Elevation[155] 57.7906 
In Node Elevation[156] 57.0061 
In Node Elevation[157] 63.5804 
In Node Elevation[158] 62.2999 
In Node Elevation[159] 62.234 
In Node Elevation[160] 91.9458 
In Node Elevation[161] 56.3396 
In Node Elevation[162] 56.1733 
In Node Elevation[163] 55.9748 
In Node Elevation[164] 67.1262 
In Node Elevation[165] 55.7294 
In Node Elevation[166] 49.3543 
In Node Elevation[167] 39.3732 
HEAD PRESSURE[0] 35.1988 
HEAD PRESSURE[1] 31.6462 
HEAD PRESSURE[2] 33.4447 
HEAD PRESSURE[3] 31.6462 
HEAD PRESSURE[4] 31.9015 
HEAD PRESSURE[5] 32.9737 
HEAD PRESSURE[6] 31.6462 
HEAD PRESSURE[7] 31.6462 
HEAD PRESSURE[8] 31.6462 
HEAD PRESSURE[9] 32.1322 
HEAD PRESSURE[10] 31.6462 
HEAD PRESSURE[11] 34.6434 
HEAD PRESSURE[12] 31.6462 
HEAD PRESSURE[13] 31.6462 
HEAD PRESSURE[14] 31.6462 
HEAD PRESSURE[15] 31.6462 
HEAD PRESSURE[16] 31.6462 
HEAD PRESSURE[17] 31.6462 
HEAD PRESSURE[18] 31.8892 
HEAD PRESSURE[19] 31.6462 
HEAD PRESSURE[20] 31.6462 
HEAD PRESSURE[21] 31.6462 
HEAD PRESSURE[22] 31.6462 
HEAD PRESSURE[23] 31.6462 
HEAD PRESSURE[24] 31.6462 
HEAD PRESSURE[25] 31.6462 
HEAD PRESSURE[26] 34.064 
HEAD PRESSURE[27] 31.6462 
HEAD PRESSURE[28] 31.8602 
HEAD PRESSURE[29] 34.1682 
HEAD PRESSURE[30] 31.6462 
HEAD PRESSURE[31] 31.6462 
HEAD PRESSURE[32] 31.6462 
HEAD PRESSURE[33] 31.6462 
HEAD PRESSURE[34] 31.6462 
HEAD PRESSURE[35] 31.6462 
HEAD PRESSURE[36] 33.557 
HEAD PRESSURE[37] 35.4312 
HEAD PRESSURE[38] 35.2341 
HEAD PRESSURE[39] 31.6462 
HEAD PRESSURE[40] 33.2428 
HEAD PRESSURE[41] 39.7149 
HEAD PRESSURE[42] 35.871 
HEAD PRESSURE[43] 31.6462 
HEAD PRESSURE[44] 35.2136 
HEAD PRESSURE[45] 31.6462 
HEAD PRESSURE[46] 32.9781 
HEAD PRESSURE[47] 31.6462 
HEAD PRESSURE[48] 34.3322 
HEAD PRESSURE[49] 31.6462 
HEAD PRESSURE[50] 31.6462 
HEAD PRESSURE[51] 34.1016 
HEAD PRESSURE[52] 31.6462 
HEAD PRESSURE[53] 31.6462 
HEAD PRESSURE[54] 37.1588 
HEAD PRESSURE[55] 31.6462 
HEAD PRESSURE[56] 31.6462 
HEAD PRESSURE[57] 32.5327 
HEAD PRESSURE[58] 38.1277 
HEAD PRESSURE[59] 32.4495 
HEAD PRESSURE[60] 31.6462 
HEAD PRESSURE[61] 32.5288 
HEAD PRESSURE[62] 34.1717 
HEAD PRESSURE[63] 31.6462 
HEAD PRESSURE[64] 37.2996 
HEAD PRESSURE[65] 40.1386 
HEAD PRESSURE[66] 31.7218 
HEAD PRESSURE[67] 33.8882 
HEAD PRESSURE[68] 31.6462 
HEAD PRESSURE[69] 31.6462 
HEAD PRESSURE[70] 38.21 
HEAD PRESSURE[71] 31.6462 
HEAD PRESSURE[72] 42.8374 
HEAD PRESSURE[73] 31.6462 
HEAD PRESSURE[74] 31.6462 
HEAD PRESSURE[75] 38.6404 
HEAD PRESSURE[76] 37.611 
HEAD PRESSURE[77] 31.6462 
HEAD PRESSURE[78] 31.6462 
HEAD PRESSURE[79] 31.6462 
HEAD PRESSURE[80] 31.6462 
HEAD PRESSURE[81] 45.3666 
HEAD PRESSURE[82] 31.6462 
HEAD PRESSURE[83] 31.6462 
HEAD PRESSURE[84] 45.2884 
HEAD PRESSURE[85] 31.6462 
HEAD PRESSURE[86] 31.6462 
HEAD PRESSURE[87] 47.198 
HEAD PRESSURE[88] 46.4384 
HEAD PRESSURE[89] 48.6294 
HEAD PRESSURE[90] 31.6462 
HEAD PRESSURE[91] 47.8551 
HEAD PRESSURE[92] 46.0337 
HEAD PRESSURE[93] 31.6462 
HEAD PRESSURE[94] 44.9215 
HEAD PRESSURE[95] 31.6462 
HEAD PRESSURE[96] 44.6495 
HEAD PRESSURE[97] 45.675 
HEAD PRESSURE[98] 50.2488 
HEAD PRESSURE[99] 31.6462 
HEAD PRESSURE[100] 45.0409 
HEAD PRESSURE[101] 46.9778 
HEAD PRESSURE[102] 31.6462 
HEAD PRESSURE[103] 31.6462 
HEAD PRESSURE[104] 31.6462 
HEAD PRESSURE[105] 31.6462 
HEAD PRESSURE[106] 31.6462 
HEAD PRESSURE[107] 31.6462 
HEAD PRESSURE[108] 50.6324 
HEAD PRESSURE[109] 48.5925 
HEAD PRESSURE[110] 48.6121 
HEAD PRESSURE[111] 31.6462 
HEAD PRESSURE[112] 32.5708 
HEAD PRESSURE[113] 31.6462 
HEAD PRESSURE[114] 53.0923 
HEAD PRESSURE[115] 53.213 
HEAD PRESSURE[116] 31.6462 
HEAD PRESSURE[117] 31.6462 
HEAD PRESSURE[118] 31.6462 
HEAD PRESSURE[119] 31.6462 
HEAD PRESSURE[120] 56.26 
HEAD PRESSURE[121] 31.6462 
HEAD PRESSURE[122] 31.6462 
HEAD PRESSURE[123] 31.6462 
HEAD PRESSURE[124] 31.6462 
HEAD PRESSURE[125] 31.6462 
HEAD PRESSURE[126] 31.6462 
HEAD PRESSURE[127] 31.6462 
HEAD PRESSURE[128] 31.6462 
HEAD PRESSURE[129] 54.1973 
HEAD PRESSURE[130] 31.6462 
HEAD PRESSURE[131] 40.47 
HEAD PRESSURE[132] 31.6462 
HEAD PRESSURE[133] 31.6462 
HEAD PRESSURE[134] 54.4438 
HEAD PRESSURE[135] 31.6462 
HEAD PRESSURE[136] 54.6455 
HEAD PRESSURE[137] 31.6462 
HEAD PRESSURE[138] 31.6462 
HEAD PRESSURE[139] 31.6462 
HEAD PRESSURE[140] 31.6462 
HEAD PRESSURE[141] 31.6462 
HEAD PRESSURE[142] 40.8782 
HEAD PRESSURE[143] 31.6462 
HEAD PRESSURE[144] 49.8478 
HEAD PRESSURE[145] 31.6462 
HEAD PRESSURE[146] 46.8897 
HEAD PRESSURE[147] 31.6462 
HEAD PRESSURE[148] 43.4092 
HEAD PRESSURE[149] 42.3767 
HEAD PRESSURE[150] 41.7497 
HEAD PRESSURE[151] 31.6462 
HEAD PRESSURE[152] 31.6462 
HEAD PRESSURE[153] 39.0505 
HEAD PRESSURE[154] 31.6462 
HEAD PRESSURE[155] 39.7077 
HEAD PRESSURE[156] 38.2865 
HEAD PRESSURE[157] 31.6462 
HEAD PRESSURE[158] 31.6462 
HEAD PRESSURE[159] 31.6462 
HEAD PRESSURE[160] 31.6462 
HEAD PRESSURE[161] 35.6327 
HEAD PRESSURE[162] 35.7331 
HEAD PRESSURE[163] 35.0911 
HEAD PRESSURE[164] 56.26 
HEAD PRESSURE[165] 31.6462 
HEAD PRESSURE[166] 31.6462 
HEAD PRESSURE[167] 41.5741 
