number of nodes: 93 
number of edges: 92 
capital_cost_pump_station: 166000 
ps_OM_cost: 175950 
water_demand: 1.095e-05 
Solution Value: 60545.9 
Solution Value 1: 60545.9 
Solution Value 2: 0 
Solution Value 3: 0 
diameter[2,0,0.05] 1 
diameter[2,0,0.06] 0 
diameter[2,0,0.08] 0 
diameter[2,0,0.1] 0 
diameter[2,0,0.15] 0 
diameter[2,0,0.2] 0 
diameter[2,0,0.25] 0 
diameter[2,0,0.3] 0 
diameter[2,0,0.35] 0 
diameter[2,0,0.4] 0 
diameter[2,0,0.45] 0 
diameter[2,0,0.5] 0 
diameter[2,0,0.6] 0 
diameter[3,2,0.05] 1 
diameter[3,2,0.06] 0 
diameter[3,2,0.08] 0 
diameter[3,2,0.1] 0 
diameter[3,2,0.15] 0 
diameter[3,2,0.2] 0 
diameter[3,2,0.25] 0 
diameter[3,2,0.3] 0 
diameter[3,2,0.35] 0 
diameter[3,2,0.4] 0 
diameter[3,2,0.45] 0 
diameter[3,2,0.5] 0 
diameter[3,2,0.6] 0 
diameter[4,3,0.05] 1 
diameter[4,3,0.06] -0 
diameter[4,3,0.08] 0 
diameter[4,3,0.1] 0 
diameter[4,3,0.15] 0 
diameter[4,3,0.2] 0 
diameter[4,3,0.25] 0 
diameter[4,3,0.3] 0 
diameter[4,3,0.35] 0 
diameter[4,3,0.4] 0 
diameter[4,3,0.45] 0 
diameter[4,3,0.5] 0 
diameter[4,3,0.6] 0 
diameter[5,4,0.05] 1 
diameter[5,4,0.06] -0 
diameter[5,4,0.08] 0 
diameter[5,4,0.1] 0 
diameter[5,4,0.15] 0 
diameter[5,4,0.2] 0 
diameter[5,4,0.25] 0 
diameter[5,4,0.3] 0 
diameter[5,4,0.35] 0 
diameter[5,4,0.4] 0 
diameter[5,4,0.45] 0 
diameter[5,4,0.5] 0 
diameter[5,4,0.6] 0 
diameter[6,1,0.05] 1 
diameter[6,1,0.06] 0 
diameter[6,1,0.08] 0 
diameter[6,1,0.1] 0 
diameter[6,1,0.15] 0 
diameter[6,1,0.2] 0 
diameter[6,1,0.25] 0 
diameter[6,1,0.3] 0 
diameter[6,1,0.35] 0 
diameter[6,1,0.4] 0 
diameter[6,1,0.45] 0 
diameter[6,1,0.5] 0 
diameter[6,1,0.6] 0 
diameter[7,5,0.05] 0 
diameter[7,5,0.06] -0 
diameter[7,5,0.08] 1 
diameter[7,5,0.1] 0 
diameter[7,5,0.15] 0 
diameter[7,5,0.2] 0 
diameter[7,5,0.25] 0 
diameter[7,5,0.3] 0 
diameter[7,5,0.35] 0 
diameter[7,5,0.4] 0 
diameter[7,5,0.45] 0 
diameter[7,5,0.5] 0 
diameter[7,5,0.6] 0 
diameter[8,7,0.05] 0 
diameter[8,7,0.06] 0 
diameter[8,7,0.08] 1 
diameter[8,7,0.1] 0 
diameter[8,7,0.15] 0 
diameter[8,7,0.2] 0 
diameter[8,7,0.25] 0 
diameter[8,7,0.3] 0 
diameter[8,7,0.35] 0 
diameter[8,7,0.4] 0 
diameter[8,7,0.45] 0 
diameter[8,7,0.5] 0 
diameter[8,7,0.6] 0 
diameter[9,8,0.05] 0 
diameter[9,8,0.06] 0 
diameter[9,8,0.08] 1 
diameter[9,8,0.1] 0 
diameter[9,8,0.15] 0 
diameter[9,8,0.2] 0 
diameter[9,8,0.25] 0 
diameter[9,8,0.3] 0 
diameter[9,8,0.35] 0 
diameter[9,8,0.4] 0 
diameter[9,8,0.45] 0 
diameter[9,8,0.5] 0 
diameter[9,8,0.6] 0 
diameter[10,13,0.05] 0 
diameter[10,13,0.06] 0 
diameter[10,13,0.08] -0 
diameter[10,13,0.1] 1 
diameter[10,13,0.15] 0 
diameter[10,13,0.2] 0 
diameter[10,13,0.25] 0 
diameter[10,13,0.3] 0 
diameter[10,13,0.35] 0 
diameter[10,13,0.4] 0 
diameter[10,13,0.45] 0 
diameter[10,13,0.5] 0 
diameter[10,13,0.6] 0 
diameter[11,10,0.05] 0 
diameter[11,10,0.06] 0 
diameter[11,10,0.08] -0 
diameter[11,10,0.1] 1 
diameter[11,10,0.15] 0 
diameter[11,10,0.2] 0 
diameter[11,10,0.25] 0 
diameter[11,10,0.3] 0 
diameter[11,10,0.35] 0 
diameter[11,10,0.4] 0 
diameter[11,10,0.45] 0 
diameter[11,10,0.5] 0 
diameter[11,10,0.6] 0 
diameter[12,6,0.05] 1 
diameter[12,6,0.06] 0 
diameter[12,6,0.08] 0 
diameter[12,6,0.1] 0 
diameter[12,6,0.15] 0 
diameter[12,6,0.2] 0 
diameter[12,6,0.25] 0 
diameter[12,6,0.3] 0 
diameter[12,6,0.35] 0 
diameter[12,6,0.4] 0 
diameter[12,6,0.45] 0 
diameter[12,6,0.5] 0 
diameter[12,6,0.6] 0 
diameter[13,17,0.05] 0 
diameter[13,17,0.06] 0 
diameter[13,17,0.08] -0 
diameter[13,17,0.1] 1 
diameter[13,17,0.15] 0 
diameter[13,17,0.2] 0 
diameter[13,17,0.25] 0 
diameter[13,17,0.3] 0 
diameter[13,17,0.35] 0 
diameter[13,17,0.4] 0 
diameter[13,17,0.45] 0 
diameter[13,17,0.5] 0 
diameter[13,17,0.6] 0 
diameter[14,11,0.05] 0 
diameter[14,11,0.06] 0 
diameter[14,11,0.08] -0 
diameter[14,11,0.1] 1 
diameter[14,11,0.15] 0 
diameter[14,11,0.2] 0 
diameter[14,11,0.25] 0 
diameter[14,11,0.3] 0 
diameter[14,11,0.35] 0 
diameter[14,11,0.4] 0 
diameter[14,11,0.45] 0 
diameter[14,11,0.5] 0 
diameter[14,11,0.6] 0 
diameter[15,12,0.05] 1 
diameter[15,12,0.06] 0 
diameter[15,12,0.08] 0 
diameter[15,12,0.1] 0 
diameter[15,12,0.15] 0 
diameter[15,12,0.2] 0 
diameter[15,12,0.25] 0 
diameter[15,12,0.3] 0 
diameter[15,12,0.35] 0 
diameter[15,12,0.4] 0 
diameter[15,12,0.45] 0 
diameter[15,12,0.5] 0 
diameter[15,12,0.6] 0 
diameter[15,14,0.05] 0 
diameter[15,14,0.06] 0 
diameter[15,14,0.08] 0 
diameter[15,14,0.1] 1 
diameter[15,14,0.15] 0 
diameter[15,14,0.2] 0 
diameter[15,14,0.25] 0 
diameter[15,14,0.3] 0 
diameter[15,14,0.35] 0 
diameter[15,14,0.4] 0 
diameter[15,14,0.45] 0 
diameter[15,14,0.5] 0 
diameter[15,14,0.6] 0 
diameter[16,9,0.05] 0 
diameter[16,9,0.06] 0 
diameter[16,9,0.08] 1 
diameter[16,9,0.1] 0 
diameter[16,9,0.15] 0 
diameter[16,9,0.2] 0 
diameter[16,9,0.25] 0 
diameter[16,9,0.3] 0 
diameter[16,9,0.35] 0 
diameter[16,9,0.4] 0 
diameter[16,9,0.45] 0 
diameter[16,9,0.5] 0 
diameter[16,9,0.6] 0 
diameter[17,16,0.05] 0 
diameter[17,16,0.06] 0 
diameter[17,16,0.08] 1 
diameter[17,16,0.1] 0 
diameter[17,16,0.15] 0 
diameter[17,16,0.2] 0 
diameter[17,16,0.25] 0 
diameter[17,16,0.3] 0 
diameter[17,16,0.35] 0 
diameter[17,16,0.4] 0 
diameter[17,16,0.45] 0 
diameter[17,16,0.5] 0 
diameter[17,16,0.6] 0 
diameter[18,15,0.05] 0 
diameter[18,15,0.06] 0 
diameter[18,15,0.08] 0 
diameter[18,15,0.1] 1 
diameter[18,15,0.15] 0 
diameter[18,15,0.2] 0 
diameter[18,15,0.25] 0 
diameter[18,15,0.3] 0 
diameter[18,15,0.35] 0 
diameter[18,15,0.4] 0 
diameter[18,15,0.45] 0 
diameter[18,15,0.5] 0 
diameter[18,15,0.6] 0 
diameter[19,20,0.05] 0 
diameter[19,20,0.06] 0 
diameter[19,20,0.08] 0 
diameter[19,20,0.1] 1 
diameter[19,20,0.15] 0 
diameter[19,20,0.2] 0 
diameter[19,20,0.25] 0 
diameter[19,20,0.3] 0 
diameter[19,20,0.35] 0 
diameter[19,20,0.4] 0 
diameter[19,20,0.45] 0 
diameter[19,20,0.5] 0 
diameter[19,20,0.6] 0 
diameter[20,18,0.05] 0 
diameter[20,18,0.06] 0 
diameter[20,18,0.08] 0 
diameter[20,18,0.1] 1 
diameter[20,18,0.15] 0 
diameter[20,18,0.2] 0 
diameter[20,18,0.25] 0 
diameter[20,18,0.3] 0 
diameter[20,18,0.35] 0 
diameter[20,18,0.4] 0 
diameter[20,18,0.45] 0 
diameter[20,18,0.5] 0 
diameter[20,18,0.6] 0 
diameter[23,21,0.05] 1 
diameter[23,21,0.06] 0 
diameter[23,21,0.08] 0 
diameter[23,21,0.1] 0 
diameter[23,21,0.15] 0 
diameter[23,21,0.2] 0 
diameter[23,21,0.25] 0 
diameter[23,21,0.3] 0 
diameter[23,21,0.35] 0 
diameter[23,21,0.4] 0 
diameter[23,21,0.45] 0 
diameter[23,21,0.5] 0 
diameter[23,21,0.6] 0 
diameter[23,25,0.05] 1 
diameter[23,25,0.06] 0 
diameter[23,25,0.08] 0 
diameter[23,25,0.1] 0 
diameter[23,25,0.15] 0 
diameter[23,25,0.2] 0 
diameter[23,25,0.25] 0 
diameter[23,25,0.3] 0 
diameter[23,25,0.35] 0 
diameter[23,25,0.4] 0 
diameter[23,25,0.45] 0 
diameter[23,25,0.5] 0 
diameter[23,25,0.6] 0 
diameter[24,19,0.05] 0 
diameter[24,19,0.06] 0 
diameter[24,19,0.08] 0 
diameter[24,19,0.1] 1 
diameter[24,19,0.15] 0 
diameter[24,19,0.2] 0 
diameter[24,19,0.25] 0 
diameter[24,19,0.3] 0 
diameter[24,19,0.35] 0 
diameter[24,19,0.4] 0 
diameter[24,19,0.45] 0 
diameter[24,19,0.5] 0 
diameter[24,19,0.6] 0 
diameter[24,23,0.05] 1 
diameter[24,23,0.06] 0 
diameter[24,23,0.08] 0 
diameter[24,23,0.1] 0 
diameter[24,23,0.15] 0 
diameter[24,23,0.2] 0 
diameter[24,23,0.25] 0 
diameter[24,23,0.3] 0 
diameter[24,23,0.35] 0 
diameter[24,23,0.4] 0 
diameter[24,23,0.45] 0 
diameter[24,23,0.5] 0 
diameter[24,23,0.6] 0 
diameter[26,22,0.05] 1 
diameter[26,22,0.06] 0 
diameter[26,22,0.08] 0 
diameter[26,22,0.1] 0 
diameter[26,22,0.15] 0 
diameter[26,22,0.2] 0 
diameter[26,22,0.25] 0 
diameter[26,22,0.3] 0 
diameter[26,22,0.35] 0 
diameter[26,22,0.4] 0 
diameter[26,22,0.45] 0 
diameter[26,22,0.5] 0 
diameter[26,22,0.6] 0 
diameter[27,24,0.05] 0 
diameter[27,24,0.06] 0 
diameter[27,24,0.08] 0 
diameter[27,24,0.1] 1 
diameter[27,24,0.15] 0 
diameter[27,24,0.2] 0 
diameter[27,24,0.25] 0 
diameter[27,24,0.3] 0 
diameter[27,24,0.35] 0 
diameter[27,24,0.4] 0 
diameter[27,24,0.45] 0 
diameter[27,24,0.5] 0 
diameter[27,24,0.6] 0 
diameter[27,31,0.05] 1 
diameter[27,31,0.06] 0 
diameter[27,31,0.08] 0 
diameter[27,31,0.1] 0 
diameter[27,31,0.15] 0 
diameter[27,31,0.2] 0 
diameter[27,31,0.25] 0 
diameter[27,31,0.3] 0 
diameter[27,31,0.35] 0 
diameter[27,31,0.4] 0 
diameter[27,31,0.45] 0 
diameter[27,31,0.5] 0 
diameter[27,31,0.6] 0 
diameter[28,26,0.05] 1 
diameter[28,26,0.06] 0 
diameter[28,26,0.08] 0 
diameter[28,26,0.1] 0 
diameter[28,26,0.15] 0 
diameter[28,26,0.2] 0 
diameter[28,26,0.25] 0 
diameter[28,26,0.3] 0 
diameter[28,26,0.35] 0 
diameter[28,26,0.4] 0 
diameter[28,26,0.45] 0 
diameter[28,26,0.5] 0 
diameter[28,26,0.6] 0 
diameter[28,33,0.05] 1 
diameter[28,33,0.06] 0 
diameter[28,33,0.08] 0 
diameter[28,33,0.1] 0 
diameter[28,33,0.15] 0 
diameter[28,33,0.2] 0 
diameter[28,33,0.25] 0 
diameter[28,33,0.3] 0 
diameter[28,33,0.35] 0 
diameter[28,33,0.4] 0 
diameter[28,33,0.45] 0 
diameter[28,33,0.5] 0 
diameter[28,33,0.6] 0 
diameter[29,28,0.05] 1 
diameter[29,28,0.06] 0 
diameter[29,28,0.08] 0 
diameter[29,28,0.1] 0 
diameter[29,28,0.15] 0 
diameter[29,28,0.2] 0 
diameter[29,28,0.25] 0 
diameter[29,28,0.3] 0 
diameter[29,28,0.35] 0 
diameter[29,28,0.4] 0 
diameter[29,28,0.45] 0 
diameter[29,28,0.5] 0 
diameter[29,28,0.6] 0 
diameter[30,27,0.05] 0 
diameter[30,27,0.06] 0 
diameter[30,27,0.08] 0 
diameter[30,27,0.1] 1 
diameter[30,27,0.15] 0 
diameter[30,27,0.2] 0 
diameter[30,27,0.25] 0 
diameter[30,27,0.3] 0 
diameter[30,27,0.35] 0 
diameter[30,27,0.4] 0 
diameter[30,27,0.45] 0 
diameter[30,27,0.5] 0 
diameter[30,27,0.6] 0 
diameter[32,29,0.05] 1 
diameter[32,29,0.06] 0 
diameter[32,29,0.08] 0 
diameter[32,29,0.1] 0 
diameter[32,29,0.15] 0 
diameter[32,29,0.2] 0 
diameter[32,29,0.25] 0 
diameter[32,29,0.3] 0 
diameter[32,29,0.35] 0 
diameter[32,29,0.4] 0 
diameter[32,29,0.45] 0 
diameter[32,29,0.5] 0 
diameter[32,29,0.6] 0 
diameter[32,35,0.05] 1 
diameter[32,35,0.06] 0 
diameter[32,35,0.08] 0 
diameter[32,35,0.1] 0 
diameter[32,35,0.15] 0 
diameter[32,35,0.2] 0 
diameter[32,35,0.25] 0 
diameter[32,35,0.3] 0 
diameter[32,35,0.35] 0 
diameter[32,35,0.4] 0 
diameter[32,35,0.45] 0 
diameter[32,35,0.5] 0 
diameter[32,35,0.6] 0 
diameter[34,30,0.05] 0 
diameter[34,30,0.06] 0 
diameter[34,30,0.08] 0 
diameter[34,30,0.1] 1 
diameter[34,30,0.15] 0 
diameter[34,30,0.2] 0 
diameter[34,30,0.25] 0 
diameter[34,30,0.3] 0 
diameter[34,30,0.35] 0 
diameter[34,30,0.4] 0 
diameter[34,30,0.45] 0 
diameter[34,30,0.5] 0 
diameter[34,30,0.6] 0 
diameter[34,32,0.05] 1 
diameter[34,32,0.06] 0 
diameter[34,32,0.08] 0 
diameter[34,32,0.1] 0 
diameter[34,32,0.15] 0 
diameter[34,32,0.2] 0 
diameter[34,32,0.25] 0 
diameter[34,32,0.3] 0 
diameter[34,32,0.35] 0 
diameter[34,32,0.4] 0 
diameter[34,32,0.45] 0 
diameter[34,32,0.5] 0 
diameter[34,32,0.6] 0 
diameter[35,37,0.05] 1 
diameter[35,37,0.06] 0 
diameter[35,37,0.08] 0 
diameter[35,37,0.1] 0 
diameter[35,37,0.15] 0 
diameter[35,37,0.2] 0 
diameter[35,37,0.25] 0 
diameter[35,37,0.3] 0 
diameter[35,37,0.35] 0 
diameter[35,37,0.4] 0 
diameter[35,37,0.45] 0 
diameter[35,37,0.5] 0 
diameter[35,37,0.6] 0 
diameter[36,34,0.05] 0 
diameter[36,34,0.06] 0 
diameter[36,34,0.08] 0 
diameter[36,34,0.1] 1 
diameter[36,34,0.15] 0 
diameter[36,34,0.2] 0 
diameter[36,34,0.25] 0 
diameter[36,34,0.3] 0 
diameter[36,34,0.35] 0 
diameter[36,34,0.4] 0 
diameter[36,34,0.45] 0 
diameter[36,34,0.5] 0 
diameter[36,34,0.6] 0 
diameter[38,36,0.05] 0 
diameter[38,36,0.06] 0 
diameter[38,36,0.08] 0 
diameter[38,36,0.1] 1 
diameter[38,36,0.15] 0 
diameter[38,36,0.2] 0 
diameter[38,36,0.25] 0 
diameter[38,36,0.3] 0 
diameter[38,36,0.35] 0 
diameter[38,36,0.4] 0 
diameter[38,36,0.45] 0 
diameter[38,36,0.5] 0 
diameter[38,36,0.6] 0 
diameter[39,40,0.05] 1 
diameter[39,40,0.06] 0 
diameter[39,40,0.08] 0 
diameter[39,40,0.1] 0 
diameter[39,40,0.15] 0 
diameter[39,40,0.2] 0 
diameter[39,40,0.25] 0 
diameter[39,40,0.3] 0 
diameter[39,40,0.35] 0 
diameter[39,40,0.4] 0 
diameter[39,40,0.45] 0 
diameter[39,40,0.5] 0 
diameter[39,40,0.6] 0 
diameter[41,38,0.05] 0 
diameter[41,38,0.06] 0 
diameter[41,38,0.08] 0 
diameter[41,38,0.1] 1 
diameter[41,38,0.15] 0 
diameter[41,38,0.2] 0 
diameter[41,38,0.25] 0 
diameter[41,38,0.3] 0 
diameter[41,38,0.35] 0 
diameter[41,38,0.4] 0 
diameter[41,38,0.45] 0 
diameter[41,38,0.5] 0 
diameter[41,38,0.6] 0 
diameter[42,41,0.05] 0 
diameter[42,41,0.06] 0 
diameter[42,41,0.08] 0 
diameter[42,41,0.1] 1 
diameter[42,41,0.15] 0 
diameter[42,41,0.2] 0 
diameter[42,41,0.25] 0 
diameter[42,41,0.3] 0 
diameter[42,41,0.35] 0 
diameter[42,41,0.4] 0 
diameter[42,41,0.45] 0 
diameter[42,41,0.5] 0 
diameter[42,41,0.6] 0 
diameter[43,39,0.05] 1 
diameter[43,39,0.06] 0 
diameter[43,39,0.08] 0 
diameter[43,39,0.1] 0 
diameter[43,39,0.15] 0 
diameter[43,39,0.2] 0 
diameter[43,39,0.25] 0 
diameter[43,39,0.3] 0 
diameter[43,39,0.35] 0 
diameter[43,39,0.4] 0 
diameter[43,39,0.45] 0 
diameter[43,39,0.5] 0 
diameter[43,39,0.6] 0 
diameter[45,46,0.05] 0 
diameter[45,46,0.06] 0 
diameter[45,46,0.08] 0 
diameter[45,46,0.1] -0 
diameter[45,46,0.15] 1 
diameter[45,46,0.2] 0 
diameter[45,46,0.25] 0 
diameter[45,46,0.3] 0 
diameter[45,46,0.35] 0 
diameter[45,46,0.4] 0 
diameter[45,46,0.45] 0 
diameter[45,46,0.5] 0 
diameter[45,46,0.6] 0 
diameter[46,50,0.05] 0 
diameter[46,50,0.06] 0 
diameter[46,50,0.08] 0 
diameter[46,50,0.1] 1 
diameter[46,50,0.15] 0 
diameter[46,50,0.2] 0 
diameter[46,50,0.25] 0 
diameter[46,50,0.3] 0 
diameter[46,50,0.35] 0 
diameter[46,50,0.4] 0 
diameter[46,50,0.45] 0 
diameter[46,50,0.5] 0 
diameter[46,50,0.6] 0 
diameter[47,44,0.05] 1 
diameter[47,44,0.06] 0 
diameter[47,44,0.08] 0 
diameter[47,44,0.1] 0 
diameter[47,44,0.15] 0 
diameter[47,44,0.2] 0 
diameter[47,44,0.25] 0 
diameter[47,44,0.3] 0 
diameter[47,44,0.35] 0 
diameter[47,44,0.4] 0 
diameter[47,44,0.45] 0 
diameter[47,44,0.5] 0 
diameter[47,44,0.6] 0 
diameter[48,42,0.05] 0 
diameter[48,42,0.06] 0 
diameter[48,42,0.08] 0 
diameter[48,42,0.1] 1 
diameter[48,42,0.15] 0 
diameter[48,42,0.2] 0 
diameter[48,42,0.25] 0 
diameter[48,42,0.3] 0 
diameter[48,42,0.35] 0 
diameter[48,42,0.4] 0 
diameter[48,42,0.45] 0 
diameter[48,42,0.5] 0 
diameter[48,42,0.6] 0 
diameter[49,43,0.05] 1 
diameter[49,43,0.06] 0 
diameter[49,43,0.08] 0 
diameter[49,43,0.1] 0 
diameter[49,43,0.15] 0 
diameter[49,43,0.2] 0 
diameter[49,43,0.25] 0 
diameter[49,43,0.3] 0 
diameter[49,43,0.35] 0 
diameter[49,43,0.4] 0 
diameter[49,43,0.45] 0 
diameter[49,43,0.5] 0 
diameter[49,43,0.6] 0 
diameter[49,47,0.05] 1 
diameter[49,47,0.06] 0 
diameter[49,47,0.08] 0 
diameter[49,47,0.1] 0 
diameter[49,47,0.15] 0 
diameter[49,47,0.2] 0 
diameter[49,47,0.25] 0 
diameter[49,47,0.3] 0 
diameter[49,47,0.35] 0 
diameter[49,47,0.4] 0 
diameter[49,47,0.45] 0 
diameter[49,47,0.5] 0 
diameter[49,47,0.6] 0 
diameter[50,51,0.05] 0 
diameter[50,51,0.06] 0 
diameter[50,51,0.08] 0 
diameter[50,51,0.1] 1 
diameter[50,51,0.15] 0 
diameter[50,51,0.2] 0 
diameter[50,51,0.25] 0 
diameter[50,51,0.3] 0 
diameter[50,51,0.35] 0 
diameter[50,51,0.4] 0 
diameter[50,51,0.45] 0 
diameter[50,51,0.5] 0 
diameter[50,51,0.6] 0 
diameter[50,59,0.05] 0 
diameter[50,59,0.06] -0 
diameter[50,59,0.08] 1 
diameter[50,59,0.1] 0 
diameter[50,59,0.15] 0 
diameter[50,59,0.2] 0 
diameter[50,59,0.25] 0 
diameter[50,59,0.3] 0 
diameter[50,59,0.35] 0 
diameter[50,59,0.4] 0 
diameter[50,59,0.45] 0 
diameter[50,59,0.5] 0 
diameter[50,59,0.6] 0 
diameter[51,48,0.05] 0 
diameter[51,48,0.06] 0 
diameter[51,48,0.08] 0 
diameter[51,48,0.1] 1 
diameter[51,48,0.15] 0 
diameter[51,48,0.2] 0 
diameter[51,48,0.25] 0 
diameter[51,48,0.3] 0 
diameter[51,48,0.35] 0 
diameter[51,48,0.4] 0 
diameter[51,48,0.45] 0 
diameter[51,48,0.5] 0 
diameter[51,48,0.6] 0 
diameter[51,52,0.05] 1 
diameter[51,52,0.06] 0 
diameter[51,52,0.08] 0 
diameter[51,52,0.1] 0 
diameter[51,52,0.15] 0 
diameter[51,52,0.2] 0 
diameter[51,52,0.25] 0 
diameter[51,52,0.3] 0 
diameter[51,52,0.35] 0 
diameter[51,52,0.4] 0 
diameter[51,52,0.45] 0 
diameter[51,52,0.5] 0 
diameter[51,52,0.6] 0 
diameter[53,54,0.05] 1 
diameter[53,54,0.06] -0 
diameter[53,54,0.08] 0 
diameter[53,54,0.1] 0 
diameter[53,54,0.15] 0 
diameter[53,54,0.2] 0 
diameter[53,54,0.25] 0 
diameter[53,54,0.3] 0 
diameter[53,54,0.35] 0 
diameter[53,54,0.4] 0 
diameter[53,54,0.45] 0 
diameter[53,54,0.5] 0 
diameter[53,54,0.6] 0 
diameter[54,49,0.05] 1 
diameter[54,49,0.06] 0 
diameter[54,49,0.08] 0 
diameter[54,49,0.1] 0 
diameter[54,49,0.15] 0 
diameter[54,49,0.2] 0 
diameter[54,49,0.25] 0 
diameter[54,49,0.3] 0 
diameter[54,49,0.35] 0 
diameter[54,49,0.4] 0 
diameter[54,49,0.45] 0 
diameter[54,49,0.5] 0 
diameter[54,49,0.6] 0 
diameter[54,55,0.05] 1 
diameter[54,55,0.06] 0 
diameter[54,55,0.08] 0 
diameter[54,55,0.1] 0 
diameter[54,55,0.15] 0 
diameter[54,55,0.2] 0 
diameter[54,55,0.25] 0 
diameter[54,55,0.3] 0 
diameter[54,55,0.35] 0 
diameter[54,55,0.4] 0 
diameter[54,55,0.45] 0 
diameter[54,55,0.5] 0 
diameter[54,55,0.6] 0 
diameter[55,56,0.05] 1 
diameter[55,56,0.06] 0 
diameter[55,56,0.08] 0 
diameter[55,56,0.1] 0 
diameter[55,56,0.15] 0 
diameter[55,56,0.2] 0 
diameter[55,56,0.25] 0 
diameter[55,56,0.3] 0 
diameter[55,56,0.35] 0 
diameter[55,56,0.4] 0 
diameter[55,56,0.45] 0 
diameter[55,56,0.5] 0 
diameter[55,56,0.6] 0 
diameter[56,57,0.05] 1 
diameter[56,57,0.06] 0 
diameter[56,57,0.08] 0 
diameter[56,57,0.1] 0 
diameter[56,57,0.15] 0 
diameter[56,57,0.2] 0 
diameter[56,57,0.25] 0 
diameter[56,57,0.3] 0 
diameter[56,57,0.35] 0 
diameter[56,57,0.4] 0 
diameter[56,57,0.45] 0 
diameter[56,57,0.5] 0 
diameter[56,57,0.6] 0 
diameter[58,45,0.05] 0 
diameter[58,45,0.06] 0 
diameter[58,45,0.08] 0 
diameter[58,45,0.1] 1 
diameter[58,45,0.15] 0 
diameter[58,45,0.2] 0 
diameter[58,45,0.25] 0 
diameter[58,45,0.3] 0 
diameter[58,45,0.35] 0 
diameter[58,45,0.4] 0 
diameter[58,45,0.45] 0 
diameter[58,45,0.5] 0 
diameter[58,45,0.6] 0 
diameter[59,60,0.05] 0 
diameter[59,60,0.06] -0 
diameter[59,60,0.08] 1 
diameter[59,60,0.1] 0 
diameter[59,60,0.15] 0 
diameter[59,60,0.2] 0 
diameter[59,60,0.25] 0 
diameter[59,60,0.3] 0 
diameter[59,60,0.35] 0 
diameter[59,60,0.4] 0 
diameter[59,60,0.45] 0 
diameter[59,60,0.5] 0 
diameter[59,60,0.6] 0 
diameter[60,61,0.05] 0 
diameter[60,61,0.06] 1 
diameter[60,61,0.08] -0 
diameter[60,61,0.1] 0 
diameter[60,61,0.15] 0 
diameter[60,61,0.2] 0 
diameter[60,61,0.25] 0 
diameter[60,61,0.3] 0 
diameter[60,61,0.35] 0 
diameter[60,61,0.4] 0 
diameter[60,61,0.45] 0 
diameter[60,61,0.5] 0 
diameter[60,61,0.6] 0 
diameter[61,62,0.05] 0 
diameter[61,62,0.06] -0 
diameter[61,62,0.08] 1 
diameter[61,62,0.1] 0 
diameter[61,62,0.15] 0 
diameter[61,62,0.2] 0 
diameter[61,62,0.25] 0 
diameter[61,62,0.3] 0 
diameter[61,62,0.35] 0 
diameter[61,62,0.4] 0 
diameter[61,62,0.45] 0 
diameter[61,62,0.5] 0 
diameter[61,62,0.6] 0 
diameter[62,63,0.05] -0 
diameter[62,63,0.06] 1 
diameter[62,63,0.08] -0 
diameter[62,63,0.1] 0 
diameter[62,63,0.15] 0 
diameter[62,63,0.2] 0 
diameter[62,63,0.25] 0 
diameter[62,63,0.3] 0 
diameter[62,63,0.35] 0 
diameter[62,63,0.4] 0 
diameter[62,63,0.45] 0 
diameter[62,63,0.5] 0 
diameter[62,63,0.6] 0 
diameter[63,53,0.05] -0 
diameter[63,53,0.06] 1 
diameter[63,53,0.08] 0 
diameter[63,53,0.1] 0 
diameter[63,53,0.15] 0 
diameter[63,53,0.2] 0 
diameter[63,53,0.25] 0 
diameter[63,53,0.3] 0 
diameter[63,53,0.35] 0 
diameter[63,53,0.4] 0 
diameter[63,53,0.45] 0 
diameter[63,53,0.5] 0 
diameter[63,53,0.6] 0 
diameter[63,65,0.05] 1 
diameter[63,65,0.06] 0 
diameter[63,65,0.08] 0 
diameter[63,65,0.1] 0 
diameter[63,65,0.15] 0 
diameter[63,65,0.2] 0 
diameter[63,65,0.25] 0 
diameter[63,65,0.3] 0 
diameter[63,65,0.35] 0 
diameter[63,65,0.4] 0 
diameter[63,65,0.45] 0 
diameter[63,65,0.5] 0 
diameter[63,65,0.6] 0 
diameter[64,58,0.05] 0 
diameter[64,58,0.06] 0 
diameter[64,58,0.08] 0 
diameter[64,58,0.1] -0 
diameter[64,58,0.15] 1 
diameter[64,58,0.2] 0 
diameter[64,58,0.25] 0 
diameter[64,58,0.3] 0 
diameter[64,58,0.35] 0 
diameter[64,58,0.4] 0 
diameter[64,58,0.45] 0 
diameter[64,58,0.5] 0 
diameter[64,58,0.6] 0 
diameter[65,66,0.05] 1 
diameter[65,66,0.06] 0 
diameter[65,66,0.08] 0 
diameter[65,66,0.1] 0 
diameter[65,66,0.15] 0 
diameter[65,66,0.2] 0 
diameter[65,66,0.25] 0 
diameter[65,66,0.3] 0 
diameter[65,66,0.35] 0 
diameter[65,66,0.4] 0 
diameter[65,66,0.45] 0 
diameter[65,66,0.5] 0 
diameter[65,66,0.6] 0 
diameter[66,67,0.05] 1 
diameter[66,67,0.06] 0 
diameter[66,67,0.08] 0 
diameter[66,67,0.1] 0 
diameter[66,67,0.15] 0 
diameter[66,67,0.2] 0 
diameter[66,67,0.25] 0 
diameter[66,67,0.3] 0 
diameter[66,67,0.35] 0 
diameter[66,67,0.4] 0 
diameter[66,67,0.45] 0 
diameter[66,67,0.5] 0 
diameter[66,67,0.6] 0 
diameter[67,68,0.05] 1 
diameter[67,68,0.06] 0 
diameter[67,68,0.08] 0 
diameter[67,68,0.1] 0 
diameter[67,68,0.15] 0 
diameter[67,68,0.2] 0 
diameter[67,68,0.25] 0 
diameter[67,68,0.3] 0 
diameter[67,68,0.35] 0 
diameter[67,68,0.4] 0 
diameter[67,68,0.45] 0 
diameter[67,68,0.5] 0 
diameter[67,68,0.6] 0 
diameter[69,64,0.05] 0 
diameter[69,64,0.06] 0 
diameter[69,64,0.08] 0 
diameter[69,64,0.1] 0 
diameter[69,64,0.15] 1 
diameter[69,64,0.2] 0 
diameter[69,64,0.25] 0 
diameter[69,64,0.3] 0 
diameter[69,64,0.35] 0 
diameter[69,64,0.4] 0 
diameter[69,64,0.45] 0 
diameter[69,64,0.5] 0 
diameter[69,64,0.6] 0 
diameter[69,71,0.05] 1 
diameter[69,71,0.06] 0 
diameter[69,71,0.08] 0 
diameter[69,71,0.1] 0 
diameter[69,71,0.15] 0 
diameter[69,71,0.2] 0 
diameter[69,71,0.25] 0 
diameter[69,71,0.3] 0 
diameter[69,71,0.35] 0 
diameter[69,71,0.4] 0 
diameter[69,71,0.45] 0 
diameter[69,71,0.5] 0 
diameter[69,71,0.6] 0 
diameter[69,72,0.05] 0 
diameter[69,72,0.06] 0 
diameter[69,72,0.08] 0 
diameter[69,72,0.1] 1 
diameter[69,72,0.15] 0 
diameter[69,72,0.2] 0 
diameter[69,72,0.25] 0 
diameter[69,72,0.3] 0 
diameter[69,72,0.35] 0 
diameter[69,72,0.4] 0 
diameter[69,72,0.45] 0 
diameter[69,72,0.5] 0 
diameter[69,72,0.6] 0 
diameter[71,70,0.05] 1 
diameter[71,70,0.06] 0 
diameter[71,70,0.08] 0 
diameter[71,70,0.1] 0 
diameter[71,70,0.15] 0 
diameter[71,70,0.2] 0 
diameter[71,70,0.25] 0 
diameter[71,70,0.3] 0 
diameter[71,70,0.35] 0 
diameter[71,70,0.4] 0 
diameter[71,70,0.45] 0 
diameter[71,70,0.5] 0 
diameter[71,70,0.6] 0 
diameter[72,74,0.05] 0 
diameter[72,74,0.06] 0 
diameter[72,74,0.08] 0 
diameter[72,74,0.1] 1 
diameter[72,74,0.15] 0 
diameter[72,74,0.2] 0 
diameter[72,74,0.25] 0 
diameter[72,74,0.3] 0 
diameter[72,74,0.35] 0 
diameter[72,74,0.4] 0 
diameter[72,74,0.45] 0 
diameter[72,74,0.5] 0 
diameter[72,74,0.6] 0 
diameter[72,73,0.05] 1 
diameter[72,73,0.06] 0 
diameter[72,73,0.08] 0 
diameter[72,73,0.1] 0 
diameter[72,73,0.15] 0 
diameter[72,73,0.2] 0 
diameter[72,73,0.25] 0 
diameter[72,73,0.3] 0 
diameter[72,73,0.35] 0 
diameter[72,73,0.4] 0 
diameter[72,73,0.45] 0 
diameter[72,73,0.5] 0 
diameter[72,73,0.6] 0 
diameter[74,75,0.05] 0 
diameter[74,75,0.06] 0 
diameter[74,75,0.08] 0 
diameter[74,75,0.1] 1 
diameter[74,75,0.15] 0 
diameter[74,75,0.2] 0 
diameter[74,75,0.25] 0 
diameter[74,75,0.3] 0 
diameter[74,75,0.35] 0 
diameter[74,75,0.4] 0 
diameter[74,75,0.45] 0 
diameter[74,75,0.5] 0 
diameter[74,75,0.6] 0 
diameter[75,76,0.05] 0 
diameter[75,76,0.06] 0 
diameter[75,76,0.08] 1 
diameter[75,76,0.1] 0 
diameter[75,76,0.15] 0 
diameter[75,76,0.2] 0 
diameter[75,76,0.25] 0 
diameter[75,76,0.3] 0 
diameter[75,76,0.35] 0 
diameter[75,76,0.4] 0 
diameter[75,76,0.45] 0 
diameter[75,76,0.5] 0 
diameter[75,76,0.6] 0 
diameter[76,83,0.05] 0 
diameter[76,83,0.06] 0 
diameter[76,83,0.08] 0 
diameter[76,83,0.1] 1 
diameter[76,83,0.15] 0 
diameter[76,83,0.2] 0 
diameter[76,83,0.25] 0 
diameter[76,83,0.3] 0 
diameter[76,83,0.35] 0 
diameter[76,83,0.4] 0 
diameter[76,83,0.45] 0 
diameter[76,83,0.5] 0 
diameter[76,83,0.6] 0 
diameter[79,77,0.05] 1 
diameter[79,77,0.06] 0 
diameter[79,77,0.08] 0 
diameter[79,77,0.1] 0 
diameter[79,77,0.15] 0 
diameter[79,77,0.2] 0 
diameter[79,77,0.25] 0 
diameter[79,77,0.3] 0 
diameter[79,77,0.35] 0 
diameter[79,77,0.4] 0 
diameter[79,77,0.45] 0 
diameter[79,77,0.5] 0 
diameter[79,77,0.6] 0 
diameter[79,81,0.05] 0 
diameter[79,81,0.06] 0 
diameter[79,81,0.08] 1 
diameter[79,81,0.1] 0 
diameter[79,81,0.15] 0 
diameter[79,81,0.2] 0 
diameter[79,81,0.25] 0 
diameter[79,81,0.3] 0 
diameter[79,81,0.35] 0 
diameter[79,81,0.4] 0 
diameter[79,81,0.45] 0 
diameter[79,81,0.5] 0 
diameter[79,81,0.6] 0 
diameter[80,78,0.05] 1 
diameter[80,78,0.06] 0 
diameter[80,78,0.08] 0 
diameter[80,78,0.1] 0 
diameter[80,78,0.15] 0 
diameter[80,78,0.2] 0 
diameter[80,78,0.25] 0 
diameter[80,78,0.3] 0 
diameter[80,78,0.35] 0 
diameter[80,78,0.4] 0 
diameter[80,78,0.45] 0 
diameter[80,78,0.5] 0 
diameter[80,78,0.6] 0 
diameter[81,80,0.05] 1 
diameter[81,80,0.06] 0 
diameter[81,80,0.08] 0 
diameter[81,80,0.1] 0 
diameter[81,80,0.15] 0 
diameter[81,80,0.2] 0 
diameter[81,80,0.25] 0 
diameter[81,80,0.3] 0 
diameter[81,80,0.35] 0 
diameter[81,80,0.4] 0 
diameter[81,80,0.45] 0 
diameter[81,80,0.5] 0 
diameter[81,80,0.6] 0 
diameter[81,85,0.05] 0 
diameter[81,85,0.06] -0 
diameter[81,85,0.08] 1 
diameter[81,85,0.1] 0 
diameter[81,85,0.15] 0 
diameter[81,85,0.2] 0 
diameter[81,85,0.25] 0 
diameter[81,85,0.3] 0 
diameter[81,85,0.35] 0 
diameter[81,85,0.4] 0 
diameter[81,85,0.45] 0 
diameter[81,85,0.5] 0 
diameter[81,85,0.6] 0 
diameter[82,79,0.05] 0 
diameter[82,79,0.06] 0 
diameter[82,79,0.08] -0 
diameter[82,79,0.1] 1 
diameter[82,79,0.15] 0 
diameter[82,79,0.2] 0 
diameter[82,79,0.25] 0 
diameter[82,79,0.3] 0 
diameter[82,79,0.35] 0 
diameter[82,79,0.4] 0 
diameter[82,79,0.45] 0 
diameter[82,79,0.5] 0 
diameter[82,79,0.6] 0 
diameter[83,89,0.05] 0 
diameter[83,89,0.06] 0 
diameter[83,89,0.08] 0 
diameter[83,89,0.1] 1 
diameter[83,89,0.15] 0 
diameter[83,89,0.2] 0 
diameter[83,89,0.25] 0 
diameter[83,89,0.3] 0 
diameter[83,89,0.35] 0 
diameter[83,89,0.4] 0 
diameter[83,89,0.45] 0 
diameter[83,89,0.5] 0 
diameter[83,89,0.6] 0 
diameter[84,90,0.05] -0 
diameter[84,90,0.06] 1 
diameter[84,90,0.08] 0 
diameter[84,90,0.1] 0 
diameter[84,90,0.15] 0 
diameter[84,90,0.2] 0 
diameter[84,90,0.25] 0 
diameter[84,90,0.3] 0 
diameter[84,90,0.35] 0 
diameter[84,90,0.4] 0 
diameter[84,90,0.45] 0 
diameter[84,90,0.5] 0 
diameter[84,90,0.6] 0 
diameter[85,84,0.05] -0 
diameter[85,84,0.06] 1 
diameter[85,84,0.08] 0 
diameter[85,84,0.1] 0 
diameter[85,84,0.15] 0 
diameter[85,84,0.2] 0 
diameter[85,84,0.25] 0 
diameter[85,84,0.3] 0 
diameter[85,84,0.35] 0 
diameter[85,84,0.4] 0 
diameter[85,84,0.45] 0 
diameter[85,84,0.5] 0 
diameter[85,84,0.6] 0 
diameter[85,86,0.05] 1 
diameter[85,86,0.06] 0 
diameter[85,86,0.08] 0 
diameter[85,86,0.1] 0 
diameter[85,86,0.15] 0 
diameter[85,86,0.2] 0 
diameter[85,86,0.25] 0 
diameter[85,86,0.3] 0 
diameter[85,86,0.35] 0 
diameter[85,86,0.4] 0 
diameter[85,86,0.45] 0 
diameter[85,86,0.5] 0 
diameter[85,86,0.6] 0 
diameter[87,82,0.05] 0 
diameter[87,82,0.06] 0 
diameter[87,82,0.08] 1 
diameter[87,82,0.1] 0 
diameter[87,82,0.15] 0 
diameter[87,82,0.2] 0 
diameter[87,82,0.25] 0 
diameter[87,82,0.3] 0 
diameter[87,82,0.35] 0 
diameter[87,82,0.4] 0 
diameter[87,82,0.45] 0 
diameter[87,82,0.5] 0 
diameter[87,82,0.6] 0 
diameter[88,87,0.05] 0 
diameter[88,87,0.06] 0 
diameter[88,87,0.08] -0 
diameter[88,87,0.1] 1 
diameter[88,87,0.15] 0 
diameter[88,87,0.2] 0 
diameter[88,87,0.25] 0 
diameter[88,87,0.3] 0 
diameter[88,87,0.35] 0 
diameter[88,87,0.4] 0 
diameter[88,87,0.45] 0 
diameter[88,87,0.5] 0 
diameter[88,87,0.6] 0 
diameter[89,88,0.05] 0 
diameter[89,88,0.06] 0 
diameter[89,88,0.08] -0 
diameter[89,88,0.1] 1 
diameter[89,88,0.15] 0 
diameter[89,88,0.2] 0 
diameter[89,88,0.25] 0 
diameter[89,88,0.3] 0 
diameter[89,88,0.35] 0 
diameter[89,88,0.4] 0 
diameter[89,88,0.45] 0 
diameter[89,88,0.5] 0 
diameter[89,88,0.6] 0 
diameter[90,91,0.05] 1 
diameter[90,91,0.06] 0 
diameter[90,91,0.08] 0 
diameter[90,91,0.1] 0 
diameter[90,91,0.15] 0 
diameter[90,91,0.2] 0 
diameter[90,91,0.25] 0 
diameter[90,91,0.3] 0 
diameter[90,91,0.35] 0 
diameter[90,91,0.4] 0 
diameter[90,91,0.45] 0 
diameter[90,91,0.5] 0 
diameter[90,91,0.6] 0 
diameter[90,92,0.05] 1 
diameter[90,92,0.06] 0 
diameter[90,92,0.08] 0 
diameter[90,92,0.1] 0 
diameter[90,92,0.15] 0 
diameter[90,92,0.2] 0 
diameter[90,92,0.25] 0 
diameter[90,92,0.3] 0 
diameter[90,92,0.35] 0 
diameter[90,92,0.4] 0 
diameter[90,92,0.45] 0 
diameter[90,92,0.5] 0 
diameter[90,92,0.6] 0 
hydro loss[2,0] 0.0987749 
hydro loss[3,2] 0.258081 
hydro loss[4,3] 0.21285 
hydro loss[5,4] 1.13372 
hydro loss[6,1] 0.15393 
hydro loss[7,5] 0.0896101 
hydro loss[8,7] 0.502414 
hydro loss[9,8] 0.266505 
hydro loss[10,13] 0.242481 
hydro loss[11,10] 0.168544 
hydro loss[12,6] 1.15521 
hydro loss[13,17] 0.109113 
hydro loss[14,11] 0.203063 
hydro loss[15,12] 0.392983 
hydro loss[15,14] 0.298976 
hydro loss[16,9] 0.60223 
hydro loss[17,16] 0.799361 
hydro loss[18,15] 0.51628 
hydro loss[19,20] 0.763593 
hydro loss[20,18] 0.44422 
hydro loss[23,21] 0.0417388 
hydro loss[23,25] 0.08359 
hydro loss[24,19] 0.802022 
hydro loss[24,23] 0.630496 
hydro loss[26,22] 0.107855 
hydro loss[27,24] 1.69301 
hydro loss[27,31] 0.0897534 
hydro loss[28,26] 0.424581 
hydro loss[28,33] 0.0958494 
hydro loss[29,28] 0.562236 
hydro loss[30,27] 1.65042 
hydro loss[32,29] 1.11795 
hydro loss[32,35] 0.209531 
hydro loss[34,30] 1.51225 
hydro loss[34,32] 3.17048 
hydro loss[35,37] 0.0994524 
hydro loss[36,34] 1.96077 
hydro loss[38,36] 1.20271 
hydro loss[39,40] 0.082424 
hydro loss[41,38] 2.10331 
hydro loss[42,41] 1.42198 
hydro loss[43,39] 0.301356 
hydro loss[45,46] 0.749248 
hydro loss[46,50] 6.64647 
hydro loss[47,44] 0.0567453 
hydro loss[48,42] 2.37132 
hydro loss[49,43] 0.40687 
hydro loss[49,47] 0.129184 
hydro loss[50,51] 1.86957 
hydro loss[50,59] 1.51043 
hydro loss[51,48] 1.93018 
hydro loss[51,52] 0.0329696 
hydro loss[53,54] 2.34484 
hydro loss[54,49] 1.6028 
hydro loss[54,55] 0.378297 
hydro loss[55,56] 0.11902 
hydro loss[56,57] 0.0494544 
hydro loss[58,45] 9.56137 
hydro loss[59,60] 1.17034 
hydro loss[60,61] 2.86572 
hydro loss[61,62] 0.952468 
hydro loss[62,63] 2.30409 
hydro loss[63,53] 1.9431 
hydro loss[63,65] 0.466354 
hydro loss[64,58] 0.527286 
hydro loss[65,66] 0.378297 
hydro loss[66,67] 0.11902 
hydro loss[67,68] 0.0494544 
hydro loss[69,64] 2.48244 
hydro loss[69,71] 0.20485 
hydro loss[69,72] 0.739605 
hydro loss[71,70] 0.0357849 
hydro loss[72,74] 0.333159 
hydro loss[72,73] 0.140293 
hydro loss[74,75] 0.516271 
hydro loss[75,76] 25.4324 
hydro loss[76,83] 1.194 
hydro loss[79,77] 0.0850888 
hydro loss[79,81] 0.315452 
hydro loss[80,78] 0.0431422 
hydro loss[81,80] 0.129184 
hydro loss[81,85] 0.125603 
hydro loss[82,79] 0.187723 
hydro loss[83,89] 0.501772 
hydro loss[84,90] 0.267827 
hydro loss[85,84] 0.176801 
hydro loss[85,86] 0.0329696 
hydro loss[87,82] 2.07974 
hydro loss[88,87] 0.325792 
hydro loss[89,88] 0.305559 
hydro loss[90,91] 0.0869941 
hydro loss[90,92] 0.0897511 
PUMP[2,0] 0 
PUMP[3,2] 0 
PUMP[4,3] 0 
PUMP[5,4] 0 
PUMP[6,1] 0 
PUMP[7,5] 0 
PUMP[8,7] 0 
PUMP[9,8] 0 
PUMP[10,13] 0 
PUMP[11,10] 0 
PUMP[12,6] 0 
PUMP[13,17] 0 
PUMP[14,11] 0 
PUMP[15,12] 0 
PUMP[15,14] 0 
PUMP[16,9] 0 
PUMP[17,16] 0 
PUMP[18,15] 0 
PUMP[19,20] 0 
PUMP[20,18] 0 
PUMP[23,21] 0 
PUMP[23,25] 0 
PUMP[24,19] 0 
PUMP[24,23] 0 
PUMP[26,22] 0 
PUMP[27,24] 0 
PUMP[27,31] 0 
PUMP[28,26] 0 
PUMP[28,33] 0 
PUMP[29,28] 0 
PUMP[30,27] 0 
PUMP[32,29] 0 
PUMP[32,35] 0 
PUMP[34,30] 0 
PUMP[34,32] 0 
PUMP[35,37] 0 
PUMP[36,34] 0 
PUMP[38,36] 0 
PUMP[39,40] 0 
PUMP[41,38] 0 
PUMP[42,41] 0 
PUMP[43,39] 0 
PUMP[45,46] 0 
PUMP[46,50] 0 
PUMP[47,44] 0 
PUMP[48,42] 0 
PUMP[49,43] 0 
PUMP[49,47] 0 
PUMP[50,51] 0 
PUMP[50,59] 0 
PUMP[51,48] 0 
PUMP[51,52] 0 
PUMP[53,54] 0 
PUMP[54,49] 0 
PUMP[54,55] 0 
PUMP[55,56] 0 
PUMP[56,57] 0 
PUMP[58,45] 0 
PUMP[59,60] 0 
PUMP[60,61] 0 
PUMP[61,62] 0 
PUMP[62,63] 0 
PUMP[63,53] 0 
PUMP[63,65] 0 
PUMP[64,58] 0 
PUMP[65,66] 0 
PUMP[66,67] 0 
PUMP[67,68] 0 
PUMP[69,64] 0 
PUMP[69,71] 0 
PUMP[69,72] 0 
PUMP[71,70] 0 
PUMP[72,74] 0 
PUMP[72,73] 0 
PUMP[74,75] 0 
PUMP[75,76] 0 
PUMP[76,83] 0 
PUMP[79,77] 0 
PUMP[79,81] 0 
PUMP[80,78] 0 
PUMP[81,80] 0 
PUMP[81,85] 0 
PUMP[82,79] 0 
PUMP[83,89] 0 
PUMP[84,90] 0 
PUMP[85,84] 0 
PUMP[85,86] 0 
PUMP[87,82] 0 
PUMP[88,87] 0 
PUMP[89,88] 0 
PUMP[90,91] 0 
PUMP[90,92] 0 
PRESSURE BY PUMP[2,0] 0 
PRESSURE BY PUMP[3,2] 0 
PRESSURE BY PUMP[4,3] 0 
PRESSURE BY PUMP[5,4] 0 
PRESSURE BY PUMP[6,1] 0 
PRESSURE BY PUMP[7,5] 0 
PRESSURE BY PUMP[8,7] 0 
PRESSURE BY PUMP[9,8] 0 
PRESSURE BY PUMP[10,13] 0 
PRESSURE BY PUMP[11,10] 0 
PRESSURE BY PUMP[12,6] 0 
PRESSURE BY PUMP[13,17] 0 
PRESSURE BY PUMP[14,11] 0 
PRESSURE BY PUMP[15,12] 0 
PRESSURE BY PUMP[15,14] 0 
PRESSURE BY PUMP[16,9] 0 
PRESSURE BY PUMP[17,16] 0 
PRESSURE BY PUMP[18,15] 0 
PRESSURE BY PUMP[19,20] 0 
PRESSURE BY PUMP[20,18] 0 
PRESSURE BY PUMP[23,21] 0 
PRESSURE BY PUMP[23,25] 0 
PRESSURE BY PUMP[24,19] 0 
PRESSURE BY PUMP[24,23] 0 
PRESSURE BY PUMP[26,22] 0 
PRESSURE BY PUMP[27,24] 0 
PRESSURE BY PUMP[27,31] 0 
PRESSURE BY PUMP[28,26] 0 
PRESSURE BY PUMP[28,33] 0 
PRESSURE BY PUMP[29,28] 0 
PRESSURE BY PUMP[30,27] 0 
PRESSURE BY PUMP[32,29] 0 
PRESSURE BY PUMP[32,35] 0 
PRESSURE BY PUMP[34,30] 0 
PRESSURE BY PUMP[34,32] 0 
PRESSURE BY PUMP[35,37] 0 
PRESSURE BY PUMP[36,34] 0 
PRESSURE BY PUMP[38,36] 0 
PRESSURE BY PUMP[39,40] 0 
PRESSURE BY PUMP[41,38] 0 
PRESSURE BY PUMP[42,41] 0 
PRESSURE BY PUMP[43,39] 0 
PRESSURE BY PUMP[45,46] 0 
PRESSURE BY PUMP[46,50] 0 
PRESSURE BY PUMP[47,44] 0 
PRESSURE BY PUMP[48,42] 0 
PRESSURE BY PUMP[49,43] 0 
PRESSURE BY PUMP[49,47] 0 
PRESSURE BY PUMP[50,51] 0 
PRESSURE BY PUMP[50,59] 0 
PRESSURE BY PUMP[51,48] 0 
PRESSURE BY PUMP[51,52] 0 
PRESSURE BY PUMP[53,54] 0 
PRESSURE BY PUMP[54,49] 0 
PRESSURE BY PUMP[54,55] 0 
PRESSURE BY PUMP[55,56] 0 
PRESSURE BY PUMP[56,57] 0 
PRESSURE BY PUMP[58,45] 0 
PRESSURE BY PUMP[59,60] 0 
PRESSURE BY PUMP[60,61] 0 
PRESSURE BY PUMP[61,62] 0 
PRESSURE BY PUMP[62,63] 0 
PRESSURE BY PUMP[63,53] 0 
PRESSURE BY PUMP[63,65] 0 
PRESSURE BY PUMP[64,58] 0 
PRESSURE BY PUMP[65,66] 0 
PRESSURE BY PUMP[66,67] 0 
PRESSURE BY PUMP[67,68] 0 
PRESSURE BY PUMP[69,64] 0 
PRESSURE BY PUMP[69,71] 0 
PRESSURE BY PUMP[69,72] 0 
PRESSURE BY PUMP[71,70] 0 
PRESSURE BY PUMP[72,74] 0 
PRESSURE BY PUMP[72,73] 0 
PRESSURE BY PUMP[74,75] 0 
PRESSURE BY PUMP[75,76] 0 
PRESSURE BY PUMP[76,83] 0 
PRESSURE BY PUMP[79,77] 0 
PRESSURE BY PUMP[79,81] 0 
PRESSURE BY PUMP[80,78] 0 
PRESSURE BY PUMP[81,80] 0 
PRESSURE BY PUMP[81,85] 0 
PRESSURE BY PUMP[82,79] 0 
PRESSURE BY PUMP[83,89] 0 
PRESSURE BY PUMP[84,90] 0 
PRESSURE BY PUMP[85,84] 0 
PRESSURE BY PUMP[85,86] 0 
PRESSURE BY PUMP[87,82] 0 
PRESSURE BY PUMP[88,87] 0 
PRESSURE BY PUMP[89,88] 0 
PRESSURE BY PUMP[90,91] 0 
PRESSURE BY PUMP[90,92] 0 
In Node Elevation[0] 43.2409 
In Node Elevation[1] 43.656 
In Node Elevation[2] 43.8078 
In Node Elevation[3] 44.0659 
In Node Elevation[4] 43.3229 
In Node Elevation[5] 45.1144 
In Node Elevation[6] 42.9075 
In Node Elevation[7] 44.0167 
In Node Elevation[8] 46.0044 
In Node Elevation[9] 46.1195 
In Node Elevation[10] 48.0241 
In Node Elevation[11] 44.3182 
In Node Elevation[12] 48.3017 
In Node Elevation[13] 43.5433 
In Node Elevation[14] 46.281 
In Node Elevation[15] 46.2754 
In Node Elevation[16] 46.8732 
In Node Elevation[17] 47.6725 
In Node Elevation[18] 46.1889 
In Node Elevation[19] 50.4188 
In Node Elevation[20] 46.3897 
In Node Elevation[21] 50.5486 
In Node Elevation[22] 49.0372 
In Node Elevation[23] 46.8489 
In Node Elevation[24] 51.2208 
In Node Elevation[25] 50.5068 
In Node Elevation[26] 47.1144 
In Node Elevation[27] 48.464 
In Node Elevation[28] 46.545 
In Node Elevation[29] 47.657 
In Node Elevation[30] 51.7468 
In Node Elevation[31] 49.7004 
In Node Elevation[32] 49.6864 
In Node Elevation[33] 51.13 
In Node Elevation[34] 56.0765 
In Node Elevation[35] 50.2796 
In Node Elevation[36] 51.8341 
In Node Elevation[37] 52.5971 
In Node Elevation[38] 52.7538 
In Node Elevation[39] 53.5344 
In Node Elevation[40] 53.4519 
In Node Elevation[41] 61.3433 
In Node Elevation[42] 54.5469 
In Node Elevation[43] 53.6061 
In Node Elevation[44] 54.0567 
In Node Elevation[45] 53.6512 
In Node Elevation[46] 55.4745 
In Node Elevation[47] 53.6916 
In Node Elevation[48] 65.1366 
In Node Elevation[49] 53.91 
In Node Elevation[50] 56.4273 
In Node Elevation[51] 56.0495 
In Node Elevation[52] 67.0338 
In Node Elevation[53] 54.6296 
In Node Elevation[54] 54.0672 
In Node Elevation[55] 53.8647 
In Node Elevation[56] 53.6673 
In Node Elevation[57] 55.2986 
In Node Elevation[58] 85.8935 
In Node Elevation[59] 57.9685 
In Node Elevation[60] 57.0736 
In Node Elevation[61] 63.3899 
In Node Elevation[62] 55.2869 
In Node Elevation[63] 54.9818 
In Node Elevation[64] 86.4208 
In Node Elevation[65] 54.4658 
In Node Elevation[66] 59.2887 
In Node Elevation[67] 59.1697 
In Node Elevation[68] 54.024 
In Node Elevation[69] 88.9032 
In Node Elevation[70] 88.0078 
In Node Elevation[71] 88.6984 
In Node Elevation[72] 88.1636 
In Node Elevation[73] 63.4095 
In Node Elevation[74] 87.8304 
In Node Elevation[75] 87.3142 
In Node Elevation[76] 61.8818 
In Node Elevation[77] 57.2021 
In Node Elevation[78] 56.7994 
In Node Elevation[79] 55.5338 
In Node Elevation[80] 56.2404 
In Node Elevation[81] 56.2404 
In Node Elevation[82] 57.4749 
In Node Elevation[83] 54.76 
In Node Elevation[84] 56.2585 
In Node Elevation[85] 56.8461 
In Node Elevation[86] 56.8131 
In Node Elevation[87] 55.2388 
In Node Elevation[88] 54.8407 
In Node Elevation[89] 60.186 
In Node Elevation[90] 56.4015 
In Node Elevation[91] 56.3145 
In Node Elevation[92] 55.2027 
HEAD PRESSURE[0] 32.1143 
HEAD PRESSURE[1] 34.9829 
HEAD PRESSURE[2] 31.6462 
HEAD PRESSURE[3] 31.6462 
HEAD PRESSURE[4] 32.602 
HEAD PRESSURE[5] 31.9443 
HEAD PRESSURE[6] 35.8853 
HEAD PRESSURE[7] 33.1316 
HEAD PRESSURE[8] 31.6462 
HEAD PRESSURE[9] 31.7977 
HEAD PRESSURE[10] 31.6462 
HEAD PRESSURE[11] 35.5207 
HEAD PRESSURE[12] 31.6462 
HEAD PRESSURE[13] 35.8846 
HEAD PRESSURE[14] 33.761 
HEAD PRESSURE[15] 34.0655 
HEAD PRESSURE[16] 31.6462 
HEAD PRESSURE[17] 31.6462 
HEAD PRESSURE[18] 34.6683 
HEAD PRESSURE[19] 31.6462 
HEAD PRESSURE[20] 34.9118 
HEAD PRESSURE[21] 31.6462 
HEAD PRESSURE[22] 33.3025 
HEAD PRESSURE[23] 35.3876 
HEAD PRESSURE[24] 31.6462 
HEAD PRESSURE[25] 31.6462 
HEAD PRESSURE[26] 35.3331 
HEAD PRESSURE[27] 36.0961 
HEAD PRESSURE[28] 36.3271 
HEAD PRESSURE[29] 35.7773 
HEAD PRESSURE[30] 34.4637 
HEAD PRESSURE[31] 34.7699 
HEAD PRESSURE[32] 34.8659 
HEAD PRESSURE[33] 31.6462 
HEAD PRESSURE[34] 31.6462 
HEAD PRESSURE[35] 34.0632 
HEAD PRESSURE[36] 37.8494 
HEAD PRESSURE[37] 31.6462 
HEAD PRESSURE[38] 38.1325 
HEAD PRESSURE[39] 31.6462 
HEAD PRESSURE[40] 31.6462 
HEAD PRESSURE[41] 31.6462 
HEAD PRESSURE[42] 39.8646 
HEAD PRESSURE[43] 31.8759 
HEAD PRESSURE[44] 31.6462 
HEAD PRESSURE[45] 54.3271 
HEAD PRESSURE[46] 51.7546 
HEAD PRESSURE[47] 32.068 
HEAD PRESSURE[48] 31.6462 
HEAD PRESSURE[49] 31.9788 
HEAD PRESSURE[50] 44.1553 
HEAD PRESSURE[51] 42.6636 
HEAD PRESSURE[52] 31.6462 
HEAD PRESSURE[53] 35.2068 
HEAD PRESSURE[54] 33.4244 
HEAD PRESSURE[55] 33.2486 
HEAD PRESSURE[56] 33.327 
HEAD PRESSURE[57] 31.6462 
HEAD PRESSURE[58] 31.6462 
HEAD PRESSURE[59] 41.1037 
HEAD PRESSURE[60] 40.8283 
HEAD PRESSURE[61] 31.6462 
HEAD PRESSURE[62] 38.7968 
HEAD PRESSURE[63] 36.7977 
HEAD PRESSURE[64] 31.6462 
HEAD PRESSURE[65] 36.8474 
HEAD PRESSURE[66] 31.6462 
HEAD PRESSURE[67] 31.6462 
HEAD PRESSURE[68] 36.7425 
HEAD PRESSURE[69] 31.6462 
HEAD PRESSURE[70] 32.301 
HEAD PRESSURE[71] 31.6462 
HEAD PRESSURE[72] 31.6462 
HEAD PRESSURE[73] 56.26 
HEAD PRESSURE[74] 31.6462 
HEAD PRESSURE[75] 31.6462 
HEAD PRESSURE[76] 31.6462 
HEAD PRESSURE[77] 31.6462 
HEAD PRESSURE[78] 31.6462 
HEAD PRESSURE[79] 33.3996 
HEAD PRESSURE[80] 32.2484 
HEAD PRESSURE[81] 32.3776 
HEAD PRESSURE[82] 31.6462 
HEAD PRESSURE[83] 37.574 
HEAD PRESSURE[84] 32.057 
HEAD PRESSURE[85] 31.6462 
HEAD PRESSURE[86] 31.6462 
HEAD PRESSURE[87] 35.962 
HEAD PRESSURE[88] 36.686 
HEAD PRESSURE[89] 31.6462 
HEAD PRESSURE[90] 31.6462 
HEAD PRESSURE[91] 31.6462 
HEAD PRESSURE[92] 32.7552 
