number of nodes: 87 
number of edges: 86 
capital_cost_pump_station: 166000 
ps_OM_cost: 175950 
water_demand: 1.095e-05 
Solution Value: 127851 
Solution Value 1: 127851 
Solution Value 2: 0 
Solution Value 3: 0 
diameter[1,9,0.05] 1 
diameter[1,9,0.06] -0 
diameter[1,9,0.08] -0 
diameter[1,9,0.1] 0 
diameter[1,9,0.15] 0 
diameter[1,9,0.2] 0 
diameter[1,9,0.25] 0 
diameter[1,9,0.3] 0 
diameter[1,9,0.35] 0 
diameter[1,9,0.4] 0 
diameter[1,9,0.45] 0 
diameter[1,9,0.5] 0 
diameter[1,9,0.6] 0 
diameter[2,1,0.05] 1 
diameter[2,1,0.06] -0 
diameter[2,1,0.08] -0 
diameter[2,1,0.1] 0 
diameter[2,1,0.15] 0 
diameter[2,1,0.2] 0 
diameter[2,1,0.25] 0 
diameter[2,1,0.3] 0 
diameter[2,1,0.35] 0 
diameter[2,1,0.4] 0 
diameter[2,1,0.45] 0 
diameter[2,1,0.5] 0 
diameter[2,1,0.6] 0 
diameter[3,0,0.05] 1 
diameter[3,0,0.06] 0 
diameter[3,0,0.08] 0 
diameter[3,0,0.1] 0 
diameter[3,0,0.15] 0 
diameter[3,0,0.2] 0 
diameter[3,0,0.25] 0 
diameter[3,0,0.3] 0 
diameter[3,0,0.35] 0 
diameter[3,0,0.4] 0 
diameter[3,0,0.45] 0 
diameter[3,0,0.5] 0 
diameter[3,0,0.6] 0 
diameter[5,2,0.05] 1 
diameter[5,2,0.06] -0 
diameter[5,2,0.08] -0 
diameter[5,2,0.1] -0 
diameter[5,2,0.15] 0 
diameter[5,2,0.2] 0 
diameter[5,2,0.25] 0 
diameter[5,2,0.3] 0 
diameter[5,2,0.35] 0 
diameter[5,2,0.4] 0 
diameter[5,2,0.45] 0 
diameter[5,2,0.5] 0 
diameter[5,2,0.6] 0 
diameter[5,6,0.05] 1 
diameter[5,6,0.06] 0 
diameter[5,6,0.08] 0 
diameter[5,6,0.1] 0 
diameter[5,6,0.15] 0 
diameter[5,6,0.2] 0 
diameter[5,6,0.25] 0 
diameter[5,6,0.3] 0 
diameter[5,6,0.35] 0 
diameter[5,6,0.4] 0 
diameter[5,6,0.45] 0 
diameter[5,6,0.5] 0 
diameter[5,6,0.6] 0 
diameter[6,7,0.05] 1 
diameter[6,7,0.06] 0 
diameter[6,7,0.08] 0 
diameter[6,7,0.1] 0 
diameter[6,7,0.15] 0 
diameter[6,7,0.2] 0 
diameter[6,7,0.25] 0 
diameter[6,7,0.3] 0 
diameter[6,7,0.35] 0 
diameter[6,7,0.4] 0 
diameter[6,7,0.45] 0 
diameter[6,7,0.5] 0 
diameter[6,7,0.6] 0 
diameter[7,15,0.05] 1 
diameter[7,15,0.06] 0 
diameter[7,15,0.08] 0 
diameter[7,15,0.1] 0 
diameter[7,15,0.15] 0 
diameter[7,15,0.2] 0 
diameter[7,15,0.25] 0 
diameter[7,15,0.3] 0 
diameter[7,15,0.35] 0 
diameter[7,15,0.4] 0 
diameter[7,15,0.45] 0 
diameter[7,15,0.5] 0 
diameter[7,15,0.6] 0 
diameter[8,3,0.05] 1 
diameter[8,3,0.06] 0 
diameter[8,3,0.08] 0 
diameter[8,3,0.1] 0 
diameter[8,3,0.15] 0 
diameter[8,3,0.2] 0 
diameter[8,3,0.25] 0 
diameter[8,3,0.3] 0 
diameter[8,3,0.35] 0 
diameter[8,3,0.4] 0 
diameter[8,3,0.45] 0 
diameter[8,3,0.5] 0 
diameter[8,3,0.6] 0 
diameter[9,4,0.05] 1 
diameter[9,4,0.06] 0 
diameter[9,4,0.08] 0 
diameter[9,4,0.1] 0 
diameter[9,4,0.15] 0 
diameter[9,4,0.2] 0 
diameter[9,4,0.25] 0 
diameter[9,4,0.3] 0 
diameter[9,4,0.35] 0 
diameter[9,4,0.4] 0 
diameter[9,4,0.45] 0 
diameter[9,4,0.5] 0 
diameter[9,4,0.6] 0 
diameter[10,5,0.05] -0 
diameter[10,5,0.06] 1 
diameter[10,5,0.08] -0 
diameter[10,5,0.1] 0 
diameter[10,5,0.15] 0 
diameter[10,5,0.2] 0 
diameter[10,5,0.25] 0 
diameter[10,5,0.3] 0 
diameter[10,5,0.35] 0 
diameter[10,5,0.4] 0 
diameter[10,5,0.45] 0 
diameter[10,5,0.5] 0 
diameter[10,5,0.6] 0 
diameter[11,10,0.05] 0 
diameter[11,10,0.06] 1 
diameter[11,10,0.08] -0 
diameter[11,10,0.1] -0 
diameter[11,10,0.15] 0 
diameter[11,10,0.2] 0 
diameter[11,10,0.25] 0 
diameter[11,10,0.3] 0 
diameter[11,10,0.35] 0 
diameter[11,10,0.4] 0 
diameter[11,10,0.45] 0 
diameter[11,10,0.5] 0 
diameter[11,10,0.6] 0 
diameter[11,16,0.05] 0 
diameter[11,16,0.06] 0 
diameter[11,16,0.08] 0 
diameter[11,16,0.1] 1 
diameter[11,16,0.15] 0 
diameter[11,16,0.2] 0 
diameter[11,16,0.25] 0 
diameter[11,16,0.3] 0 
diameter[11,16,0.35] 0 
diameter[11,16,0.4] 0 
diameter[11,16,0.45] 0 
diameter[11,16,0.5] 0 
diameter[11,16,0.6] 0 
diameter[12,8,0.05] 1 
diameter[12,8,0.06] 0 
diameter[12,8,0.08] 0 
diameter[12,8,0.1] 0 
diameter[12,8,0.15] 0 
diameter[12,8,0.2] 0 
diameter[12,8,0.25] 0 
diameter[12,8,0.3] 0 
diameter[12,8,0.35] 0 
diameter[12,8,0.4] 0 
diameter[12,8,0.45] 0 
diameter[12,8,0.5] 0 
diameter[12,8,0.6] 0 
diameter[12,17,0.05] 1 
diameter[12,17,0.06] 0 
diameter[12,17,0.08] 0 
diameter[12,17,0.1] 0 
diameter[12,17,0.15] 0 
diameter[12,17,0.2] 0 
diameter[12,17,0.25] 0 
diameter[12,17,0.3] 0 
diameter[12,17,0.35] 0 
diameter[12,17,0.4] 0 
diameter[12,17,0.45] 0 
diameter[12,17,0.5] 0 
diameter[12,17,0.6] 0 
diameter[13,12,0.05] 1 
diameter[13,12,0.06] 0 
diameter[13,12,0.08] 0 
diameter[13,12,0.1] 0 
diameter[13,12,0.15] 0 
diameter[13,12,0.2] 0 
diameter[13,12,0.25] 0 
diameter[13,12,0.3] 0 
diameter[13,12,0.35] 0 
diameter[13,12,0.4] 0 
diameter[13,12,0.45] 0 
diameter[13,12,0.5] 0 
diameter[13,12,0.6] 0 
diameter[14,11,0.05] 0 
diameter[14,11,0.06] 0 
diameter[14,11,0.08] 0 
diameter[14,11,0.1] 1 
diameter[14,11,0.15] 0 
diameter[14,11,0.2] 0 
diameter[14,11,0.25] 0 
diameter[14,11,0.3] 0 
diameter[14,11,0.35] 0 
diameter[14,11,0.4] 0 
diameter[14,11,0.45] 0 
diameter[14,11,0.5] 0 
diameter[14,11,0.6] 0 
diameter[16,20,0.05] 0 
diameter[16,20,0.06] 0 
diameter[16,20,0.08] -0 
diameter[16,20,0.1] 1 
diameter[16,20,0.15] 0 
diameter[16,20,0.2] 0 
diameter[16,20,0.25] 0 
diameter[16,20,0.3] 0 
diameter[16,20,0.35] 0 
diameter[16,20,0.4] 0 
diameter[16,20,0.45] 0 
diameter[16,20,0.5] 0 
diameter[16,20,0.6] 0 
diameter[17,23,0.05] 1 
diameter[17,23,0.06] 0 
diameter[17,23,0.08] 0 
diameter[17,23,0.1] 0 
diameter[17,23,0.15] 0 
diameter[17,23,0.2] 0 
diameter[17,23,0.25] 0 
diameter[17,23,0.3] 0 
diameter[17,23,0.35] 0 
diameter[17,23,0.4] 0 
diameter[17,23,0.45] 0 
diameter[17,23,0.5] 0 
diameter[17,23,0.6] 0 
diameter[18,13,0.05] -0 
diameter[18,13,0.06] 1 
diameter[18,13,0.08] -0 
diameter[18,13,0.1] 0 
diameter[18,13,0.15] 0 
diameter[18,13,0.2] 0 
diameter[18,13,0.25] 0 
diameter[18,13,0.3] 0 
diameter[18,13,0.35] 0 
diameter[18,13,0.4] 0 
diameter[18,13,0.45] 0 
diameter[18,13,0.5] 0 
diameter[18,13,0.6] 0 
diameter[18,21,0.05] -0 
diameter[18,21,0.06] -0 
diameter[18,21,0.08] 1 
diameter[18,21,0.1] 0 
diameter[18,21,0.15] 0 
diameter[18,21,0.2] 0 
diameter[18,21,0.25] 0 
diameter[18,21,0.3] 0 
diameter[18,21,0.35] 0 
diameter[18,21,0.4] 0 
diameter[18,21,0.45] 0 
diameter[18,21,0.5] 0 
diameter[18,21,0.6] 0 
diameter[19,18,0.05] 0 
diameter[19,18,0.06] 0 
diameter[19,18,0.08] 0 
diameter[19,18,0.1] 1 
diameter[19,18,0.15] 0 
diameter[19,18,0.2] 0 
diameter[19,18,0.25] 0 
diameter[19,18,0.3] 0 
diameter[19,18,0.35] 0 
diameter[19,18,0.4] 0 
diameter[19,18,0.45] 0 
diameter[19,18,0.5] 0 
diameter[19,18,0.6] 0 
diameter[20,19,0.05] 0 
diameter[20,19,0.06] 0 
diameter[20,19,0.08] 0 
diameter[20,19,0.1] 1 
diameter[20,19,0.15] 0 
diameter[20,19,0.2] 0 
diameter[20,19,0.25] 0 
diameter[20,19,0.3] 0 
diameter[20,19,0.35] 0 
diameter[20,19,0.4] 0 
diameter[20,19,0.45] 0 
diameter[20,19,0.5] 0 
diameter[20,19,0.6] 0 
diameter[21,24,0.05] 0 
diameter[21,24,0.06] -0 
diameter[21,24,0.08] -0 
diameter[21,24,0.1] 1 
diameter[21,24,0.15] 0 
diameter[21,24,0.2] 0 
diameter[21,24,0.25] 0 
diameter[21,24,0.3] 0 
diameter[21,24,0.35] 0 
diameter[21,24,0.4] 0 
diameter[21,24,0.45] 0 
diameter[21,24,0.5] 0 
diameter[21,24,0.6] 0 
diameter[22,14,0.05] 0 
diameter[22,14,0.06] 0 
diameter[22,14,0.08] 0 
diameter[22,14,0.1] 1 
diameter[22,14,0.15] 0 
diameter[22,14,0.2] 0 
diameter[22,14,0.25] 0 
diameter[22,14,0.3] 0 
diameter[22,14,0.35] 0 
diameter[22,14,0.4] 0 
diameter[22,14,0.45] 0 
diameter[22,14,0.5] 0 
diameter[22,14,0.6] 0 
diameter[24,25,0.05] 0 
diameter[24,25,0.06] -0 
diameter[24,25,0.08] -0 
diameter[24,25,0.1] 1 
diameter[24,25,0.15] 0 
diameter[24,25,0.2] 0 
diameter[24,25,0.25] 0 
diameter[24,25,0.3] 0 
diameter[24,25,0.35] 0 
diameter[24,25,0.4] 0 
diameter[24,25,0.45] 0 
diameter[24,25,0.5] 0 
diameter[24,25,0.6] 0 
diameter[25,28,0.05] 0 
diameter[25,28,0.06] -0 
diameter[25,28,0.08] 1 
diameter[25,28,0.1] 0 
diameter[25,28,0.15] 0 
diameter[25,28,0.2] 0 
diameter[25,28,0.25] 0 
diameter[25,28,0.3] 0 
diameter[25,28,0.35] 0 
diameter[25,28,0.4] 0 
diameter[25,28,0.45] 0 
diameter[25,28,0.5] 0 
diameter[25,28,0.6] 0 
diameter[26,22,0.05] 0 
diameter[26,22,0.06] 0 
diameter[26,22,0.08] 0 
diameter[26,22,0.1] -0 
diameter[26,22,0.15] 1 
diameter[26,22,0.2] 0 
diameter[26,22,0.25] 0 
diameter[26,22,0.3] 0 
diameter[26,22,0.35] 0 
diameter[26,22,0.4] 0 
diameter[26,22,0.45] 0 
diameter[26,22,0.5] 0 
diameter[26,22,0.6] 0 
diameter[28,33,0.05] -0 
diameter[28,33,0.06] -0 
diameter[28,33,0.08] 1 
diameter[28,33,0.1] -0 
diameter[28,33,0.15] 0 
diameter[28,33,0.2] 0 
diameter[28,33,0.25] 0 
diameter[28,33,0.3] 0 
diameter[28,33,0.35] 0 
diameter[28,33,0.4] 0 
diameter[28,33,0.45] 0 
diameter[28,33,0.5] 0 
diameter[28,33,0.6] 0 
diameter[29,26,0.05] 0 
diameter[29,26,0.06] 0 
diameter[29,26,0.08] 0 
diameter[29,26,0.1] -0 
diameter[29,26,0.15] 1 
diameter[29,26,0.2] 0 
diameter[29,26,0.25] 0 
diameter[29,26,0.3] 0 
diameter[29,26,0.35] 0 
diameter[29,26,0.4] 0 
diameter[29,26,0.45] 0 
diameter[29,26,0.5] 0 
diameter[29,26,0.6] 0 
diameter[31,29,0.05] 0 
diameter[31,29,0.06] 0 
diameter[31,29,0.08] 0 
diameter[31,29,0.1] 1 
diameter[31,29,0.15] 0 
diameter[31,29,0.2] 0 
diameter[31,29,0.25] 0 
diameter[31,29,0.3] 0 
diameter[31,29,0.35] 0 
diameter[31,29,0.4] 0 
diameter[31,29,0.45] 0 
diameter[31,29,0.5] 0 
diameter[31,29,0.6] 0 
diameter[31,30,0.05] 1 
diameter[31,30,0.06] 0 
diameter[31,30,0.08] 0 
diameter[31,30,0.1] 0 
diameter[31,30,0.15] 0 
diameter[31,30,0.2] 0 
diameter[31,30,0.25] 0 
diameter[31,30,0.3] 0 
diameter[31,30,0.35] 0 
diameter[31,30,0.4] 0 
diameter[31,30,0.45] 0 
diameter[31,30,0.5] 0 
diameter[31,30,0.6] 0 
diameter[32,27,0.05] 1 
diameter[32,27,0.06] 0 
diameter[32,27,0.08] 0 
diameter[32,27,0.1] 0 
diameter[32,27,0.15] 0 
diameter[32,27,0.2] 0 
diameter[32,27,0.25] 0 
diameter[32,27,0.3] 0 
diameter[32,27,0.35] 0 
diameter[32,27,0.4] 0 
diameter[32,27,0.45] 0 
diameter[32,27,0.5] 0 
diameter[32,27,0.6] 0 
diameter[32,34,0.05] 1 
diameter[32,34,0.06] 0 
diameter[32,34,0.08] 0 
diameter[32,34,0.1] 0 
diameter[32,34,0.15] 0 
diameter[32,34,0.2] 0 
diameter[32,34,0.25] 0 
diameter[32,34,0.3] 0 
diameter[32,34,0.35] 0 
diameter[32,34,0.4] 0 
diameter[32,34,0.45] 0 
diameter[32,34,0.5] 0 
diameter[32,34,0.6] 0 
diameter[33,32,0.05] 1 
diameter[33,32,0.06] 0 
diameter[33,32,0.08] 0 
diameter[33,32,0.1] 0 
diameter[33,32,0.15] 0 
diameter[33,32,0.2] 0 
diameter[33,32,0.25] 0 
diameter[33,32,0.3] 0 
diameter[33,32,0.35] 0 
diameter[33,32,0.4] 0 
diameter[33,32,0.45] 0 
diameter[33,32,0.5] 0 
diameter[33,32,0.6] 0 
diameter[34,38,0.05] 1 
diameter[34,38,0.06] 0 
diameter[34,38,0.08] 0 
diameter[34,38,0.1] 0 
diameter[34,38,0.15] 0 
diameter[34,38,0.2] 0 
diameter[34,38,0.25] 0 
diameter[34,38,0.3] 0 
diameter[34,38,0.35] 0 
diameter[34,38,0.4] 0 
diameter[34,38,0.45] 0 
diameter[34,38,0.5] 0 
diameter[34,38,0.6] 0 
diameter[35,31,0.05] 0 
diameter[35,31,0.06] 0 
diameter[35,31,0.08] 0 
diameter[35,31,0.1] -0 
diameter[35,31,0.15] 1 
diameter[35,31,0.2] 0 
diameter[35,31,0.25] 0 
diameter[35,31,0.3] 0 
diameter[35,31,0.35] 0 
diameter[35,31,0.4] 0 
diameter[35,31,0.45] 0 
diameter[35,31,0.5] 0 
diameter[35,31,0.6] 0 
diameter[35,37,0.05] 1 
diameter[35,37,0.06] 0 
diameter[35,37,0.08] 0 
diameter[35,37,0.1] 0 
diameter[35,37,0.15] 0 
diameter[35,37,0.2] 0 
diameter[35,37,0.25] 0 
diameter[35,37,0.3] 0 
diameter[35,37,0.35] 0 
diameter[35,37,0.4] 0 
diameter[35,37,0.45] 0 
diameter[35,37,0.5] 0 
diameter[35,37,0.6] 0 
diameter[36,35,0.05] 0 
diameter[36,35,0.06] 0 
diameter[36,35,0.08] 0 
diameter[36,35,0.1] 0 
diameter[36,35,0.15] 1 
diameter[36,35,0.2] 0 
diameter[36,35,0.25] 0 
diameter[36,35,0.3] 0 
diameter[36,35,0.35] 0 
diameter[36,35,0.4] 0 
diameter[36,35,0.45] 0 
diameter[36,35,0.5] 0 
diameter[36,35,0.6] 0 
diameter[39,36,0.05] 0 
diameter[39,36,0.06] 0 
diameter[39,36,0.08] 0 
diameter[39,36,0.1] 0 
diameter[39,36,0.15] 1 
diameter[39,36,0.2] 0 
diameter[39,36,0.25] 0 
diameter[39,36,0.3] 0 
diameter[39,36,0.35] 0 
diameter[39,36,0.4] 0 
diameter[39,36,0.45] 0 
diameter[39,36,0.5] 0 
diameter[39,36,0.6] 0 
diameter[40,39,0.05] 0 
diameter[40,39,0.06] 0 
diameter[40,39,0.08] 0 
diameter[40,39,0.1] 0 
diameter[40,39,0.15] 1 
diameter[40,39,0.2] 0 
diameter[40,39,0.25] 0 
diameter[40,39,0.3] 0 
diameter[40,39,0.35] 0 
diameter[40,39,0.4] 0 
diameter[40,39,0.45] 0 
diameter[40,39,0.5] 0 
diameter[40,39,0.6] 0 
diameter[42,41,0.05] 1 
diameter[42,41,0.06] 0 
diameter[42,41,0.08] 0 
diameter[42,41,0.1] 0 
diameter[42,41,0.15] 0 
diameter[42,41,0.2] 0 
diameter[42,41,0.25] 0 
diameter[42,41,0.3] 0 
diameter[42,41,0.35] 0 
diameter[42,41,0.4] 0 
diameter[42,41,0.45] 0 
diameter[42,41,0.5] 0 
diameter[42,41,0.6] 0 
diameter[43,42,0.05] 1 
diameter[43,42,0.06] 0 
diameter[43,42,0.08] 0 
diameter[43,42,0.1] 0 
diameter[43,42,0.15] 0 
diameter[43,42,0.2] 0 
diameter[43,42,0.25] 0 
diameter[43,42,0.3] 0 
diameter[43,42,0.35] 0 
diameter[43,42,0.4] 0 
diameter[43,42,0.45] 0 
diameter[43,42,0.5] 0 
diameter[43,42,0.6] 0 
diameter[43,44,0.05] 1 
diameter[43,44,0.06] 0 
diameter[43,44,0.08] 0 
diameter[43,44,0.1] 0 
diameter[43,44,0.15] 0 
diameter[43,44,0.2] 0 
diameter[43,44,0.25] 0 
diameter[43,44,0.3] 0 
diameter[43,44,0.35] 0 
diameter[43,44,0.4] 0 
diameter[43,44,0.45] 0 
diameter[43,44,0.5] 0 
diameter[43,44,0.6] 0 
diameter[45,43,0.05] 1 
diameter[45,43,0.06] 0 
diameter[45,43,0.08] 0 
diameter[45,43,0.1] 0 
diameter[45,43,0.15] 0 
diameter[45,43,0.2] 0 
diameter[45,43,0.25] 0 
diameter[45,43,0.3] 0 
diameter[45,43,0.35] 0 
diameter[45,43,0.4] 0 
diameter[45,43,0.45] 0 
diameter[45,43,0.5] 0 
diameter[45,43,0.6] 0 
diameter[46,40,0.05] 0 
diameter[46,40,0.06] 0 
diameter[46,40,0.08] 0 
diameter[46,40,0.1] 0 
diameter[46,40,0.15] 1 
diameter[46,40,0.2] 0 
diameter[46,40,0.25] 0 
diameter[46,40,0.3] 0 
diameter[46,40,0.35] 0 
diameter[46,40,0.4] 0 
diameter[46,40,0.45] 0 
diameter[46,40,0.5] 0 
diameter[46,40,0.6] 0 
diameter[46,45,0.05] 1 
diameter[46,45,0.06] 0 
diameter[46,45,0.08] 0 
diameter[46,45,0.1] 0 
diameter[46,45,0.15] 0 
diameter[46,45,0.2] 0 
diameter[46,45,0.25] 0 
diameter[46,45,0.3] 0 
diameter[46,45,0.35] 0 
diameter[46,45,0.4] 0 
diameter[46,45,0.45] 0 
diameter[46,45,0.5] 0 
diameter[46,45,0.6] 0 
diameter[47,46,0.05] 0 
diameter[47,46,0.06] 0 
diameter[47,46,0.08] 0 
diameter[47,46,0.1] 0 
diameter[47,46,0.15] 1 
diameter[47,46,0.2] 0 
diameter[47,46,0.25] 0 
diameter[47,46,0.3] 0 
diameter[47,46,0.35] 0 
diameter[47,46,0.4] 0 
diameter[47,46,0.45] 0 
diameter[47,46,0.5] 0 
diameter[47,46,0.6] 0 
diameter[48,47,0.05] 0 
diameter[48,47,0.06] 0 
diameter[48,47,0.08] 0 
diameter[48,47,0.1] 0 
diameter[48,47,0.15] 1 
diameter[48,47,0.2] 0 
diameter[48,47,0.25] 0 
diameter[48,47,0.3] 0 
diameter[48,47,0.35] 0 
diameter[48,47,0.4] 0 
diameter[48,47,0.45] 0 
diameter[48,47,0.5] 0 
diameter[48,47,0.6] 0 
diameter[49,48,0.05] 0 
diameter[49,48,0.06] 0 
diameter[49,48,0.08] 0 
diameter[49,48,0.1] 0 
diameter[49,48,0.15] 1 
diameter[49,48,0.2] 0 
diameter[49,48,0.25] 0 
diameter[49,48,0.3] 0 
diameter[49,48,0.35] 0 
diameter[49,48,0.4] 0 
diameter[49,48,0.45] 0 
diameter[49,48,0.5] 0 
diameter[49,48,0.6] 0 
diameter[51,50,0.05] 1 
diameter[51,50,0.06] 0 
diameter[51,50,0.08] 0 
diameter[51,50,0.1] 0 
diameter[51,50,0.15] 0 
diameter[51,50,0.2] 0 
diameter[51,50,0.25] 0 
diameter[51,50,0.3] 0 
diameter[51,50,0.35] 0 
diameter[51,50,0.4] 0 
diameter[51,50,0.45] 0 
diameter[51,50,0.5] 0 
diameter[51,50,0.6] 0 
diameter[51,52,0.05] 0 
diameter[51,52,0.06] 0 
diameter[51,52,0.08] 0 
diameter[51,52,0.1] 0 
diameter[51,52,0.15] 1 
diameter[51,52,0.2] 0 
diameter[51,52,0.25] 0 
diameter[51,52,0.3] 0 
diameter[51,52,0.35] 0 
diameter[51,52,0.4] 0 
diameter[51,52,0.45] 0 
diameter[51,52,0.5] 0 
diameter[51,52,0.6] 0 
diameter[52,49,0.05] 0 
diameter[52,49,0.06] 0 
diameter[52,49,0.08] 0 
diameter[52,49,0.1] 0 
diameter[52,49,0.15] 1 
diameter[52,49,0.2] 0 
diameter[52,49,0.25] 0 
diameter[52,49,0.3] 0 
diameter[52,49,0.35] 0 
diameter[52,49,0.4] 0 
diameter[52,49,0.45] 0 
diameter[52,49,0.5] 0 
diameter[52,49,0.6] 0 
diameter[53,51,0.05] 0 
diameter[53,51,0.06] 0 
diameter[53,51,0.08] 0 
diameter[53,51,0.1] 0 
diameter[53,51,0.15] 1 
diameter[53,51,0.2] 0 
diameter[53,51,0.25] 0 
diameter[53,51,0.3] 0 
diameter[53,51,0.35] 0 
diameter[53,51,0.4] 0 
diameter[53,51,0.45] 0 
diameter[53,51,0.5] 0 
diameter[53,51,0.6] 0 
diameter[54,53,0.05] 0 
diameter[54,53,0.06] 0 
diameter[54,53,0.08] 0 
diameter[54,53,0.1] 0 
diameter[54,53,0.15] 1 
diameter[54,53,0.2] 0 
diameter[54,53,0.25] 0 
diameter[54,53,0.3] 0 
diameter[54,53,0.35] 0 
diameter[54,53,0.4] 0 
diameter[54,53,0.45] 0 
diameter[54,53,0.5] 0 
diameter[54,53,0.6] 0 
diameter[55,54,0.05] 0 
diameter[55,54,0.06] 0 
diameter[55,54,0.08] 0 
diameter[55,54,0.1] 0 
diameter[55,54,0.15] 1 
diameter[55,54,0.2] 0 
diameter[55,54,0.25] 0 
diameter[55,54,0.3] 0 
diameter[55,54,0.35] 0 
diameter[55,54,0.4] 0 
diameter[55,54,0.45] 0 
diameter[55,54,0.5] 0 
diameter[55,54,0.6] 0 
diameter[56,55,0.05] 0 
diameter[56,55,0.06] 0 
diameter[56,55,0.08] 0 
diameter[56,55,0.1] 0 
diameter[56,55,0.15] 1 
diameter[56,55,0.2] 0 
diameter[56,55,0.25] 0 
diameter[56,55,0.3] 0 
diameter[56,55,0.35] 0 
diameter[56,55,0.4] 0 
diameter[56,55,0.45] 0 
diameter[56,55,0.5] 0 
diameter[56,55,0.6] 0 
diameter[57,58,0.05] 0 
diameter[57,58,0.06] 0 
diameter[57,58,0.08] 0 
diameter[57,58,0.1] 0 
diameter[57,58,0.15] 1 
diameter[57,58,0.2] 0 
diameter[57,58,0.25] 0 
diameter[57,58,0.3] 0 
diameter[57,58,0.35] 0 
diameter[57,58,0.4] 0 
diameter[57,58,0.45] 0 
diameter[57,58,0.5] 0 
diameter[57,58,0.6] 0 
diameter[58,56,0.05] 0 
diameter[58,56,0.06] 0 
diameter[58,56,0.08] 0 
diameter[58,56,0.1] 0 
diameter[58,56,0.15] 1 
diameter[58,56,0.2] 0 
diameter[58,56,0.25] 0 
diameter[58,56,0.3] 0 
diameter[58,56,0.35] 0 
diameter[58,56,0.4] 0 
diameter[58,56,0.45] 0 
diameter[58,56,0.5] 0 
diameter[58,56,0.6] 0 
diameter[59,57,0.05] 0 
diameter[59,57,0.06] 0 
diameter[59,57,0.08] 0 
diameter[59,57,0.1] 0 
diameter[59,57,0.15] 1 
diameter[59,57,0.2] 0 
diameter[59,57,0.25] 0 
diameter[59,57,0.3] 0 
diameter[59,57,0.35] 0 
diameter[59,57,0.4] 0 
diameter[59,57,0.45] 0 
diameter[59,57,0.5] 0 
diameter[59,57,0.6] 0 
diameter[60,59,0.05] 0 
diameter[60,59,0.06] 0 
diameter[60,59,0.08] 0 
diameter[60,59,0.1] 0 
diameter[60,59,0.15] 1 
diameter[60,59,0.2] 0 
diameter[60,59,0.25] 0 
diameter[60,59,0.3] 0 
diameter[60,59,0.35] 0 
diameter[60,59,0.4] 0 
diameter[60,59,0.45] 0 
diameter[60,59,0.5] 0 
diameter[60,59,0.6] 0 
diameter[62,60,0.05] 0 
diameter[62,60,0.06] 0 
diameter[62,60,0.08] 0 
diameter[62,60,0.1] 0 
diameter[62,60,0.15] 1 
diameter[62,60,0.2] 0 
diameter[62,60,0.25] 0 
diameter[62,60,0.3] 0 
diameter[62,60,0.35] 0 
diameter[62,60,0.4] 0 
diameter[62,60,0.45] 0 
diameter[62,60,0.5] 0 
diameter[62,60,0.6] 0 
diameter[63,62,0.05] 0 
diameter[63,62,0.06] 0 
diameter[63,62,0.08] 0 
diameter[63,62,0.1] 0 
diameter[63,62,0.15] 1 
diameter[63,62,0.2] 0 
diameter[63,62,0.25] 0 
diameter[63,62,0.3] 0 
diameter[63,62,0.35] 0 
diameter[63,62,0.4] 0 
diameter[63,62,0.45] 0 
diameter[63,62,0.5] 0 
diameter[63,62,0.6] 0 
diameter[64,61,0.05] 1 
diameter[64,61,0.06] 0 
diameter[64,61,0.08] 0 
diameter[64,61,0.1] 0 
diameter[64,61,0.15] 0 
diameter[64,61,0.2] 0 
diameter[64,61,0.25] 0 
diameter[64,61,0.3] 0 
diameter[64,61,0.35] 0 
diameter[64,61,0.4] 0 
diameter[64,61,0.45] 0 
diameter[64,61,0.5] 0 
diameter[64,61,0.6] 0 
diameter[64,66,0.05] 1 
diameter[64,66,0.06] 0 
diameter[64,66,0.08] 0 
diameter[64,66,0.1] 0 
diameter[64,66,0.15] 0 
diameter[64,66,0.2] 0 
diameter[64,66,0.25] 0 
diameter[64,66,0.3] 0 
diameter[64,66,0.35] 0 
diameter[64,66,0.4] 0 
diameter[64,66,0.45] 0 
diameter[64,66,0.5] 0 
diameter[64,66,0.6] 0 
diameter[65,63,0.05] 0 
diameter[65,63,0.06] 0 
diameter[65,63,0.08] 0 
diameter[65,63,0.1] 0 
diameter[65,63,0.15] 1 
diameter[65,63,0.2] 0 
diameter[65,63,0.25] 0 
diameter[65,63,0.3] 0 
diameter[65,63,0.35] 0 
diameter[65,63,0.4] 0 
diameter[65,63,0.45] 0 
diameter[65,63,0.5] 0 
diameter[65,63,0.6] 0 
diameter[67,68,0.05] 0 
diameter[67,68,0.06] 0 
diameter[67,68,0.08] 0 
diameter[67,68,0.1] 0 
diameter[67,68,0.15] 1 
diameter[67,68,0.2] 0 
diameter[67,68,0.25] 0 
diameter[67,68,0.3] 0 
diameter[67,68,0.35] 0 
diameter[67,68,0.4] 0 
diameter[67,68,0.45] 0 
diameter[67,68,0.5] 0 
diameter[67,68,0.6] 0 
diameter[68,65,0.05] 0 
diameter[68,65,0.06] 0 
diameter[68,65,0.08] 0 
diameter[68,65,0.1] 0 
diameter[68,65,0.15] 1 
diameter[68,65,0.2] 0 
diameter[68,65,0.25] 0 
diameter[68,65,0.3] 0 
diameter[68,65,0.35] 0 
diameter[68,65,0.4] 0 
diameter[68,65,0.45] 0 
diameter[68,65,0.5] 0 
diameter[68,65,0.6] 0 
diameter[69,74,0.05] 1 
diameter[69,74,0.06] 0 
diameter[69,74,0.08] 0 
diameter[69,74,0.1] 0 
diameter[69,74,0.15] 0 
diameter[69,74,0.2] 0 
diameter[69,74,0.25] 0 
diameter[69,74,0.3] 0 
diameter[69,74,0.35] 0 
diameter[69,74,0.4] 0 
diameter[69,74,0.45] 0 
diameter[69,74,0.5] 0 
diameter[69,74,0.6] 0 
diameter[70,64,0.05] 1 
diameter[70,64,0.06] 0 
diameter[70,64,0.08] 0 
diameter[70,64,0.1] 0 
diameter[70,64,0.15] 0 
diameter[70,64,0.2] 0 
diameter[70,64,0.25] 0 
diameter[70,64,0.3] 0 
diameter[70,64,0.35] 0 
diameter[70,64,0.4] 0 
diameter[70,64,0.45] 0 
diameter[70,64,0.5] 0 
diameter[70,64,0.6] 0 
diameter[71,70,0.05] 1 
diameter[71,70,0.06] 0 
diameter[71,70,0.08] 0 
diameter[71,70,0.1] 0 
diameter[71,70,0.15] 0 
diameter[71,70,0.2] 0 
diameter[71,70,0.25] 0 
diameter[71,70,0.3] 0 
diameter[71,70,0.35] 0 
diameter[71,70,0.4] 0 
diameter[71,70,0.45] 0 
diameter[71,70,0.5] 0 
diameter[71,70,0.6] 0 
diameter[72,67,0.05] 0 
diameter[72,67,0.06] 0 
diameter[72,67,0.08] 0 
diameter[72,67,0.1] 0 
diameter[72,67,0.15] 1 
diameter[72,67,0.2] 0 
diameter[72,67,0.25] 0 
diameter[72,67,0.3] 0 
diameter[72,67,0.35] 0 
diameter[72,67,0.4] 0 
diameter[72,67,0.45] 0 
diameter[72,67,0.5] 0 
diameter[72,67,0.6] 0 
diameter[72,71,0.05] 1 
diameter[72,71,0.06] 0 
diameter[72,71,0.08] 0 
diameter[72,71,0.1] 0 
diameter[72,71,0.15] 0 
diameter[72,71,0.2] 0 
diameter[72,71,0.25] 0 
diameter[72,71,0.3] 0 
diameter[72,71,0.35] 0 
diameter[72,71,0.4] 0 
diameter[72,71,0.45] 0 
diameter[72,71,0.5] 0 
diameter[72,71,0.6] 0 
diameter[72,73,0.05] 1 
diameter[72,73,0.06] 0 
diameter[72,73,0.08] 0 
diameter[72,73,0.1] 0 
diameter[72,73,0.15] 0 
diameter[72,73,0.2] 0 
diameter[72,73,0.25] 0 
diameter[72,73,0.3] 0 
diameter[72,73,0.35] 0 
diameter[72,73,0.4] 0 
diameter[72,73,0.45] 0 
diameter[72,73,0.5] 0 
diameter[72,73,0.6] 0 
diameter[73,69,0.05] 1 
diameter[73,69,0.06] 0 
diameter[73,69,0.08] 0 
diameter[73,69,0.1] 0 
diameter[73,69,0.15] 0 
diameter[73,69,0.2] 0 
diameter[73,69,0.25] 0 
diameter[73,69,0.3] 0 
diameter[73,69,0.35] 0 
diameter[73,69,0.4] 0 
diameter[73,69,0.45] 0 
diameter[73,69,0.5] 0 
diameter[73,69,0.6] 0 
diameter[76,75,0.05] 1 
diameter[76,75,0.06] 0 
diameter[76,75,0.08] 0 
diameter[76,75,0.1] 0 
diameter[76,75,0.15] 0 
diameter[76,75,0.2] 0 
diameter[76,75,0.25] 0 
diameter[76,75,0.3] 0 
diameter[76,75,0.35] 0 
diameter[76,75,0.4] 0 
diameter[76,75,0.45] 0 
diameter[76,75,0.5] 0 
diameter[76,75,0.6] 0 
diameter[77,72,0.05] 0 
diameter[77,72,0.06] 0 
diameter[77,72,0.08] 0 
diameter[77,72,0.1] 0 
diameter[77,72,0.15] 1 
diameter[77,72,0.2] 0 
diameter[77,72,0.25] 0 
diameter[77,72,0.3] 0 
diameter[77,72,0.35] 0 
diameter[77,72,0.4] 0 
diameter[77,72,0.45] 0 
diameter[77,72,0.5] 0 
diameter[77,72,0.6] 0 
diameter[78,79,0.05] 0 
diameter[78,79,0.06] 0 
diameter[78,79,0.08] 0 
diameter[78,79,0.1] 0 
diameter[78,79,0.15] 1 
diameter[78,79,0.2] 0 
diameter[78,79,0.25] 0 
diameter[78,79,0.3] 0 
diameter[78,79,0.35] 0 
diameter[78,79,0.4] 0 
diameter[78,79,0.45] 0 
diameter[78,79,0.5] 0 
diameter[78,79,0.6] 0 
diameter[79,77,0.05] 0 
diameter[79,77,0.06] 0 
diameter[79,77,0.08] 0 
diameter[79,77,0.1] 0 
diameter[79,77,0.15] 1 
diameter[79,77,0.2] 0 
diameter[79,77,0.25] 0 
diameter[79,77,0.3] 0 
diameter[79,77,0.35] 0 
diameter[79,77,0.4] 0 
diameter[79,77,0.45] 0 
diameter[79,77,0.5] 0 
diameter[79,77,0.6] 0 
diameter[80,84,0.05] 1 
diameter[80,84,0.06] 0 
diameter[80,84,0.08] 0 
diameter[80,84,0.1] 0 
diameter[80,84,0.15] 0 
diameter[80,84,0.2] 0 
diameter[80,84,0.25] 0 
diameter[80,84,0.3] 0 
diameter[80,84,0.35] 0 
diameter[80,84,0.4] 0 
diameter[80,84,0.45] 0 
diameter[80,84,0.5] 0 
diameter[80,84,0.6] 0 
diameter[81,78,0.05] 0 
diameter[81,78,0.06] 0 
diameter[81,78,0.08] 0 
diameter[81,78,0.1] 0 
diameter[81,78,0.15] 1 
diameter[81,78,0.2] 0 
diameter[81,78,0.25] 0 
diameter[81,78,0.3] 0 
diameter[81,78,0.35] 0 
diameter[81,78,0.4] 0 
diameter[81,78,0.45] 0 
diameter[81,78,0.5] 0 
diameter[81,78,0.6] 0 
diameter[81,86,0.05] 1 
diameter[81,86,0.06] 0 
diameter[81,86,0.08] 0 
diameter[81,86,0.1] 0 
diameter[81,86,0.15] 0 
diameter[81,86,0.2] 0 
diameter[81,86,0.25] 0 
diameter[81,86,0.3] 0 
diameter[81,86,0.35] 0 
diameter[81,86,0.4] 0 
diameter[81,86,0.45] 0 
diameter[81,86,0.5] 0 
diameter[81,86,0.6] 0 
diameter[82,81,0.05] 0 
diameter[82,81,0.06] 0 
diameter[82,81,0.08] 0 
diameter[82,81,0.1] 0 
diameter[82,81,0.15] 1 
diameter[82,81,0.2] 0 
diameter[82,81,0.25] 0 
diameter[82,81,0.3] 0 
diameter[82,81,0.35] 0 
diameter[82,81,0.4] 0 
diameter[82,81,0.45] 0 
diameter[82,81,0.5] 0 
diameter[82,81,0.6] 0 
diameter[83,82,0.05] 0 
diameter[83,82,0.06] 0 
diameter[83,82,0.08] 0 
diameter[83,82,0.1] 0 
diameter[83,82,0.15] 1 
diameter[83,82,0.2] 0 
diameter[83,82,0.25] 0 
diameter[83,82,0.3] 0 
diameter[83,82,0.35] 0 
diameter[83,82,0.4] 0 
diameter[83,82,0.45] 0 
diameter[83,82,0.5] 0 
diameter[83,82,0.6] 0 
diameter[84,76,0.05] 1 
diameter[84,76,0.06] 0 
diameter[84,76,0.08] 0 
diameter[84,76,0.1] 0 
diameter[84,76,0.15] 0 
diameter[84,76,0.2] 0 
diameter[84,76,0.25] 0 
diameter[84,76,0.3] 0 
diameter[84,76,0.35] 0 
diameter[84,76,0.4] 0 
diameter[84,76,0.45] 0 
diameter[84,76,0.5] 0 
diameter[84,76,0.6] 0 
diameter[85,83,0.05] 0 
diameter[85,83,0.06] 0 
diameter[85,83,0.08] 0 
diameter[85,83,0.1] 0 
diameter[85,83,0.15] 1 
diameter[85,83,0.2] 0 
diameter[85,83,0.25] 0 
diameter[85,83,0.3] 0 
diameter[85,83,0.35] 0 
diameter[85,83,0.4] 0 
diameter[85,83,0.45] 0 
diameter[85,83,0.5] 0 
diameter[85,83,0.6] 0 
diameter[86,80,0.05] 1 
diameter[86,80,0.06] 0 
diameter[86,80,0.08] 0 
diameter[86,80,0.1] 0 
diameter[86,80,0.15] 0 
diameter[86,80,0.2] 0 
diameter[86,80,0.25] 0 
diameter[86,80,0.3] 0 
diameter[86,80,0.35] 0 
diameter[86,80,0.4] 0 
diameter[86,80,0.45] 0 
diameter[86,80,0.5] 0 
diameter[86,80,0.6] 0 
hydro loss[1,9] 0.161999 
hydro loss[2,1] 0.378297 
hydro loss[3,0] 0.194773 
hydro loss[5,2] 0.466352 
hydro loss[5,6] 0.252198 
hydro loss[6,7] 0.243281 
hydro loss[7,15] 0.0714898 
hydro loss[8,3] 0.204848 
hydro loss[9,4] 0.0431419 
hydro loss[10,5] 1.02967 
hydro loss[11,10] 0.66996 
hydro loss[11,16] 0.498077 
hydro loss[12,8] 0.44397 
hydro loss[12,17] 0.192009 
hydro loss[13,12] 0.910437 
hydro loss[14,11] 1.25341 
hydro loss[16,20] 0.344361 
hydro loss[17,23] 0.0448746 
hydro loss[18,13] 0.678389 
hydro loss[18,21] 0.0825112 
hydro loss[19,18] 0.214175 
hydro loss[20,19] 0.23809 
hydro loss[21,24] 0.0671289 
hydro loss[22,14] 1.27838 
hydro loss[24,25] 0.0406204 
hydro loss[25,28] 0.155758 
hydro loss[26,22] 0.261097 
hydro loss[28,33] 0.083343 
hydro loss[29,26] 0.128542 
hydro loss[31,29] 0.652527 
hydro loss[31,30] 0.0494544 
hydro loss[32,27] 0.0448746 
hydro loss[32,34] 0.155742 
hydro loss[33,32] 0.429664 
hydro loss[34,38] 0.112513 
hydro loss[35,31] 0.307869 
hydro loss[35,37] 0.0531886 
hydro loss[36,35] 0.269519 
hydro loss[39,36] 0.299999 
hydro loss[40,39] 0.499113 
hydro loss[42,41] 0.0164848 
hydro loss[43,42] 0.116752 
hydro loss[43,44] 0.0323413 
hydro loss[45,43] 0.421476 
hydro loss[46,40] 0.512385 
hydro loss[46,45] 1.29908 
hydro loss[47,46] 0.912545 
hydro loss[48,47] 0.44118 
hydro loss[49,48] 7.76655 
hydro loss[51,50] 0.0556499 
hydro loss[51,52] 1.1728 
hydro loss[52,49] 1.39175 
hydro loss[53,51] 0.958536 
hydro loss[54,53] 1.22338 
hydro loss[55,54] 2.12605 
hydro loss[56,55] 0.475999 
hydro loss[57,58] 0.288543 
hydro loss[58,56] 0.589506 
hydro loss[59,57] 1.06242 
hydro loss[60,59] 0.602777 
hydro loss[62,60] 0.343841 
hydro loss[63,62] 0.652953 
hydro loss[64,61] 0.0769794 
hydro loss[64,66] 0.051374 
hydro loss[65,63] 0.729206 
hydro loss[67,68] 0.712669 
hydro loss[68,65] 0.539533 
hydro loss[69,74] 0.0834757 
hydro loss[70,64] 0.897355 
hydro loss[71,70] 0.429664 
hydro loss[72,67] 0.773392 
hydro loss[72,71] 1.29908 
hydro loss[72,73] 0.378297 
hydro loss[73,69] 0.243281 
hydro loss[76,75] 0.0494544 
hydro loss[77,72] 1.19869 
hydro loss[78,79] 0.487667 
hydro loss[79,77] 0.972964 
hydro loss[80,84] 0.392982 
hydro loss[81,78] 1.08299 
hydro loss[81,86] 0.849946 
hydro loss[82,81] 1.14588 
hydro loss[83,82] 0.878451 
hydro loss[84,76] 0.356567 
hydro loss[85,83] 1.22327 
hydro loss[86,80] 0.421478 
PUMP[1,9] 0 
PUMP[2,1] 0 
PUMP[3,0] 0 
PUMP[5,2] 0 
PUMP[5,6] 0 
PUMP[6,7] 0 
PUMP[7,15] 0 
PUMP[8,3] 0 
PUMP[9,4] 0 
PUMP[10,5] 0 
PUMP[11,10] 0 
PUMP[11,16] 0 
PUMP[12,8] 0 
PUMP[12,17] 0 
PUMP[13,12] 0 
PUMP[14,11] 0 
PUMP[16,20] 0 
PUMP[17,23] 0 
PUMP[18,13] 0 
PUMP[18,21] 0 
PUMP[19,18] 0 
PUMP[20,19] 0 
PUMP[21,24] 0 
PUMP[22,14] 0 
PUMP[24,25] 0 
PUMP[25,28] 0 
PUMP[26,22] 0 
PUMP[28,33] 0 
PUMP[29,26] 0 
PUMP[31,29] 0 
PUMP[31,30] 0 
PUMP[32,27] 0 
PUMP[32,34] 0 
PUMP[33,32] 0 
PUMP[34,38] 0 
PUMP[35,31] 0 
PUMP[35,37] 0 
PUMP[36,35] 0 
PUMP[39,36] 0 
PUMP[40,39] 0 
PUMP[42,41] 0 
PUMP[43,42] 0 
PUMP[43,44] 0 
PUMP[45,43] 0 
PUMP[46,40] 0 
PUMP[46,45] 0 
PUMP[47,46] 0 
PUMP[48,47] 0 
PUMP[49,48] 0 
PUMP[51,50] 0 
PUMP[51,52] 0 
PUMP[52,49] 0 
PUMP[53,51] 0 
PUMP[54,53] 0 
PUMP[55,54] 0 
PUMP[56,55] 0 
PUMP[57,58] 0 
PUMP[58,56] 0 
PUMP[59,57] 0 
PUMP[60,59] 0 
PUMP[62,60] 0 
PUMP[63,62] 0 
PUMP[64,61] 0 
PUMP[64,66] 0 
PUMP[65,63] 0 
PUMP[67,68] 0 
PUMP[68,65] 0 
PUMP[69,74] 0 
PUMP[70,64] 0 
PUMP[71,70] 0 
PUMP[72,67] 0 
PUMP[72,71] 0 
PUMP[72,73] 0 
PUMP[73,69] 0 
PUMP[76,75] 0 
PUMP[77,72] 0 
PUMP[78,79] 0 
PUMP[79,77] 0 
PUMP[80,84] 0 
PUMP[81,78] 0 
PUMP[81,86] 0 
PUMP[82,81] 0 
PUMP[83,82] 0 
PUMP[84,76] 0 
PUMP[85,83] 0 
PUMP[86,80] 0 
PRESSURE BY PUMP[1,9] 0 
PRESSURE BY PUMP[2,1] 0 
PRESSURE BY PUMP[3,0] 0 
PRESSURE BY PUMP[5,2] 0 
PRESSURE BY PUMP[5,6] 0 
PRESSURE BY PUMP[6,7] 0 
PRESSURE BY PUMP[7,15] 0 
PRESSURE BY PUMP[8,3] 0 
PRESSURE BY PUMP[9,4] 0 
PRESSURE BY PUMP[10,5] 0 
PRESSURE BY PUMP[11,10] 0 
PRESSURE BY PUMP[11,16] 0 
PRESSURE BY PUMP[12,8] 0 
PRESSURE BY PUMP[12,17] 0 
PRESSURE BY PUMP[13,12] 0 
PRESSURE BY PUMP[14,11] 0 
PRESSURE BY PUMP[16,20] 0 
PRESSURE BY PUMP[17,23] 0 
PRESSURE BY PUMP[18,13] 0 
PRESSURE BY PUMP[18,21] 0 
PRESSURE BY PUMP[19,18] 0 
PRESSURE BY PUMP[20,19] 0 
PRESSURE BY PUMP[21,24] 0 
PRESSURE BY PUMP[22,14] 0 
PRESSURE BY PUMP[24,25] 0 
PRESSURE BY PUMP[25,28] 0 
PRESSURE BY PUMP[26,22] 0 
PRESSURE BY PUMP[28,33] 0 
PRESSURE BY PUMP[29,26] 0 
PRESSURE BY PUMP[31,29] 0 
PRESSURE BY PUMP[31,30] 0 
PRESSURE BY PUMP[32,27] 0 
PRESSURE BY PUMP[32,34] 0 
PRESSURE BY PUMP[33,32] 0 
PRESSURE BY PUMP[34,38] 0 
PRESSURE BY PUMP[35,31] 0 
PRESSURE BY PUMP[35,37] 0 
PRESSURE BY PUMP[36,35] 0 
PRESSURE BY PUMP[39,36] 0 
PRESSURE BY PUMP[40,39] 0 
PRESSURE BY PUMP[42,41] 0 
PRESSURE BY PUMP[43,42] 0 
PRESSURE BY PUMP[43,44] 0 
PRESSURE BY PUMP[45,43] 0 
PRESSURE BY PUMP[46,40] 0 
PRESSURE BY PUMP[46,45] 0 
PRESSURE BY PUMP[47,46] 0 
PRESSURE BY PUMP[48,47] 0 
PRESSURE BY PUMP[49,48] 0 
PRESSURE BY PUMP[51,50] 0 
PRESSURE BY PUMP[51,52] 0 
PRESSURE BY PUMP[52,49] 0 
PRESSURE BY PUMP[53,51] 0 
PRESSURE BY PUMP[54,53] 0 
PRESSURE BY PUMP[55,54] 0 
PRESSURE BY PUMP[56,55] 0 
PRESSURE BY PUMP[57,58] 0 
PRESSURE BY PUMP[58,56] 0 
PRESSURE BY PUMP[59,57] 0 
PRESSURE BY PUMP[60,59] 0 
PRESSURE BY PUMP[62,60] 0 
PRESSURE BY PUMP[63,62] 0 
PRESSURE BY PUMP[64,61] 0 
PRESSURE BY PUMP[64,66] 0 
PRESSURE BY PUMP[65,63] 0 
PRESSURE BY PUMP[67,68] 0 
PRESSURE BY PUMP[68,65] 0 
PRESSURE BY PUMP[69,74] 0 
PRESSURE BY PUMP[70,64] 0 
PRESSURE BY PUMP[71,70] 0 
PRESSURE BY PUMP[72,67] 0 
PRESSURE BY PUMP[72,71] 0 
PRESSURE BY PUMP[72,73] 0 
PRESSURE BY PUMP[73,69] 0 
PRESSURE BY PUMP[76,75] 0 
PRESSURE BY PUMP[77,72] 0 
PRESSURE BY PUMP[78,79] 0 
PRESSURE BY PUMP[79,77] 0 
PRESSURE BY PUMP[80,84] 0 
PRESSURE BY PUMP[81,78] 0 
PRESSURE BY PUMP[81,86] 0 
PRESSURE BY PUMP[82,81] 0 
PRESSURE BY PUMP[83,82] 0 
PRESSURE BY PUMP[84,76] 0 
PRESSURE BY PUMP[85,83] 0 
PRESSURE BY PUMP[86,80] 0 
In Node Elevation[0] 47.6821 
In Node Elevation[1] 51.3178 
In Node Elevation[2] 50.3753 
In Node Elevation[3] 50.3297 
In Node Elevation[4] 51.1127 
In Node Elevation[5] 49.5698 
In Node Elevation[6] 49.0771 
In Node Elevation[7] 47.4463 
In Node Elevation[8] 49.9123 
In Node Elevation[9] 50.8926 
In Node Elevation[10] 50.7591 
In Node Elevation[11] 53.8621 
In Node Elevation[12] 50.9786 
In Node Elevation[13] 51.889 
In Node Elevation[14] 55.1155 
In Node Elevation[15] 51.5955 
In Node Elevation[16] 51.7892 
In Node Elevation[17] 48.7108 
In Node Elevation[18] 51.6658 
In Node Elevation[19] 52.2216 
In Node Elevation[20] 52.2216 
In Node Elevation[21] 52.4849 
In Node Elevation[22] 56.3939 
In Node Elevation[23] 50.7417 
In Node Elevation[24] 52.4177 
In Node Elevation[25] 52.3771 
In Node Elevation[26] 53.0274 
In Node Elevation[27] 49.5974 
In Node Elevation[28] 51.7742 
In Node Elevation[29] 56.7835 
In Node Elevation[30] 53.6353 
In Node Elevation[31] 57.436 
In Node Elevation[32] 51.7084 
In Node Elevation[33] 52.138 
In Node Elevation[34] 51.5526 
In Node Elevation[35] 55.2274 
In Node Elevation[36] 58.0134 
In Node Elevation[37] 57.6907 
In Node Elevation[38] 51.4401 
In Node Elevation[39] 58.3134 
In Node Elevation[40] 52.7493 
In Node Elevation[41] 53.6205 
In Node Elevation[42] 57.4876 
In Node Elevation[43] 57.6044 
In Node Elevation[44] 57.572 
In Node Elevation[45] 55.6968 
In Node Elevation[46] 55.0936 
In Node Elevation[47] 58.8208 
In Node Elevation[48] 60.6786 
In Node Elevation[49] 58.2005 
In Node Elevation[50] 58.5858 
In Node Elevation[51] 71.0098 
In Node Elevation[52] 69.837 
In Node Elevation[53] 58.1862 
In Node Elevation[54] 73.1917 
In Node Elevation[55] 56.1838 
In Node Elevation[56] 56.3854 
In Node Elevation[57] 56.044 
In Node Elevation[58] 76.3832 
In Node Elevation[59] 77.7342 
In Node Elevation[60] 78.337 
In Node Elevation[61] 54.7717 
In Node Elevation[62] 78.6808 
In Node Elevation[63] 79.3338 
In Node Elevation[64] 79.4625 
In Node Elevation[65] 80.063 
In Node Elevation[66] 54.7973 
In Node Elevation[67] 80.8759 
In Node Elevation[68] 80.6025 
In Node Elevation[69] 81.467 
In Node Elevation[70] 80.3598 
In Node Elevation[71] 80.7895 
In Node Elevation[72] 82.0886 
In Node Elevation[73] 81.7103 
In Node Elevation[74] 58.3147 
In Node Elevation[75] 82.5986 
In Node Elevation[76] 82.2688 
In Node Elevation[77] 83.2872 
In Node Elevation[78] 60.1341 
In Node Elevation[79] 84.2602 
In Node Elevation[80] 84.5594 
In Node Elevation[81] 85.2515 
In Node Elevation[82] 85.9871 
In Node Elevation[83] 87.8552 
In Node Elevation[84] 84.1665 
In Node Elevation[85] 89.0785 
In Node Elevation[86] 84.9809 
HEAD PRESSURE[0] 34.0991 
HEAD PRESSURE[1] 31.6462 
HEAD PRESSURE[2] 32.967 
HEAD PRESSURE[3] 31.6462 
HEAD PRESSURE[4] 31.6462 
HEAD PRESSURE[5] 34.2389 
HEAD PRESSURE[6] 34.4794 
HEAD PRESSURE[7] 35.8669 
HEAD PRESSURE[8] 32.2685 
HEAD PRESSURE[9] 31.9094 
HEAD PRESSURE[10] 34.0792 
HEAD PRESSURE[11] 31.6462 
HEAD PRESSURE[12] 31.6462 
HEAD PRESSURE[13] 31.6462 
HEAD PRESSURE[14] 31.6462 
HEAD PRESSURE[15] 31.6462 
HEAD PRESSURE[16] 33.221 
HEAD PRESSURE[17] 33.722 
HEAD PRESSURE[18] 32.5478 
HEAD PRESSURE[19] 32.2062 
HEAD PRESSURE[20] 32.4443 
HEAD PRESSURE[21] 31.6462 
HEAD PRESSURE[22] 31.6462 
HEAD PRESSURE[23] 31.6462 
HEAD PRESSURE[24] 31.6462 
HEAD PRESSURE[25] 31.6462 
HEAD PRESSURE[26] 35.2738 
HEAD PRESSURE[27] 33.7123 
HEAD PRESSURE[28] 32.0934 
HEAD PRESSURE[29] 31.6462 
HEAD PRESSURE[30] 35.3976 
HEAD PRESSURE[31] 31.6462 
HEAD PRESSURE[32] 31.6462 
HEAD PRESSURE[33] 31.6462 
HEAD PRESSURE[34] 31.6462 
HEAD PRESSURE[35] 34.1628 
HEAD PRESSURE[36] 31.6462 
HEAD PRESSURE[37] 31.6462 
HEAD PRESSURE[38] 31.6462 
HEAD PRESSURE[39] 31.6462 
HEAD PRESSURE[40] 37.7095 
HEAD PRESSURE[41] 35.4969 
HEAD PRESSURE[42] 31.6462 
HEAD PRESSURE[43] 31.6462 
HEAD PRESSURE[44] 31.6462 
HEAD PRESSURE[45] 33.9753 
HEAD PRESSURE[46] 35.8776 
HEAD PRESSURE[47] 33.0629 
HEAD PRESSURE[48] 31.6462 
HEAD PRESSURE[49] 41.891 
HEAD PRESSURE[50] 44.0145 
HEAD PRESSURE[51] 31.6462 
HEAD PRESSURE[52] 31.6462 
HEAD PRESSURE[53] 45.4283 
HEAD PRESSURE[54] 31.6462 
HEAD PRESSURE[55] 50.7802 
HEAD PRESSURE[56] 51.0545 
HEAD PRESSURE[57] 52.274 
HEAD PRESSURE[58] 31.6462 
HEAD PRESSURE[59] 31.6462 
HEAD PRESSURE[60] 31.6462 
HEAD PRESSURE[61] 56.26 
HEAD PRESSURE[62] 31.6462 
HEAD PRESSURE[63] 31.6462 
HEAD PRESSURE[64] 31.6462 
HEAD PRESSURE[65] 31.6462 
HEAD PRESSURE[66] 56.26 
HEAD PRESSURE[67] 32.0855 
HEAD PRESSURE[68] 31.6462 
HEAD PRESSURE[69] 31.6462 
HEAD PRESSURE[70] 31.6462 
HEAD PRESSURE[71] 31.6462 
HEAD PRESSURE[72] 31.6462 
HEAD PRESSURE[73] 31.6462 
HEAD PRESSURE[74] 54.7151 
HEAD PRESSURE[75] 32.8081 
HEAD PRESSURE[76] 33.1873 
HEAD PRESSURE[77] 31.6462 
HEAD PRESSURE[78] 56.26 
HEAD PRESSURE[79] 31.6462 
HEAD PRESSURE[80] 31.6462 
HEAD PRESSURE[81] 32.2256 
HEAD PRESSURE[82] 32.6359 
HEAD PRESSURE[83] 31.6462 
HEAD PRESSURE[84] 31.6462 
HEAD PRESSURE[85] 31.6462 
HEAD PRESSURE[86] 31.6462 
