number of nodes: 71 
number of edges: 70 
capital_cost_pump_station: 166000 
ps_OM_cost: 175950 
water_demand: 1.095e-05 
Solution Value: 35673.9 
Solution Value 1: 35673.9 
Solution Value 2: 0 
Solution Value 3: 0 
diameter[2,0,0.05] 1 
diameter[2,0,0.06] 0 
diameter[2,0,0.08] 0 
diameter[2,0,0.1] 0 
diameter[2,0,0.15] 0 
diameter[2,0,0.2] 0 
diameter[2,0,0.25] 0 
diameter[2,0,0.3] 0 
diameter[2,0,0.35] 0 
diameter[2,0,0.4] 0 
diameter[2,0,0.45] 0 
diameter[2,0,0.5] 0 
diameter[2,0,0.6] 0 
diameter[2,1,0.05] 1 
diameter[2,1,0.06] 0 
diameter[2,1,0.08] 0 
diameter[2,1,0.1] 0 
diameter[2,1,0.15] 0 
diameter[2,1,0.2] 0 
diameter[2,1,0.25] 0 
diameter[2,1,0.3] 0 
diameter[2,1,0.35] 0 
diameter[2,1,0.4] 0 
diameter[2,1,0.45] 0 
diameter[2,1,0.5] 0 
diameter[2,1,0.6] 0 
diameter[4,2,0.05] 1 
diameter[4,2,0.06] 0 
diameter[4,2,0.08] 0 
diameter[4,2,0.1] 0 
diameter[4,2,0.15] 0 
diameter[4,2,0.2] 0 
diameter[4,2,0.25] 0 
diameter[4,2,0.3] 0 
diameter[4,2,0.35] 0 
diameter[4,2,0.4] 0 
diameter[4,2,0.45] 0 
diameter[4,2,0.5] 0 
diameter[4,2,0.6] 0 
diameter[5,3,0.05] 1 
diameter[5,3,0.06] 0 
diameter[5,3,0.08] 0 
diameter[5,3,0.1] 0 
diameter[5,3,0.15] 0 
diameter[5,3,0.2] 0 
diameter[5,3,0.25] 0 
diameter[5,3,0.3] 0 
diameter[5,3,0.35] 0 
diameter[5,3,0.4] 0 
diameter[5,3,0.45] 0 
diameter[5,3,0.5] 0 
diameter[5,3,0.6] 0 
diameter[6,4,0.05] 1 
diameter[6,4,0.06] -0 
diameter[6,4,0.08] 0 
diameter[6,4,0.1] 0 
diameter[6,4,0.15] 0 
diameter[6,4,0.2] 0 
diameter[6,4,0.25] 0 
diameter[6,4,0.3] 0 
diameter[6,4,0.35] 0 
diameter[6,4,0.4] 0 
diameter[6,4,0.45] 0 
diameter[6,4,0.5] 0 
diameter[6,4,0.6] 0 
diameter[7,5,0.05] 1 
diameter[7,5,0.06] 0 
diameter[7,5,0.08] 0 
diameter[7,5,0.1] 0 
diameter[7,5,0.15] 0 
diameter[7,5,0.2] 0 
diameter[7,5,0.25] 0 
diameter[7,5,0.3] 0 
diameter[7,5,0.35] 0 
diameter[7,5,0.4] 0 
diameter[7,5,0.45] 0 
diameter[7,5,0.5] 0 
diameter[7,5,0.6] 0 
diameter[8,7,0.05] 1 
diameter[8,7,0.06] 0 
diameter[8,7,0.08] 0 
diameter[8,7,0.1] 0 
diameter[8,7,0.15] 0 
diameter[8,7,0.2] 0 
diameter[8,7,0.25] 0 
diameter[8,7,0.3] 0 
diameter[8,7,0.35] 0 
diameter[8,7,0.4] 0 
diameter[8,7,0.45] 0 
diameter[8,7,0.5] 0 
diameter[8,7,0.6] 0 
diameter[9,14,0.05] -0 
diameter[9,14,0.06] 1 
diameter[9,14,0.08] 0 
diameter[9,14,0.1] 0 
diameter[9,14,0.15] 0 
diameter[9,14,0.2] 0 
diameter[9,14,0.25] 0 
diameter[9,14,0.3] 0 
diameter[9,14,0.35] 0 
diameter[9,14,0.4] 0 
diameter[9,14,0.45] 0 
diameter[9,14,0.5] 0 
diameter[9,14,0.6] 0 
diameter[10,8,0.05] 1 
diameter[10,8,0.06] 0 
diameter[10,8,0.08] 0 
diameter[10,8,0.1] 0 
diameter[10,8,0.15] 0 
diameter[10,8,0.2] 0 
diameter[10,8,0.25] 0 
diameter[10,8,0.3] 0 
diameter[10,8,0.35] 0 
diameter[10,8,0.4] 0 
diameter[10,8,0.45] 0 
diameter[10,8,0.5] 0 
diameter[10,8,0.6] 0 
diameter[10,9,0.05] -0 
diameter[10,9,0.06] 1 
diameter[10,9,0.08] -0 
diameter[10,9,0.1] 0 
diameter[10,9,0.15] 0 
diameter[10,9,0.2] 0 
diameter[10,9,0.25] 0 
diameter[10,9,0.3] 0 
diameter[10,9,0.35] 0 
diameter[10,9,0.4] 0 
diameter[10,9,0.45] 0 
diameter[10,9,0.5] 0 
diameter[10,9,0.6] 0 
diameter[10,11,0.05] 1 
diameter[10,11,0.06] -0 
diameter[10,11,0.08] 0 
diameter[10,11,0.1] 0 
diameter[10,11,0.15] 0 
diameter[10,11,0.2] 0 
diameter[10,11,0.25] 0 
diameter[10,11,0.3] 0 
diameter[10,11,0.35] 0 
diameter[10,11,0.4] 0 
diameter[10,11,0.45] 0 
diameter[10,11,0.5] 0 
diameter[10,11,0.6] 0 
diameter[11,13,0.05] 1 
diameter[11,13,0.06] 0 
diameter[11,13,0.08] 0 
diameter[11,13,0.1] 0 
diameter[11,13,0.15] 0 
diameter[11,13,0.2] 0 
diameter[11,13,0.25] 0 
diameter[11,13,0.3] 0 
diameter[11,13,0.35] 0 
diameter[11,13,0.4] 0 
diameter[11,13,0.45] 0 
diameter[11,13,0.5] 0 
diameter[11,13,0.6] 0 
diameter[12,6,0.05] 0 
diameter[12,6,0.06] 1 
diameter[12,6,0.08] 0 
diameter[12,6,0.1] 0 
diameter[12,6,0.15] 0 
diameter[12,6,0.2] 0 
diameter[12,6,0.25] 0 
diameter[12,6,0.3] 0 
diameter[12,6,0.35] 0 
diameter[12,6,0.4] 0 
diameter[12,6,0.45] 0 
diameter[12,6,0.5] 0 
diameter[12,6,0.6] 0 
diameter[14,12,0.05] -0 
diameter[14,12,0.06] 1 
diameter[14,12,0.08] 0 
diameter[14,12,0.1] 0 
diameter[14,12,0.15] 0 
diameter[14,12,0.2] 0 
diameter[14,12,0.25] 0 
diameter[14,12,0.3] 0 
diameter[14,12,0.35] 0 
diameter[14,12,0.4] 0 
diameter[14,12,0.45] 0 
diameter[14,12,0.5] 0 
diameter[14,12,0.6] 0 
diameter[15,10,0.05] 0 
diameter[15,10,0.06] -0 
diameter[15,10,0.08] 1 
diameter[15,10,0.1] 0 
diameter[15,10,0.15] 0 
diameter[15,10,0.2] 0 
diameter[15,10,0.25] 0 
diameter[15,10,0.3] 0 
diameter[15,10,0.35] 0 
diameter[15,10,0.4] 0 
diameter[15,10,0.45] 0 
diameter[15,10,0.5] 0 
diameter[15,10,0.6] 0 
diameter[16,17,0.05] 0 
diameter[16,17,0.06] 0 
diameter[16,17,0.08] 1 
diameter[16,17,0.1] 0 
diameter[16,17,0.15] 0 
diameter[16,17,0.2] 0 
diameter[16,17,0.25] 0 
diameter[16,17,0.3] 0 
diameter[16,17,0.35] 0 
diameter[16,17,0.4] 0 
diameter[16,17,0.45] 0 
diameter[16,17,0.5] 0 
diameter[16,17,0.6] 0 
diameter[17,18,0.05] 0 
diameter[17,18,0.06] 0 
diameter[17,18,0.08] 1 
diameter[17,18,0.1] 0 
diameter[17,18,0.15] 0 
diameter[17,18,0.2] 0 
diameter[17,18,0.25] 0 
diameter[17,18,0.3] 0 
diameter[17,18,0.35] 0 
diameter[17,18,0.4] 0 
diameter[17,18,0.45] 0 
diameter[17,18,0.5] 0 
diameter[17,18,0.6] 0 
diameter[18,15,0.05] 0 
diameter[18,15,0.06] 0 
diameter[18,15,0.08] 1 
diameter[18,15,0.1] 0 
diameter[18,15,0.15] 0 
diameter[18,15,0.2] 0 
diameter[18,15,0.25] 0 
diameter[18,15,0.3] 0 
diameter[18,15,0.35] 0 
diameter[18,15,0.4] 0 
diameter[18,15,0.45] 0 
diameter[18,15,0.5] 0 
diameter[18,15,0.6] 0 
diameter[18,20,0.05] 1 
diameter[18,20,0.06] 0 
diameter[18,20,0.08] 0 
diameter[18,20,0.1] 0 
diameter[18,20,0.15] 0 
diameter[18,20,0.2] 0 
diameter[18,20,0.25] 0 
diameter[18,20,0.3] 0 
diameter[18,20,0.35] 0 
diameter[18,20,0.4] 0 
diameter[18,20,0.45] 0 
diameter[18,20,0.5] 0 
diameter[18,20,0.6] 0 
diameter[19,16,0.05] 0 
diameter[19,16,0.06] 0 
diameter[19,16,0.08] 1 
diameter[19,16,0.1] 0 
diameter[19,16,0.15] 0 
diameter[19,16,0.2] 0 
diameter[19,16,0.25] 0 
diameter[19,16,0.3] 0 
diameter[19,16,0.35] 0 
diameter[19,16,0.4] 0 
diameter[19,16,0.45] 0 
diameter[19,16,0.5] 0 
diameter[19,16,0.6] 0 
diameter[19,21,0.05] 1 
diameter[19,21,0.06] 0 
diameter[19,21,0.08] 0 
diameter[19,21,0.1] 0 
diameter[19,21,0.15] 0 
diameter[19,21,0.2] 0 
diameter[19,21,0.25] 0 
diameter[19,21,0.3] 0 
diameter[19,21,0.35] 0 
diameter[19,21,0.4] 0 
diameter[19,21,0.45] 0 
diameter[19,21,0.5] 0 
diameter[19,21,0.6] 0 
diameter[20,23,0.05] 1 
diameter[20,23,0.06] 0 
diameter[20,23,0.08] 0 
diameter[20,23,0.1] 0 
diameter[20,23,0.15] 0 
diameter[20,23,0.2] 0 
diameter[20,23,0.25] 0 
diameter[20,23,0.3] 0 
diameter[20,23,0.35] 0 
diameter[20,23,0.4] 0 
diameter[20,23,0.45] 0 
diameter[20,23,0.5] 0 
diameter[20,23,0.6] 0 
diameter[22,19,0.05] 0 
diameter[22,19,0.06] 0 
diameter[22,19,0.08] -0 
diameter[22,19,0.1] 1 
diameter[22,19,0.15] 0 
diameter[22,19,0.2] 0 
diameter[22,19,0.25] 0 
diameter[22,19,0.3] 0 
diameter[22,19,0.35] 0 
diameter[22,19,0.4] 0 
diameter[22,19,0.45] 0 
diameter[22,19,0.5] 0 
diameter[22,19,0.6] 0 
diameter[23,24,0.05] 1 
diameter[23,24,0.06] -0 
diameter[23,24,0.08] 0 
diameter[23,24,0.1] 0 
diameter[23,24,0.15] 0 
diameter[23,24,0.2] 0 
diameter[23,24,0.25] 0 
diameter[23,24,0.3] 0 
diameter[23,24,0.35] 0 
diameter[23,24,0.4] 0 
diameter[23,24,0.45] 0 
diameter[23,24,0.5] 0 
diameter[23,24,0.6] 0 
diameter[25,22,0.05] 0 
diameter[25,22,0.06] 0 
diameter[25,22,0.08] 1 
diameter[25,22,0.1] 0 
diameter[25,22,0.15] 0 
diameter[25,22,0.2] 0 
diameter[25,22,0.25] 0 
diameter[25,22,0.3] 0 
diameter[25,22,0.35] 0 
diameter[25,22,0.4] 0 
diameter[25,22,0.45] 0 
diameter[25,22,0.5] 0 
diameter[25,22,0.6] 0 
diameter[26,25,0.05] 0 
diameter[26,25,0.06] 0 
diameter[26,25,0.08] 1 
diameter[26,25,0.1] 0 
diameter[26,25,0.15] 0 
diameter[26,25,0.2] 0 
diameter[26,25,0.25] 0 
diameter[26,25,0.3] 0 
diameter[26,25,0.35] 0 
diameter[26,25,0.4] 0 
diameter[26,25,0.45] 0 
diameter[26,25,0.5] 0 
diameter[26,25,0.6] 0 
diameter[27,26,0.05] 0 
diameter[27,26,0.06] 0 
diameter[27,26,0.08] -0 
diameter[27,26,0.1] 1 
diameter[27,26,0.15] 0 
diameter[27,26,0.2] 0 
diameter[27,26,0.25] 0 
diameter[27,26,0.3] 0 
diameter[27,26,0.35] 0 
diameter[27,26,0.4] 0 
diameter[27,26,0.45] 0 
diameter[27,26,0.5] 0 
diameter[27,26,0.6] 0 
diameter[29,27,0.05] 0 
diameter[29,27,0.06] 0 
diameter[29,27,0.08] -0 
diameter[29,27,0.1] 1 
diameter[29,27,0.15] 0 
diameter[29,27,0.2] 0 
diameter[29,27,0.25] 0 
diameter[29,27,0.3] 0 
diameter[29,27,0.35] 0 
diameter[29,27,0.4] 0 
diameter[29,27,0.45] 0 
diameter[29,27,0.5] 0 
diameter[29,27,0.6] 0 
diameter[29,28,0.05] 1 
diameter[29,28,0.06] 0 
diameter[29,28,0.08] 0 
diameter[29,28,0.1] 0 
diameter[29,28,0.15] 0 
diameter[29,28,0.2] 0 
diameter[29,28,0.25] 0 
diameter[29,28,0.3] 0 
diameter[29,28,0.35] 0 
diameter[29,28,0.4] 0 
diameter[29,28,0.45] 0 
diameter[29,28,0.5] 0 
diameter[29,28,0.6] 0 
diameter[30,29,0.05] 0 
diameter[30,29,0.06] 0 
diameter[30,29,0.08] -0 
diameter[30,29,0.1] 1 
diameter[30,29,0.15] 0 
diameter[30,29,0.2] 0 
diameter[30,29,0.25] 0 
diameter[30,29,0.3] 0 
diameter[30,29,0.35] 0 
diameter[30,29,0.4] 0 
diameter[30,29,0.45] 0 
diameter[30,29,0.5] 0 
diameter[30,29,0.6] 0 
diameter[30,31,0.05] 1 
diameter[30,31,0.06] 0 
diameter[30,31,0.08] 0 
diameter[30,31,0.1] 0 
diameter[30,31,0.15] 0 
diameter[30,31,0.2] 0 
diameter[30,31,0.25] 0 
diameter[30,31,0.3] 0 
diameter[30,31,0.35] 0 
diameter[30,31,0.4] 0 
diameter[30,31,0.45] 0 
diameter[30,31,0.5] 0 
diameter[30,31,0.6] 0 
diameter[32,30,0.05] 0 
diameter[32,30,0.06] 0 
diameter[32,30,0.08] -0 
diameter[32,30,0.1] 1 
diameter[32,30,0.15] 0 
diameter[32,30,0.2] 0 
diameter[32,30,0.25] 0 
diameter[32,30,0.3] 0 
diameter[32,30,0.35] 0 
diameter[32,30,0.4] 0 
diameter[32,30,0.45] 0 
diameter[32,30,0.5] 0 
diameter[32,30,0.6] 0 
diameter[34,33,0.05] 1 
diameter[34,33,0.06] 0 
diameter[34,33,0.08] 0 
diameter[34,33,0.1] 0 
diameter[34,33,0.15] 0 
diameter[34,33,0.2] 0 
diameter[34,33,0.25] 0 
diameter[34,33,0.3] 0 
diameter[34,33,0.35] 0 
diameter[34,33,0.4] 0 
diameter[34,33,0.45] 0 
diameter[34,33,0.5] 0 
diameter[34,33,0.6] 0 
diameter[34,35,0.05] 0 
diameter[34,35,0.06] 0 
diameter[34,35,0.08] -0 
diameter[34,35,0.1] 1 
diameter[34,35,0.15] 0 
diameter[34,35,0.2] 0 
diameter[34,35,0.25] 0 
diameter[34,35,0.3] 0 
diameter[34,35,0.35] 0 
diameter[34,35,0.4] 0 
diameter[34,35,0.45] 0 
diameter[34,35,0.5] 0 
diameter[34,35,0.6] 0 
diameter[35,36,0.05] 0 
diameter[35,36,0.06] 0 
diameter[35,36,0.08] -0 
diameter[35,36,0.1] 1 
diameter[35,36,0.15] 0 
diameter[35,36,0.2] 0 
diameter[35,36,0.25] 0 
diameter[35,36,0.3] 0 
diameter[35,36,0.35] 0 
diameter[35,36,0.4] 0 
diameter[35,36,0.45] 0 
diameter[35,36,0.5] 0 
diameter[35,36,0.6] 0 
diameter[36,32,0.05] 0 
diameter[36,32,0.06] 0 
diameter[36,32,0.08] -0 
diameter[36,32,0.1] 1 
diameter[36,32,0.15] 0 
diameter[36,32,0.2] 0 
diameter[36,32,0.25] 0 
diameter[36,32,0.3] 0 
diameter[36,32,0.35] 0 
diameter[36,32,0.4] 0 
diameter[36,32,0.45] 0 
diameter[36,32,0.5] 0 
diameter[36,32,0.6] 0 
diameter[38,37,0.05] 1 
diameter[38,37,0.06] 0 
diameter[38,37,0.08] 0 
diameter[38,37,0.1] 0 
diameter[38,37,0.15] 0 
diameter[38,37,0.2] 0 
diameter[38,37,0.25] 0 
diameter[38,37,0.3] 0 
diameter[38,37,0.35] 0 
diameter[38,37,0.4] 0 
diameter[38,37,0.45] 0 
diameter[38,37,0.5] 0 
diameter[38,37,0.6] 0 
diameter[39,34,0.05] 0 
diameter[39,34,0.06] 0 
diameter[39,34,0.08] 0 
diameter[39,34,0.1] 1 
diameter[39,34,0.15] 0 
diameter[39,34,0.2] 0 
diameter[39,34,0.25] 0 
diameter[39,34,0.3] 0 
diameter[39,34,0.35] 0 
diameter[39,34,0.4] 0 
diameter[39,34,0.45] 0 
diameter[39,34,0.5] 0 
diameter[39,34,0.6] 0 
diameter[39,38,0.05] 1 
diameter[39,38,0.06] 0 
diameter[39,38,0.08] 0 
diameter[39,38,0.1] 0 
diameter[39,38,0.15] 0 
diameter[39,38,0.2] 0 
diameter[39,38,0.25] 0 
diameter[39,38,0.3] 0 
diameter[39,38,0.35] 0 
diameter[39,38,0.4] 0 
diameter[39,38,0.45] 0 
diameter[39,38,0.5] 0 
diameter[39,38,0.6] 0 
diameter[40,39,0.05] 0 
diameter[40,39,0.06] 0 
diameter[40,39,0.08] -0 
diameter[40,39,0.1] 1 
diameter[40,39,0.15] 0 
diameter[40,39,0.2] 0 
diameter[40,39,0.25] 0 
diameter[40,39,0.3] 0 
diameter[40,39,0.35] 0 
diameter[40,39,0.4] 0 
diameter[40,39,0.45] 0 
diameter[40,39,0.5] 0 
diameter[40,39,0.6] 0 
diameter[41,43,0.05] 0 
diameter[41,43,0.06] 0 
diameter[41,43,0.08] 0 
diameter[41,43,0.1] 1 
diameter[41,43,0.15] 0 
diameter[41,43,0.2] 0 
diameter[41,43,0.25] 0 
diameter[41,43,0.3] 0 
diameter[41,43,0.35] 0 
diameter[41,43,0.4] 0 
diameter[41,43,0.45] 0 
diameter[41,43,0.5] 0 
diameter[41,43,0.6] 0 
diameter[42,41,0.05] 0 
diameter[42,41,0.06] 0 
diameter[42,41,0.08] 0 
diameter[42,41,0.1] 1 
diameter[42,41,0.15] 0 
diameter[42,41,0.2] 0 
diameter[42,41,0.25] 0 
diameter[42,41,0.3] 0 
diameter[42,41,0.35] 0 
diameter[42,41,0.4] 0 
diameter[42,41,0.45] 0 
diameter[42,41,0.5] 0 
diameter[42,41,0.6] 0 
diameter[42,44,0.05] 0 
diameter[42,44,0.06] -0 
diameter[42,44,0.08] 1 
diameter[42,44,0.1] 0 
diameter[42,44,0.15] 0 
diameter[42,44,0.2] 0 
diameter[42,44,0.25] 0 
diameter[42,44,0.3] 0 
diameter[42,44,0.35] 0 
diameter[42,44,0.4] 0 
diameter[42,44,0.45] 0 
diameter[42,44,0.5] 0 
diameter[42,44,0.6] 0 
diameter[43,40,0.05] 0 
diameter[43,40,0.06] 0 
diameter[43,40,0.08] 0 
diameter[43,40,0.1] 1 
diameter[43,40,0.15] 0 
diameter[43,40,0.2] 0 
diameter[43,40,0.25] 0 
diameter[43,40,0.3] 0 
diameter[43,40,0.35] 0 
diameter[43,40,0.4] 0 
diameter[43,40,0.45] 0 
diameter[43,40,0.5] 0 
diameter[43,40,0.6] 0 
diameter[43,49,0.05] 1 
diameter[43,49,0.06] 0 
diameter[43,49,0.08] 0 
diameter[43,49,0.1] 0 
diameter[43,49,0.15] 0 
diameter[43,49,0.2] 0 
diameter[43,49,0.25] 0 
diameter[43,49,0.3] 0 
diameter[43,49,0.35] 0 
diameter[43,49,0.4] 0 
diameter[43,49,0.45] 0 
diameter[43,49,0.5] 0 
diameter[43,49,0.6] 0 
diameter[44,51,0.05] 0 
diameter[44,51,0.06] 0 
diameter[44,51,0.08] 1 
diameter[44,51,0.1] 0 
diameter[44,51,0.15] 0 
diameter[44,51,0.2] 0 
diameter[44,51,0.25] 0 
diameter[44,51,0.3] 0 
diameter[44,51,0.35] 0 
diameter[44,51,0.4] 0 
diameter[44,51,0.45] 0 
diameter[44,51,0.5] 0 
diameter[44,51,0.6] 0 
diameter[46,45,0.05] 1 
diameter[46,45,0.06] 0 
diameter[46,45,0.08] 0 
diameter[46,45,0.1] 0 
diameter[46,45,0.15] 0 
diameter[46,45,0.2] 0 
diameter[46,45,0.25] 0 
diameter[46,45,0.3] 0 
diameter[46,45,0.35] 0 
diameter[46,45,0.4] 0 
diameter[46,45,0.45] 0 
diameter[46,45,0.5] 0 
diameter[46,45,0.6] 0 
diameter[47,46,0.05] 1 
diameter[47,46,0.06] 0 
diameter[47,46,0.08] 0 
diameter[47,46,0.1] 0 
diameter[47,46,0.15] 0 
diameter[47,46,0.2] 0 
diameter[47,46,0.25] 0 
diameter[47,46,0.3] 0 
diameter[47,46,0.35] 0 
diameter[47,46,0.4] 0 
diameter[47,46,0.45] 0 
diameter[47,46,0.5] 0 
diameter[47,46,0.6] 0 
diameter[48,47,0.05] 1 
diameter[48,47,0.06] 0 
diameter[48,47,0.08] 0 
diameter[48,47,0.1] 0 
diameter[48,47,0.15] 0 
diameter[48,47,0.2] 0 
diameter[48,47,0.25] 0 
diameter[48,47,0.3] 0 
diameter[48,47,0.35] 0 
diameter[48,47,0.4] 0 
diameter[48,47,0.45] 0 
diameter[48,47,0.5] 0 
diameter[48,47,0.6] 0 
diameter[49,48,0.05] 1 
diameter[49,48,0.06] 0 
diameter[49,48,0.08] 0 
diameter[49,48,0.1] 0 
diameter[49,48,0.15] 0 
diameter[49,48,0.2] 0 
diameter[49,48,0.25] 0 
diameter[49,48,0.3] 0 
diameter[49,48,0.35] 0 
diameter[49,48,0.4] 0 
diameter[49,48,0.45] 0 
diameter[49,48,0.5] 0 
diameter[49,48,0.6] 0 
diameter[49,50,0.05] 1 
diameter[49,50,0.06] 0 
diameter[49,50,0.08] 0 
diameter[49,50,0.1] 0 
diameter[49,50,0.15] 0 
diameter[49,50,0.2] 0 
diameter[49,50,0.25] 0 
diameter[49,50,0.3] 0 
diameter[49,50,0.35] 0 
diameter[49,50,0.4] 0 
diameter[49,50,0.45] 0 
diameter[49,50,0.5] 0 
diameter[49,50,0.6] 0 
diameter[51,54,0.05] 0 
diameter[51,54,0.06] -0 
diameter[51,54,0.08] 1 
diameter[51,54,0.1] 0 
diameter[51,54,0.15] 0 
diameter[51,54,0.2] 0 
diameter[51,54,0.25] 0 
diameter[51,54,0.3] 0 
diameter[51,54,0.35] 0 
diameter[51,54,0.4] 0 
diameter[51,54,0.45] 0 
diameter[51,54,0.5] 0 
diameter[51,54,0.6] 0 
diameter[52,53,0.05] 1 
diameter[52,53,0.06] 0 
diameter[52,53,0.08] 0 
diameter[52,53,0.1] 0 
diameter[52,53,0.15] 0 
diameter[52,53,0.2] 0 
diameter[52,53,0.25] 0 
diameter[52,53,0.3] 0 
diameter[52,53,0.35] 0 
diameter[52,53,0.4] 0 
diameter[52,53,0.45] 0 
diameter[52,53,0.5] 0 
diameter[52,53,0.6] 0 
diameter[54,55,0.05] 0 
diameter[54,55,0.06] 0 
diameter[54,55,0.08] 1 
diameter[54,55,0.1] 0 
diameter[54,55,0.15] 0 
diameter[54,55,0.2] 0 
diameter[54,55,0.25] 0 
diameter[54,55,0.3] 0 
diameter[54,55,0.35] 0 
diameter[54,55,0.4] 0 
diameter[54,55,0.45] 0 
diameter[54,55,0.5] 0 
diameter[54,55,0.6] 0 
diameter[55,52,0.05] 1 
diameter[55,52,0.06] 0 
diameter[55,52,0.08] 0 
diameter[55,52,0.1] 0 
diameter[55,52,0.15] 0 
diameter[55,52,0.2] 0 
diameter[55,52,0.25] 0 
diameter[55,52,0.3] 0 
diameter[55,52,0.35] 0 
diameter[55,52,0.4] 0 
diameter[55,52,0.45] 0 
diameter[55,52,0.5] 0 
diameter[55,52,0.6] 0 
diameter[55,56,0.05] 0 
diameter[55,56,0.06] -0 
diameter[55,56,0.08] 1 
diameter[55,56,0.1] 0 
diameter[55,56,0.15] 0 
diameter[55,56,0.2] 0 
diameter[55,56,0.25] 0 
diameter[55,56,0.3] 0 
diameter[55,56,0.35] 0 
diameter[55,56,0.4] 0 
diameter[55,56,0.45] 0 
diameter[55,56,0.5] 0 
diameter[55,56,0.6] 0 
diameter[56,57,0.05] 0 
diameter[56,57,0.06] 0 
diameter[56,57,0.08] 1 
diameter[56,57,0.1] 0 
diameter[56,57,0.15] 0 
diameter[56,57,0.2] 0 
diameter[56,57,0.25] 0 
diameter[56,57,0.3] 0 
diameter[56,57,0.35] 0 
diameter[56,57,0.4] 0 
diameter[56,57,0.45] 0 
diameter[56,57,0.5] 0 
diameter[56,57,0.6] 0 
diameter[57,59,0.05] -0 
diameter[57,59,0.06] 1 
diameter[57,59,0.08] 0 
diameter[57,59,0.1] 0 
diameter[57,59,0.15] 0 
diameter[57,59,0.2] 0 
diameter[57,59,0.25] 0 
diameter[57,59,0.3] 0 
diameter[57,59,0.35] 0 
diameter[57,59,0.4] 0 
diameter[57,59,0.45] 0 
diameter[57,59,0.5] 0 
diameter[57,59,0.6] 0 
diameter[59,58,0.05] 1 
diameter[59,58,0.06] 0 
diameter[59,58,0.08] 0 
diameter[59,58,0.1] 0 
diameter[59,58,0.15] 0 
diameter[59,58,0.2] 0 
diameter[59,58,0.25] 0 
diameter[59,58,0.3] 0 
diameter[59,58,0.35] 0 
diameter[59,58,0.4] 0 
diameter[59,58,0.45] 0 
diameter[59,58,0.5] 0 
diameter[59,58,0.6] 0 
diameter[59,60,0.05] -0 
diameter[59,60,0.06] 1 
diameter[59,60,0.08] -0 
diameter[59,60,0.1] 0 
diameter[59,60,0.15] 0 
diameter[59,60,0.2] 0 
diameter[59,60,0.25] 0 
diameter[59,60,0.3] 0 
diameter[59,60,0.35] 0 
diameter[59,60,0.4] 0 
diameter[59,60,0.45] 0 
diameter[59,60,0.5] 0 
diameter[59,60,0.6] 0 
diameter[60,61,0.05] 0 
diameter[60,61,0.06] 0 
diameter[60,61,0.08] 1 
diameter[60,61,0.1] 0 
diameter[60,61,0.15] 0 
diameter[60,61,0.2] 0 
diameter[60,61,0.25] 0 
diameter[60,61,0.3] 0 
diameter[60,61,0.35] 0 
diameter[60,61,0.4] 0 
diameter[60,61,0.45] 0 
diameter[60,61,0.5] 0 
diameter[60,61,0.6] 0 
diameter[61,62,0.05] -0 
diameter[61,62,0.06] 1 
diameter[61,62,0.08] 0 
diameter[61,62,0.1] 0 
diameter[61,62,0.15] 0 
diameter[61,62,0.2] 0 
diameter[61,62,0.25] 0 
diameter[61,62,0.3] 0 
diameter[61,62,0.35] 0 
diameter[61,62,0.4] 0 
diameter[61,62,0.45] 0 
diameter[61,62,0.5] 0 
diameter[61,62,0.6] 0 
diameter[62,63,0.05] -0 
diameter[62,63,0.06] 1 
diameter[62,63,0.08] 0 
diameter[62,63,0.1] 0 
diameter[62,63,0.15] 0 
diameter[62,63,0.2] 0 
diameter[62,63,0.25] 0 
diameter[62,63,0.3] 0 
diameter[62,63,0.35] 0 
diameter[62,63,0.4] 0 
diameter[62,63,0.45] 0 
diameter[62,63,0.5] 0 
diameter[62,63,0.6] 0 
diameter[63,64,0.05] -0 
diameter[63,64,0.06] 1 
diameter[63,64,0.08] 0 
diameter[63,64,0.1] 0 
diameter[63,64,0.15] 0 
diameter[63,64,0.2] 0 
diameter[63,64,0.25] 0 
diameter[63,64,0.3] 0 
diameter[63,64,0.35] 0 
diameter[63,64,0.4] 0 
diameter[63,64,0.45] 0 
diameter[63,64,0.5] 0 
diameter[63,64,0.6] 0 
diameter[64,65,0.05] 1 
diameter[64,65,0.06] 0 
diameter[64,65,0.08] 0 
diameter[64,65,0.1] 0 
diameter[64,65,0.15] 0 
diameter[64,65,0.2] 0 
diameter[64,65,0.25] 0 
diameter[64,65,0.3] 0 
diameter[64,65,0.35] 0 
diameter[64,65,0.4] 0 
diameter[64,65,0.45] 0 
diameter[64,65,0.5] 0 
diameter[64,65,0.6] 0 
diameter[65,66,0.05] 1 
diameter[65,66,0.06] 0 
diameter[65,66,0.08] 0 
diameter[65,66,0.1] 0 
diameter[65,66,0.15] 0 
diameter[65,66,0.2] 0 
diameter[65,66,0.25] 0 
diameter[65,66,0.3] 0 
diameter[65,66,0.35] 0 
diameter[65,66,0.4] 0 
diameter[65,66,0.45] 0 
diameter[65,66,0.5] 0 
diameter[65,66,0.6] 0 
diameter[66,67,0.05] 1 
diameter[66,67,0.06] 0 
diameter[66,67,0.08] 0 
diameter[66,67,0.1] 0 
diameter[66,67,0.15] 0 
diameter[66,67,0.2] 0 
diameter[66,67,0.25] 0 
diameter[66,67,0.3] 0 
diameter[66,67,0.35] 0 
diameter[66,67,0.4] 0 
diameter[66,67,0.45] 0 
diameter[66,67,0.5] 0 
diameter[66,67,0.6] 0 
diameter[67,68,0.05] 1 
diameter[67,68,0.06] -0 
diameter[67,68,0.08] 0 
diameter[67,68,0.1] 0 
diameter[67,68,0.15] 0 
diameter[67,68,0.2] 0 
diameter[67,68,0.25] 0 
diameter[67,68,0.3] 0 
diameter[67,68,0.35] 0 
diameter[67,68,0.4] 0 
diameter[67,68,0.45] 0 
diameter[67,68,0.5] 0 
diameter[67,68,0.6] 0 
diameter[68,69,0.05] 1 
diameter[68,69,0.06] 0 
diameter[68,69,0.08] 0 
diameter[68,69,0.1] 0 
diameter[68,69,0.15] 0 
diameter[68,69,0.2] 0 
diameter[68,69,0.25] 0 
diameter[68,69,0.3] 0 
diameter[68,69,0.35] 0 
diameter[68,69,0.4] 0 
diameter[68,69,0.45] 0 
diameter[68,69,0.5] 0 
diameter[68,69,0.6] 0 
diameter[69,70,0.05] 1 
diameter[69,70,0.06] 0 
diameter[69,70,0.08] 0 
diameter[69,70,0.1] 0 
diameter[69,70,0.15] 0 
diameter[69,70,0.2] 0 
diameter[69,70,0.25] 0 
diameter[69,70,0.3] 0 
diameter[69,70,0.35] 0 
diameter[69,70,0.4] 0 
diameter[69,70,0.45] 0 
diameter[69,70,0.5] 0 
diameter[69,70,0.6] 0 
hydro loss[2,0] 0.134635 
hydro loss[2,1] 0.0923907 
hydro loss[4,2] 1.09379 
hydro loss[5,3] 0.0323438 
hydro loss[6,4] 0.756444 
hydro loss[7,5] 0.192021 
hydro loss[8,7] 0.392985 
hydro loss[9,14] 1.08196 
hydro loss[10,8] 1.08796 
hydro loss[10,9] 0.957377 
hydro loss[10,11] 0.11902 
hydro loss[11,13] 0.0673912 
hydro loss[12,6] 0.902357 
hydro loss[14,12] 1.13496 
hydro loss[15,10] 1.06265 
hydro loss[16,17] 1.01932 
hydro loss[17,18] 1.28696 
hydro loss[18,15] 1.19757 
hydro loss[18,20] 0.546899 
hydro loss[19,16] 1.65144 
hydro loss[19,21] 0.0646873 
hydro loss[20,23] 0.185462 
hydro loss[22,19] 0.916 
hydro loss[23,24] 0.0357853 
hydro loss[25,22] 3.28424 
hydro loss[26,25] 2.4006 
hydro loss[27,26] 1.09402 
hydro loss[29,27] 1.17024 
hydro loss[29,28] 0.0647153 
hydro loss[30,29] 0.989313 
hydro loss[30,31] 0.0835901 
hydro loss[32,30] 0.940676 
hydro loss[34,33] 0.0494544 
hydro loss[34,35] 1.22372 
hydro loss[35,36] 1.54634 
hydro loss[36,32] 1.99168 
hydro loss[38,37] 0.0329696 
hydro loss[39,34] 1.90802 
hydro loss[39,38] 0.11902 
hydro loss[40,39] 1.0447 
hydro loss[41,43] 1.58938 
hydro loss[42,41] 3.04264 
hydro loss[42,44] 1.18897 
hydro loss[43,40] 1.70406 
hydro loss[43,49] 1.23929 
hydro loss[44,51] 1.44833 
hydro loss[46,45] 0.0329696 
hydro loss[47,46] 0.11902 
hydro loss[48,47] 0.252198 
hydro loss[49,48] 0.429664 
hydro loss[49,50] 0.0494544 
hydro loss[51,54] 1.31708 
hydro loss[52,53] 0.0835901 
hydro loss[54,55] 1.67085 
hydro loss[55,52] 0.268774 
hydro loss[55,56] 1.31802 
hydro loss[56,57] 2.25536 
hydro loss[57,59] 1.98584 
hydro loss[59,58] 0.0494544 
hydro loss[59,60] 1.12929 
hydro loss[60,61] 7.03003 
hydro loss[61,62] 1.79265 
hydro loss[62,63] 1.09854 
hydro loss[63,64] 1.70108 
hydro loss[64,65] 2.27609 
hydro loss[65,66] 6.85493 
hydro loss[66,67] 0.793673 
hydro loss[67,68] 0.247412 
hydro loss[68,69] 0.2581 
hydro loss[69,70] 0.0897576 
PUMP[2,0] 0 
PUMP[2,1] 0 
PUMP[4,2] 0 
PUMP[5,3] 0 
PUMP[6,4] 0 
PUMP[7,5] 0 
PUMP[8,7] 0 
PUMP[9,14] 0 
PUMP[10,8] 0 
PUMP[10,9] 0 
PUMP[10,11] 0 
PUMP[11,13] 0 
PUMP[12,6] 0 
PUMP[14,12] 0 
PUMP[15,10] 0 
PUMP[16,17] 0 
PUMP[17,18] 0 
PUMP[18,15] 0 
PUMP[18,20] 0 
PUMP[19,16] 0 
PUMP[19,21] 0 
PUMP[20,23] 0 
PUMP[22,19] 0 
PUMP[23,24] 0 
PUMP[25,22] 0 
PUMP[26,25] 0 
PUMP[27,26] 0 
PUMP[29,27] 0 
PUMP[29,28] 0 
PUMP[30,29] 0 
PUMP[30,31] 0 
PUMP[32,30] 0 
PUMP[34,33] 0 
PUMP[34,35] 0 
PUMP[35,36] 0 
PUMP[36,32] 0 
PUMP[38,37] 0 
PUMP[39,34] 0 
PUMP[39,38] 0 
PUMP[40,39] 0 
PUMP[41,43] 0 
PUMP[42,41] 0 
PUMP[42,44] 0 
PUMP[43,40] 0 
PUMP[43,49] 0 
PUMP[44,51] 0 
PUMP[46,45] 0 
PUMP[47,46] 0 
PUMP[48,47] 0 
PUMP[49,48] 0 
PUMP[49,50] 0 
PUMP[51,54] 0 
PUMP[52,53] 0 
PUMP[54,55] 0 
PUMP[55,52] 0 
PUMP[55,56] 0 
PUMP[56,57] 0 
PUMP[57,59] 0 
PUMP[59,58] 0 
PUMP[59,60] 0 
PUMP[60,61] 0 
PUMP[61,62] 0 
PUMP[62,63] 0 
PUMP[63,64] 0 
PUMP[64,65] 0 
PUMP[65,66] 0 
PUMP[66,67] 0 
PUMP[67,68] 0 
PUMP[68,69] 0 
PUMP[69,70] 0 
PRESSURE BY PUMP[2,0] 0 
PRESSURE BY PUMP[2,1] 0 
PRESSURE BY PUMP[4,2] 0 
PRESSURE BY PUMP[5,3] 0 
PRESSURE BY PUMP[6,4] 0 
PRESSURE BY PUMP[7,5] 0 
PRESSURE BY PUMP[8,7] 0 
PRESSURE BY PUMP[9,14] 0 
PRESSURE BY PUMP[10,8] 0 
PRESSURE BY PUMP[10,9] 0 
PRESSURE BY PUMP[10,11] 0 
PRESSURE BY PUMP[11,13] 0 
PRESSURE BY PUMP[12,6] 0 
PRESSURE BY PUMP[14,12] 0 
PRESSURE BY PUMP[15,10] 0 
PRESSURE BY PUMP[16,17] 0 
PRESSURE BY PUMP[17,18] 0 
PRESSURE BY PUMP[18,15] 0 
PRESSURE BY PUMP[18,20] 0 
PRESSURE BY PUMP[19,16] 0 
PRESSURE BY PUMP[19,21] 0 
PRESSURE BY PUMP[20,23] 0 
PRESSURE BY PUMP[22,19] 0 
PRESSURE BY PUMP[23,24] 0 
PRESSURE BY PUMP[25,22] 0 
PRESSURE BY PUMP[26,25] 0 
PRESSURE BY PUMP[27,26] 0 
PRESSURE BY PUMP[29,27] 0 
PRESSURE BY PUMP[29,28] 0 
PRESSURE BY PUMP[30,29] 0 
PRESSURE BY PUMP[30,31] 0 
PRESSURE BY PUMP[32,30] 0 
PRESSURE BY PUMP[34,33] 0 
PRESSURE BY PUMP[34,35] 0 
PRESSURE BY PUMP[35,36] 0 
PRESSURE BY PUMP[36,32] 0 
PRESSURE BY PUMP[38,37] 0 
PRESSURE BY PUMP[39,34] 0 
PRESSURE BY PUMP[39,38] 0 
PRESSURE BY PUMP[40,39] 0 
PRESSURE BY PUMP[41,43] 0 
PRESSURE BY PUMP[42,41] 0 
PRESSURE BY PUMP[42,44] 0 
PRESSURE BY PUMP[43,40] 0 
PRESSURE BY PUMP[43,49] 0 
PRESSURE BY PUMP[44,51] 0 
PRESSURE BY PUMP[46,45] 0 
PRESSURE BY PUMP[47,46] 0 
PRESSURE BY PUMP[48,47] 0 
PRESSURE BY PUMP[49,48] 0 
PRESSURE BY PUMP[49,50] 0 
PRESSURE BY PUMP[51,54] 0 
PRESSURE BY PUMP[52,53] 0 
PRESSURE BY PUMP[54,55] 0 
PRESSURE BY PUMP[55,52] 0 
PRESSURE BY PUMP[55,56] 0 
PRESSURE BY PUMP[56,57] 0 
PRESSURE BY PUMP[57,59] 0 
PRESSURE BY PUMP[59,58] 0 
PRESSURE BY PUMP[59,60] 0 
PRESSURE BY PUMP[60,61] 0 
PRESSURE BY PUMP[61,62] 0 
PRESSURE BY PUMP[62,63] 0 
PRESSURE BY PUMP[63,64] 0 
PRESSURE BY PUMP[64,65] 0 
PRESSURE BY PUMP[65,66] 0 
PRESSURE BY PUMP[66,67] 0 
PRESSURE BY PUMP[67,68] 0 
PRESSURE BY PUMP[68,69] 0 
PRESSURE BY PUMP[69,70] 0 
In Node Elevation[0] 51.1645 
In Node Elevation[1] 50.3547 
In Node Elevation[2] 51.2991 
In Node Elevation[3] 55.5207 
In Node Elevation[4] 52.3929 
In Node Elevation[5] 52.4905 
In Node Elevation[6] 53.1493 
In Node Elevation[7] 52.927 
In Node Elevation[8] 53.3616 
In Node Elevation[9] 53.8178 
In Node Elevation[10] 54.0576 
In Node Elevation[11] 57.107 
In Node Elevation[12] 54.0517 
In Node Elevation[13] 57.0396 
In Node Elevation[14] 55.1867 
In Node Elevation[15] 58.2887 
In Node Elevation[16] 54.7536 
In Node Elevation[17] 55.1503 
In Node Elevation[18] 55.6268 
In Node Elevation[19] 55.161 
In Node Elevation[20] 58.9393 
In Node Elevation[21] 55.6836 
In Node Elevation[22] 64.3599 
In Node Elevation[23] 58.7539 
In Node Elevation[24] 57.9456 
In Node Elevation[25] 56.4349 
In Node Elevation[26] 70.0448 
In Node Elevation[27] 55.7349 
In Node Elevation[28] 72.2443 
In Node Elevation[29] 55.9367 
In Node Elevation[30] 56.924 
In Node Elevation[31] 56.0846 
In Node Elevation[32] 57.2426 
In Node Elevation[33] 78.9513 
In Node Elevation[34] 55.5423 
In Node Elevation[35] 77.7771 
In Node Elevation[36] 57.4601 
In Node Elevation[37] 80.7568 
In Node Elevation[38] 80.7898 
In Node Elevation[39] 80.9088 
In Node Elevation[40] 81.9535 
In Node Elevation[41] 85.2469 
In Node Elevation[42] 88.2896 
In Node Elevation[43] 83.6576 
In Node Elevation[44] 87.1006 
In Node Elevation[45] 81.5844 
In Node Elevation[46] 81.6174 
In Node Elevation[47] 81.7364 
In Node Elevation[48] 81.9886 
In Node Elevation[49] 82.4183 
In Node Elevation[50] 82.3688 
In Node Elevation[51] 85.6523 
In Node Elevation[52] 82.3956 
In Node Elevation[53] 82.312 
In Node Elevation[54] 84.3352 
In Node Elevation[55] 82.6643 
In Node Elevation[56] 81.3463 
In Node Elevation[57] 79.091 
In Node Elevation[58] 77.0557 
In Node Elevation[59] 77.1051 
In Node Elevation[60] 55.702 
In Node Elevation[61] 68.9458 
In Node Elevation[62] 67.1532 
In Node Elevation[63] 66.0546 
In Node Elevation[64] 64.3535 
In Node Elevation[65] 62.0775 
In Node Elevation[66] 52.4298 
In Node Elevation[67] 54.4289 
In Node Elevation[68] 54.1814 
In Node Elevation[69] 52.8991 
In Node Elevation[70] 53.2234 
HEAD PRESSURE[0] 31.6462 
HEAD PRESSURE[1] 32.4983 
HEAD PRESSURE[2] 31.6462 
HEAD PRESSURE[3] 31.6462 
HEAD PRESSURE[4] 31.6462 
HEAD PRESSURE[5] 34.7088 
HEAD PRESSURE[6] 31.6462 
HEAD PRESSURE[7] 34.4643 
HEAD PRESSURE[8] 34.4227 
HEAD PRESSURE[9] 34.0971 
HEAD PRESSURE[10] 34.8147 
HEAD PRESSURE[11] 31.6462 
HEAD PRESSURE[12] 31.6462 
HEAD PRESSURE[13] 31.6462 
HEAD PRESSURE[14] 31.6462 
HEAD PRESSURE[15] 31.6462 
HEAD PRESSURE[16] 38.6851 
HEAD PRESSURE[17] 37.2691 
HEAD PRESSURE[18] 35.5056 
HEAD PRESSURE[19] 39.9292 
HEAD PRESSURE[20] 31.6462 
HEAD PRESSURE[21] 39.3419 
HEAD PRESSURE[22] 31.6462 
HEAD PRESSURE[23] 31.6462 
HEAD PRESSURE[24] 32.4187 
HEAD PRESSURE[25] 42.8555 
HEAD PRESSURE[26] 31.6462 
HEAD PRESSURE[27] 47.0501 
HEAD PRESSURE[28] 31.6462 
HEAD PRESSURE[29] 48.0186 
HEAD PRESSURE[30] 48.0206 
HEAD PRESSURE[31] 48.7764 
HEAD PRESSURE[32] 48.6426 
HEAD PRESSURE[33] 31.6462 
HEAD PRESSURE[34] 55.1047 
HEAD PRESSURE[35] 31.6462 
HEAD PRESSURE[36] 50.4169 
HEAD PRESSURE[37] 31.6462 
HEAD PRESSURE[38] 31.6462 
HEAD PRESSURE[39] 31.6462 
HEAD PRESSURE[40] 31.6462 
HEAD PRESSURE[41] 31.6462 
HEAD PRESSURE[42] 31.6462 
HEAD PRESSURE[43] 31.6462 
HEAD PRESSURE[44] 31.6462 
HEAD PRESSURE[45] 31.6462 
HEAD PRESSURE[46] 31.6462 
HEAD PRESSURE[47] 31.6462 
HEAD PRESSURE[48] 31.6462 
HEAD PRESSURE[49] 31.6462 
HEAD PRESSURE[50] 31.6462 
HEAD PRESSURE[51] 31.6462 
HEAD PRESSURE[52] 31.6462 
HEAD PRESSURE[53] 31.6462 
HEAD PRESSURE[54] 31.6462 
HEAD PRESSURE[55] 31.6462 
HEAD PRESSURE[56] 31.6462 
HEAD PRESSURE[57] 31.6462 
HEAD PRESSURE[58] 31.6462 
HEAD PRESSURE[59] 31.6462 
HEAD PRESSURE[60] 51.92 
HEAD PRESSURE[61] 31.6462 
HEAD PRESSURE[62] 31.6462 
HEAD PRESSURE[63] 31.6462 
HEAD PRESSURE[64] 31.6462 
HEAD PRESSURE[65] 31.6462 
HEAD PRESSURE[66] 34.439 
HEAD PRESSURE[67] 31.6462 
HEAD PRESSURE[68] 31.6462 
HEAD PRESSURE[69] 32.6705 
HEAD PRESSURE[70] 32.2564 
