number of nodes: 94 
number of edges: 93 
capital_cost_pump_station: 166000 
ps_OM_cost: 175950 
water_demand: 1.095e-05 
Solution Value: 107634 
Solution Value 1: 107634 
Solution Value 2: 0 
Solution Value 3: 0 
diameter[0,1,0.05] 1 
diameter[0,1,0.06] -0 
diameter[0,1,0.08] -0 
diameter[0,1,0.1] 0 
diameter[0,1,0.15] 0 
diameter[0,1,0.2] 0 
diameter[0,1,0.25] 0 
diameter[0,1,0.3] 0 
diameter[0,1,0.35] 0 
diameter[0,1,0.4] 0 
diameter[0,1,0.45] 0 
diameter[0,1,0.5] 0 
diameter[0,1,0.6] 0 
diameter[1,3,0.05] 1 
diameter[1,3,0.06] -0 
diameter[1,3,0.08] -0 
diameter[1,3,0.1] 0 
diameter[1,3,0.15] 0 
diameter[1,3,0.2] 0 
diameter[1,3,0.25] 0 
diameter[1,3,0.3] 0 
diameter[1,3,0.35] 0 
diameter[1,3,0.4] 0 
diameter[1,3,0.45] 0 
diameter[1,3,0.5] 0 
diameter[1,3,0.6] 0 
diameter[2,0,0.05] 0 
diameter[2,0,0.06] 1 
diameter[2,0,0.08] -0 
diameter[2,0,0.1] 0 
diameter[2,0,0.15] 0 
diameter[2,0,0.2] 0 
diameter[2,0,0.25] 0 
diameter[2,0,0.3] 0 
diameter[2,0,0.35] 0 
diameter[2,0,0.4] 0 
diameter[2,0,0.45] 0 
diameter[2,0,0.5] 0 
diameter[2,0,0.6] 0 
diameter[4,2,0.05] -0 
diameter[4,2,0.06] 1 
diameter[4,2,0.08] 0 
diameter[4,2,0.1] 0 
diameter[4,2,0.15] 0 
diameter[4,2,0.2] 0 
diameter[4,2,0.25] 0 
diameter[4,2,0.3] 0 
diameter[4,2,0.35] 0 
diameter[4,2,0.4] 0 
diameter[4,2,0.45] 0 
diameter[4,2,0.5] 0 
diameter[4,2,0.6] 0 
diameter[5,4,0.05] -0 
diameter[5,4,0.06] 1 
diameter[5,4,0.08] 0 
diameter[5,4,0.1] 0 
diameter[5,4,0.15] 0 
diameter[5,4,0.2] 0 
diameter[5,4,0.25] 0 
diameter[5,4,0.3] 0 
diameter[5,4,0.35] 0 
diameter[5,4,0.4] 0 
diameter[5,4,0.45] 0 
diameter[5,4,0.5] 0 
diameter[5,4,0.6] 0 
diameter[6,5,0.05] -0 
diameter[6,5,0.06] -0 
diameter[6,5,0.08] 1 
diameter[6,5,0.1] 0 
diameter[6,5,0.15] 0 
diameter[6,5,0.2] 0 
diameter[6,5,0.25] 0 
diameter[6,5,0.3] 0 
diameter[6,5,0.35] 0 
diameter[6,5,0.4] 0 
diameter[6,5,0.45] 0 
diameter[6,5,0.5] 0 
diameter[6,5,0.6] 0 
diameter[7,6,0.05] -0 
diameter[7,6,0.06] -0 
diameter[7,6,0.08] 1 
diameter[7,6,0.1] 0 
diameter[7,6,0.15] 0 
diameter[7,6,0.2] 0 
diameter[7,6,0.25] 0 
diameter[7,6,0.3] 0 
diameter[7,6,0.35] 0 
diameter[7,6,0.4] 0 
diameter[7,6,0.45] 0 
diameter[7,6,0.5] 0 
diameter[7,6,0.6] 0 
diameter[8,7,0.05] 0 
diameter[8,7,0.06] -0 
diameter[8,7,0.08] 1 
diameter[8,7,0.1] 0 
diameter[8,7,0.15] 0 
diameter[8,7,0.2] 0 
diameter[8,7,0.25] 0 
diameter[8,7,0.3] 0 
diameter[8,7,0.35] 0 
diameter[8,7,0.4] 0 
diameter[8,7,0.45] 0 
diameter[8,7,0.5] 0 
diameter[8,7,0.6] 0 
diameter[9,8,0.05] -0 
diameter[9,8,0.06] -0 
diameter[9,8,0.08] 1 
diameter[9,8,0.1] -0 
diameter[9,8,0.15] 0 
diameter[9,8,0.2] 0 
diameter[9,8,0.25] 0 
diameter[9,8,0.3] 0 
diameter[9,8,0.35] 0 
diameter[9,8,0.4] 0 
diameter[9,8,0.45] 0 
diameter[9,8,0.5] 0 
diameter[9,8,0.6] 0 
diameter[10,9,0.05] -0 
diameter[10,9,0.06] -0 
diameter[10,9,0.08] 1 
diameter[10,9,0.1] -0 
diameter[10,9,0.15] 0 
diameter[10,9,0.2] 0 
diameter[10,9,0.25] 0 
diameter[10,9,0.3] 0 
diameter[10,9,0.35] 0 
diameter[10,9,0.4] 0 
diameter[10,9,0.45] 0 
diameter[10,9,0.5] 0 
diameter[10,9,0.6] 0 
diameter[11,10,0.05] -0 
diameter[11,10,0.06] -0 
diameter[11,10,0.08] 1 
diameter[11,10,0.1] 0 
diameter[11,10,0.15] 0 
diameter[11,10,0.2] 0 
diameter[11,10,0.25] 0 
diameter[11,10,0.3] 0 
diameter[11,10,0.35] 0 
diameter[11,10,0.4] 0 
diameter[11,10,0.45] 0 
diameter[11,10,0.5] 0 
diameter[11,10,0.6] 0 
diameter[12,11,0.05] 0 
diameter[12,11,0.06] -0 
diameter[12,11,0.08] 1 
diameter[12,11,0.1] 0 
diameter[12,11,0.15] 0 
diameter[12,11,0.2] 0 
diameter[12,11,0.25] 0 
diameter[12,11,0.3] 0 
diameter[12,11,0.35] 0 
diameter[12,11,0.4] 0 
diameter[12,11,0.45] 0 
diameter[12,11,0.5] 0 
diameter[12,11,0.6] 0 
diameter[15,12,0.05] 0 
diameter[15,12,0.06] 0 
diameter[15,12,0.08] -0 
diameter[15,12,0.1] 1 
diameter[15,12,0.15] 0 
diameter[15,12,0.2] 0 
diameter[15,12,0.25] 0 
diameter[15,12,0.3] 0 
diameter[15,12,0.35] 0 
diameter[15,12,0.4] 0 
diameter[15,12,0.45] 0 
diameter[15,12,0.5] 0 
diameter[15,12,0.6] 0 
diameter[16,13,0.05] 1 
diameter[16,13,0.06] 0 
diameter[16,13,0.08] 0 
diameter[16,13,0.1] 0 
diameter[16,13,0.15] 0 
diameter[16,13,0.2] 0 
diameter[16,13,0.25] 0 
diameter[16,13,0.3] 0 
diameter[16,13,0.35] 0 
diameter[16,13,0.4] 0 
diameter[16,13,0.45] 0 
diameter[16,13,0.5] 0 
diameter[16,13,0.6] 0 
diameter[16,17,0.05] -0 
diameter[16,17,0.06] 1 
diameter[16,17,0.08] -0 
diameter[16,17,0.1] 0 
diameter[16,17,0.15] 0 
diameter[16,17,0.2] 0 
diameter[16,17,0.25] 0 
diameter[16,17,0.3] 0 
diameter[16,17,0.35] 0 
diameter[16,17,0.4] 0 
diameter[16,17,0.45] 0 
diameter[16,17,0.5] 0 
diameter[16,17,0.6] 0 
diameter[17,14,0.05] 1 
diameter[17,14,0.06] -0 
diameter[17,14,0.08] -0 
diameter[17,14,0.1] 0 
diameter[17,14,0.15] 0 
diameter[17,14,0.2] 0 
diameter[17,14,0.25] 0 
diameter[17,14,0.3] 0 
diameter[17,14,0.35] 0 
diameter[17,14,0.4] 0 
diameter[17,14,0.45] 0 
diameter[17,14,0.5] 0 
diameter[17,14,0.6] 0 
diameter[18,15,0.05] 0 
diameter[18,15,0.06] -0 
diameter[18,15,0.08] -0 
diameter[18,15,0.1] 1 
diameter[18,15,0.15] 0 
diameter[18,15,0.2] 0 
diameter[18,15,0.25] 0 
diameter[18,15,0.3] 0 
diameter[18,15,0.35] 0 
diameter[18,15,0.4] 0 
diameter[18,15,0.45] 0 
diameter[18,15,0.5] 0 
diameter[18,15,0.6] 0 
diameter[18,16,0.05] -0 
diameter[18,16,0.06] -0 
diameter[18,16,0.08] 1 
diameter[18,16,0.1] 0 
diameter[18,16,0.15] 0 
diameter[18,16,0.2] 0 
diameter[18,16,0.25] 0 
diameter[18,16,0.3] 0 
diameter[18,16,0.35] 0 
diameter[18,16,0.4] 0 
diameter[18,16,0.45] 0 
diameter[18,16,0.5] 0 
diameter[18,16,0.6] 0 
diameter[19,18,0.05] 0 
diameter[19,18,0.06] 0 
diameter[19,18,0.08] -0 
diameter[19,18,0.1] 1 
diameter[19,18,0.15] 0 
diameter[19,18,0.2] 0 
diameter[19,18,0.25] 0 
diameter[19,18,0.3] 0 
diameter[19,18,0.35] 0 
diameter[19,18,0.4] 0 
diameter[19,18,0.45] 0 
diameter[19,18,0.5] 0 
diameter[19,18,0.6] 0 
diameter[20,19,0.05] 0 
diameter[20,19,0.06] 0 
diameter[20,19,0.08] -0 
diameter[20,19,0.1] 1 
diameter[20,19,0.15] 0 
diameter[20,19,0.2] 0 
diameter[20,19,0.25] 0 
diameter[20,19,0.3] 0 
diameter[20,19,0.35] 0 
diameter[20,19,0.4] 0 
diameter[20,19,0.45] 0 
diameter[20,19,0.5] 0 
diameter[20,19,0.6] 0 
diameter[21,23,0.05] 0 
diameter[21,23,0.06] 0 
diameter[21,23,0.08] 0 
diameter[21,23,0.1] -0 
diameter[21,23,0.15] 1 
diameter[21,23,0.2] 0 
diameter[21,23,0.25] 0 
diameter[21,23,0.3] 0 
diameter[21,23,0.35] 0 
diameter[21,23,0.4] 0 
diameter[21,23,0.45] 0 
diameter[21,23,0.5] 0 
diameter[21,23,0.6] 0 
diameter[23,20,0.05] 0 
diameter[23,20,0.06] 0 
diameter[23,20,0.08] 0 
diameter[23,20,0.1] 1 
diameter[23,20,0.15] 0 
diameter[23,20,0.2] 0 
diameter[23,20,0.25] 0 
diameter[23,20,0.3] 0 
diameter[23,20,0.35] 0 
diameter[23,20,0.4] 0 
diameter[23,20,0.45] 0 
diameter[23,20,0.5] 0 
diameter[23,20,0.6] 0 
diameter[23,25,0.05] 1 
diameter[23,25,0.06] 0 
diameter[23,25,0.08] 0 
diameter[23,25,0.1] 0 
diameter[23,25,0.15] 0 
diameter[23,25,0.2] 0 
diameter[23,25,0.25] 0 
diameter[23,25,0.3] 0 
diameter[23,25,0.35] 0 
diameter[23,25,0.4] 0 
diameter[23,25,0.45] 0 
diameter[23,25,0.5] 0 
diameter[23,25,0.6] 0 
diameter[25,24,0.05] 1 
diameter[25,24,0.06] 0 
diameter[25,24,0.08] 0 
diameter[25,24,0.1] 0 
diameter[25,24,0.15] 0 
diameter[25,24,0.2] 0 
diameter[25,24,0.25] 0 
diameter[25,24,0.3] 0 
diameter[25,24,0.35] 0 
diameter[25,24,0.4] 0 
diameter[25,24,0.45] 0 
diameter[25,24,0.5] 0 
diameter[25,24,0.6] 0 
diameter[25,29,0.05] 1 
diameter[25,29,0.06] 0 
diameter[25,29,0.08] 0 
diameter[25,29,0.1] 0 
diameter[25,29,0.15] 0 
diameter[25,29,0.2] 0 
diameter[25,29,0.25] 0 
diameter[25,29,0.3] 0 
diameter[25,29,0.35] 0 
diameter[25,29,0.4] 0 
diameter[25,29,0.45] 0 
diameter[25,29,0.5] 0 
diameter[25,29,0.6] 0 
diameter[26,22,0.05] 1 
diameter[26,22,0.06] 0 
diameter[26,22,0.08] 0 
diameter[26,22,0.1] 0 
diameter[26,22,0.15] 0 
diameter[26,22,0.2] 0 
diameter[26,22,0.25] 0 
diameter[26,22,0.3] 0 
diameter[26,22,0.35] 0 
diameter[26,22,0.4] 0 
diameter[26,22,0.45] 0 
diameter[26,22,0.5] 0 
diameter[26,22,0.6] 0 
diameter[26,28,0.05] 1 
diameter[26,28,0.06] -0 
diameter[26,28,0.08] -0 
diameter[26,28,0.1] -0 
diameter[26,28,0.15] -0 
diameter[26,28,0.2] 0 
diameter[26,28,0.25] 0 
diameter[26,28,0.3] 0 
diameter[26,28,0.35] 0 
diameter[26,28,0.4] 0 
diameter[26,28,0.45] 0 
diameter[26,28,0.5] 0 
diameter[26,28,0.6] 0 
diameter[27,21,0.05] 0 
diameter[27,21,0.06] 0 
diameter[27,21,0.08] 0 
diameter[27,21,0.1] 1 
diameter[27,21,0.15] 0 
diameter[27,21,0.2] 0 
diameter[27,21,0.25] 0 
diameter[27,21,0.3] 0 
diameter[27,21,0.35] 0 
diameter[27,21,0.4] 0 
diameter[27,21,0.45] 0 
diameter[27,21,0.5] 0 
diameter[27,21,0.6] 0 
diameter[27,26,0.05] 1 
diameter[27,26,0.06] -0 
diameter[27,26,0.08] -0 
diameter[27,26,0.1] 0 
diameter[27,26,0.15] 0 
diameter[27,26,0.2] 0 
diameter[27,26,0.25] 0 
diameter[27,26,0.3] 0 
diameter[27,26,0.35] 0 
diameter[27,26,0.4] 0 
diameter[27,26,0.45] 0 
diameter[27,26,0.5] 0 
diameter[27,26,0.6] 0 
diameter[29,32,0.05] 1 
diameter[29,32,0.06] 0 
diameter[29,32,0.08] 0 
diameter[29,32,0.1] 0 
diameter[29,32,0.15] 0 
diameter[29,32,0.2] 0 
diameter[29,32,0.25] 0 
diameter[29,32,0.3] 0 
diameter[29,32,0.35] 0 
diameter[29,32,0.4] 0 
diameter[29,32,0.45] 0 
diameter[29,32,0.5] 0 
diameter[29,32,0.6] 0 
diameter[30,27,0.05] 0 
diameter[30,27,0.06] 0 
diameter[30,27,0.08] 0 
diameter[30,27,0.1] 1 
diameter[30,27,0.15] 0 
diameter[30,27,0.2] 0 
diameter[30,27,0.25] 0 
diameter[30,27,0.3] 0 
diameter[30,27,0.35] 0 
diameter[30,27,0.4] 0 
diameter[30,27,0.45] 0 
diameter[30,27,0.5] 0 
diameter[30,27,0.6] 0 
diameter[31,30,0.05] 0 
diameter[31,30,0.06] 0 
diameter[31,30,0.08] 0 
diameter[31,30,0.1] -0 
diameter[31,30,0.15] 1 
diameter[31,30,0.2] 0 
diameter[31,30,0.25] 0 
diameter[31,30,0.3] 0 
diameter[31,30,0.35] 0 
diameter[31,30,0.4] 0 
diameter[31,30,0.45] 0 
diameter[31,30,0.5] 0 
diameter[31,30,0.6] 0 
diameter[33,31,0.05] 0 
diameter[33,31,0.06] 0 
diameter[33,31,0.08] 0 
diameter[33,31,0.1] -0 
diameter[33,31,0.15] 1 
diameter[33,31,0.2] 0 
diameter[33,31,0.25] 0 
diameter[33,31,0.3] 0 
diameter[33,31,0.35] 0 
diameter[33,31,0.4] 0 
diameter[33,31,0.45] 0 
diameter[33,31,0.5] 0 
diameter[33,31,0.6] 0 
diameter[34,33,0.05] 0 
diameter[34,33,0.06] 0 
diameter[34,33,0.08] 0 
diameter[34,33,0.1] 0 
diameter[34,33,0.15] 1 
diameter[34,33,0.2] 0 
diameter[34,33,0.25] 0 
diameter[34,33,0.3] 0 
diameter[34,33,0.35] 0 
diameter[34,33,0.4] 0 
diameter[34,33,0.45] 0 
diameter[34,33,0.5] 0 
diameter[34,33,0.6] 0 
diameter[35,36,0.05] 0 
diameter[35,36,0.06] 0 
diameter[35,36,0.08] 0 
diameter[35,36,0.1] -0 
diameter[35,36,0.15] 1 
diameter[35,36,0.2] 0 
diameter[35,36,0.25] 0 
diameter[35,36,0.3] 0 
diameter[35,36,0.35] 0 
diameter[35,36,0.4] 0 
diameter[35,36,0.45] 0 
diameter[35,36,0.5] 0 
diameter[35,36,0.6] 0 
diameter[36,34,0.05] 0 
diameter[36,34,0.06] 0 
diameter[36,34,0.08] 0 
diameter[36,34,0.1] -0 
diameter[36,34,0.15] 1 
diameter[36,34,0.2] 0 
diameter[36,34,0.25] 0 
diameter[36,34,0.3] 0 
diameter[36,34,0.35] 0 
diameter[36,34,0.4] 0 
diameter[36,34,0.45] 0 
diameter[36,34,0.5] 0 
diameter[36,34,0.6] 0 
diameter[37,42,0.05] 1 
diameter[37,42,0.06] 0 
diameter[37,42,0.08] 0 
diameter[37,42,0.1] 0 
diameter[37,42,0.15] 0 
diameter[37,42,0.2] 0 
diameter[37,42,0.25] 0 
diameter[37,42,0.3] 0 
diameter[37,42,0.35] 0 
diameter[37,42,0.4] 0 
diameter[37,42,0.45] 0 
diameter[37,42,0.5] 0 
diameter[37,42,0.6] 0 
diameter[38,37,0.05] 1 
diameter[38,37,0.06] 0 
diameter[38,37,0.08] 0 
diameter[38,37,0.1] 0 
diameter[38,37,0.15] 0 
diameter[38,37,0.2] 0 
diameter[38,37,0.25] 0 
diameter[38,37,0.3] 0 
diameter[38,37,0.35] 0 
diameter[38,37,0.4] 0 
diameter[38,37,0.45] 0 
diameter[38,37,0.5] 0 
diameter[38,37,0.6] 0 
diameter[38,39,0.05] 0 
diameter[38,39,0.06] 0 
diameter[38,39,0.08] 0 
diameter[38,39,0.1] -0 
diameter[38,39,0.15] 1 
diameter[38,39,0.2] 0 
diameter[38,39,0.25] 0 
diameter[38,39,0.3] 0 
diameter[38,39,0.35] 0 
diameter[38,39,0.4] 0 
diameter[38,39,0.45] 0 
diameter[38,39,0.5] 0 
diameter[38,39,0.6] 0 
diameter[39,35,0.05] 0 
diameter[39,35,0.06] 0 
diameter[39,35,0.08] 0 
diameter[39,35,0.1] -0 
diameter[39,35,0.15] 1 
diameter[39,35,0.2] 0 
diameter[39,35,0.25] 0 
diameter[39,35,0.3] 0 
diameter[39,35,0.35] 0 
diameter[39,35,0.4] 0 
diameter[39,35,0.45] 0 
diameter[39,35,0.5] 0 
diameter[39,35,0.6] 0 
diameter[39,40,0.05] 1 
diameter[39,40,0.06] 0 
diameter[39,40,0.08] 0 
diameter[39,40,0.1] 0 
diameter[39,40,0.15] 0 
diameter[39,40,0.2] 0 
diameter[39,40,0.25] 0 
diameter[39,40,0.3] 0 
diameter[39,40,0.35] 0 
diameter[39,40,0.4] 0 
diameter[39,40,0.45] 0 
diameter[39,40,0.5] 0 
diameter[39,40,0.6] 0 
diameter[42,52,0.05] 1 
diameter[42,52,0.06] 0 
diameter[42,52,0.08] -0 
diameter[42,52,0.1] 0 
diameter[42,52,0.15] 0 
diameter[42,52,0.2] 0 
diameter[42,52,0.25] 0 
diameter[42,52,0.3] 0 
diameter[42,52,0.35] 0 
diameter[42,52,0.4] 0 
diameter[42,52,0.45] 0 
diameter[42,52,0.5] 0 
diameter[42,52,0.6] 0 
diameter[43,38,0.05] 0 
diameter[43,38,0.06] 0 
diameter[43,38,0.08] 0 
diameter[43,38,0.1] 0 
diameter[43,38,0.15] 1 
diameter[43,38,0.2] 0 
diameter[43,38,0.25] 0 
diameter[43,38,0.3] 0 
diameter[43,38,0.35] 0 
diameter[43,38,0.4] 0 
diameter[43,38,0.45] 0 
diameter[43,38,0.5] 0 
diameter[43,38,0.6] 0 
diameter[43,45,0.05] 1 
diameter[43,45,0.06] 0 
diameter[43,45,0.08] 0 
diameter[43,45,0.1] 0 
diameter[43,45,0.15] 0 
diameter[43,45,0.2] 0 
diameter[43,45,0.25] 0 
diameter[43,45,0.3] 0 
diameter[43,45,0.35] 0 
diameter[43,45,0.4] 0 
diameter[43,45,0.45] 0 
diameter[43,45,0.5] 0 
diameter[43,45,0.6] 0 
diameter[44,43,0.05] 0 
diameter[44,43,0.06] 0 
diameter[44,43,0.08] 0 
diameter[44,43,0.1] 0 
diameter[44,43,0.15] 1 
diameter[44,43,0.2] 0 
diameter[44,43,0.25] 0 
diameter[44,43,0.3] 0 
diameter[44,43,0.35] 0 
diameter[44,43,0.4] 0 
diameter[44,43,0.45] 0 
diameter[44,43,0.5] 0 
diameter[44,43,0.6] 0 
diameter[45,46,0.05] 1 
diameter[45,46,0.06] 0 
diameter[45,46,0.08] 0 
diameter[45,46,0.1] 0 
diameter[45,46,0.15] 0 
diameter[45,46,0.2] 0 
diameter[45,46,0.25] 0 
diameter[45,46,0.3] 0 
diameter[45,46,0.35] 0 
diameter[45,46,0.4] 0 
diameter[45,46,0.45] 0 
diameter[45,46,0.5] 0 
diameter[45,46,0.6] 0 
diameter[46,47,0.05] 1 
diameter[46,47,0.06] 0 
diameter[46,47,0.08] 0 
diameter[46,47,0.1] 0 
diameter[46,47,0.15] 0 
diameter[46,47,0.2] 0 
diameter[46,47,0.25] 0 
diameter[46,47,0.3] 0 
diameter[46,47,0.35] 0 
diameter[46,47,0.4] 0 
diameter[46,47,0.45] 0 
diameter[46,47,0.5] 0 
diameter[46,47,0.6] 0 
diameter[50,41,0.05] 1 
diameter[50,41,0.06] 0 
diameter[50,41,0.08] 0 
diameter[50,41,0.1] 0 
diameter[50,41,0.15] 0 
diameter[50,41,0.2] 0 
diameter[50,41,0.25] 0 
diameter[50,41,0.3] 0 
diameter[50,41,0.35] 0 
diameter[50,41,0.4] 0 
diameter[50,41,0.45] 0 
diameter[50,41,0.5] 0 
diameter[50,41,0.6] 0 
diameter[50,48,0.05] 1 
diameter[50,48,0.06] 0 
diameter[50,48,0.08] 0 
diameter[50,48,0.1] 0 
diameter[50,48,0.15] 0 
diameter[50,48,0.2] 0 
diameter[50,48,0.25] 0 
diameter[50,48,0.3] 0 
diameter[50,48,0.35] 0 
diameter[50,48,0.4] 0 
diameter[50,48,0.45] 0 
diameter[50,48,0.5] 0 
diameter[50,48,0.6] 0 
diameter[50,58,0.05] 1 
diameter[50,58,0.06] 0 
diameter[50,58,0.08] 0 
diameter[50,58,0.1] 0 
diameter[50,58,0.15] 0 
diameter[50,58,0.2] 0 
diameter[50,58,0.25] 0 
diameter[50,58,0.3] 0 
diameter[50,58,0.35] 0 
diameter[50,58,0.4] 0 
diameter[50,58,0.45] 0 
diameter[50,58,0.5] 0 
diameter[50,58,0.6] 0 
diameter[51,50,0.05] 1 
diameter[51,50,0.06] 0 
diameter[51,50,0.08] 0 
diameter[51,50,0.1] 0 
diameter[51,50,0.15] 0 
diameter[51,50,0.2] 0 
diameter[51,50,0.25] 0 
diameter[51,50,0.3] 0 
diameter[51,50,0.35] 0 
diameter[51,50,0.4] 0 
diameter[51,50,0.45] 0 
diameter[51,50,0.5] 0 
diameter[51,50,0.6] 0 
diameter[52,49,0.05] 1 
diameter[52,49,0.06] 0 
diameter[52,49,0.08] 0 
diameter[52,49,0.1] 0 
diameter[52,49,0.15] 0 
diameter[52,49,0.2] 0 
diameter[52,49,0.25] 0 
diameter[52,49,0.3] 0 
diameter[52,49,0.35] 0 
diameter[52,49,0.4] 0 
diameter[52,49,0.45] 0 
diameter[52,49,0.5] 0 
diameter[52,49,0.6] 0 
diameter[53,44,0.05] 0 
diameter[53,44,0.06] 0 
diameter[53,44,0.08] 0 
diameter[53,44,0.1] 0 
diameter[53,44,0.15] 1 
diameter[53,44,0.2] 0 
diameter[53,44,0.25] 0 
diameter[53,44,0.3] 0 
diameter[53,44,0.35] 0 
diameter[53,44,0.4] 0 
diameter[53,44,0.45] 0 
diameter[53,44,0.5] 0 
diameter[53,44,0.6] 0 
diameter[54,53,0.05] 0 
diameter[54,53,0.06] 0 
diameter[54,53,0.08] 0 
diameter[54,53,0.1] 0 
diameter[54,53,0.15] 1 
diameter[54,53,0.2] 0 
diameter[54,53,0.25] 0 
diameter[54,53,0.3] 0 
diameter[54,53,0.35] 0 
diameter[54,53,0.4] 0 
diameter[54,53,0.45] 0 
diameter[54,53,0.5] 0 
diameter[54,53,0.6] 0 
diameter[55,54,0.05] 0 
diameter[55,54,0.06] 0 
diameter[55,54,0.08] 0 
diameter[55,54,0.1] 0 
diameter[55,54,0.15] 1 
diameter[55,54,0.2] 0 
diameter[55,54,0.25] 0 
diameter[55,54,0.3] 0 
diameter[55,54,0.35] 0 
diameter[55,54,0.4] 0 
diameter[55,54,0.45] 0 
diameter[55,54,0.5] 0 
diameter[55,54,0.6] 0 
diameter[55,56,0.05] 1 
diameter[55,56,0.06] 0 
diameter[55,56,0.08] 0 
diameter[55,56,0.1] 0 
diameter[55,56,0.15] 0 
diameter[55,56,0.2] 0 
diameter[55,56,0.25] 0 
diameter[55,56,0.3] 0 
diameter[55,56,0.35] 0 
diameter[55,56,0.4] 0 
diameter[55,56,0.45] 0 
diameter[55,56,0.5] 0 
diameter[55,56,0.6] 0 
diameter[56,57,0.05] 1 
diameter[56,57,0.06] 0 
diameter[56,57,0.08] 0 
diameter[56,57,0.1] 0 
diameter[56,57,0.15] 0 
diameter[56,57,0.2] 0 
diameter[56,57,0.25] 0 
diameter[56,57,0.3] 0 
diameter[56,57,0.35] 0 
diameter[56,57,0.4] 0 
diameter[56,57,0.45] 0 
diameter[56,57,0.5] 0 
diameter[56,57,0.6] 0 
diameter[59,51,0.05] 1 
diameter[59,51,0.06] -0 
diameter[59,51,0.08] -0 
diameter[59,51,0.1] 0 
diameter[59,51,0.15] 0 
diameter[59,51,0.2] 0 
diameter[59,51,0.25] 0 
diameter[59,51,0.3] 0 
diameter[59,51,0.35] 0 
diameter[59,51,0.4] 0 
diameter[59,51,0.45] 0 
diameter[59,51,0.5] 0 
diameter[59,51,0.6] 0 
diameter[59,66,0.05] 1 
diameter[59,66,0.06] -0 
diameter[59,66,0.08] -0 
diameter[59,66,0.1] -0 
diameter[59,66,0.15] 0 
diameter[59,66,0.2] 0 
diameter[59,66,0.25] 0 
diameter[59,66,0.3] 0 
diameter[59,66,0.35] 0 
diameter[59,66,0.4] 0 
diameter[59,66,0.45] 0 
diameter[59,66,0.5] 0 
diameter[59,66,0.6] 0 
diameter[60,59,0.05] -0 
diameter[60,59,0.06] -0 
diameter[60,59,0.08] 1 
diameter[60,59,0.1] -0 
diameter[60,59,0.15] 0 
diameter[60,59,0.2] 0 
diameter[60,59,0.25] 0 
diameter[60,59,0.3] 0 
diameter[60,59,0.35] 0 
diameter[60,59,0.4] 0 
diameter[60,59,0.45] 0 
diameter[60,59,0.5] 0 
diameter[60,59,0.6] 0 
diameter[61,60,0.05] -0 
diameter[61,60,0.06] -0 
diameter[61,60,0.08] 1 
diameter[61,60,0.1] -0 
diameter[61,60,0.15] 0 
diameter[61,60,0.2] 0 
diameter[61,60,0.25] 0 
diameter[61,60,0.3] 0 
diameter[61,60,0.35] 0 
diameter[61,60,0.4] 0 
diameter[61,60,0.45] 0 
diameter[61,60,0.5] 0 
diameter[61,60,0.6] 0 
diameter[62,61,0.05] 0 
diameter[62,61,0.06] 0 
diameter[62,61,0.08] 1 
diameter[62,61,0.1] 0 
diameter[62,61,0.15] 0 
diameter[62,61,0.2] 0 
diameter[62,61,0.25] 0 
diameter[62,61,0.3] 0 
diameter[62,61,0.35] 0 
diameter[62,61,0.4] 0 
diameter[62,61,0.45] 0 
diameter[62,61,0.5] 0 
diameter[62,61,0.6] 0 
diameter[62,70,0.05] 1 
diameter[62,70,0.06] 0 
diameter[62,70,0.08] 0 
diameter[62,70,0.1] 0 
diameter[62,70,0.15] 0 
diameter[62,70,0.2] 0 
diameter[62,70,0.25] 0 
diameter[62,70,0.3] 0 
diameter[62,70,0.35] 0 
diameter[62,70,0.4] 0 
diameter[62,70,0.45] 0 
diameter[62,70,0.5] 0 
diameter[62,70,0.6] 0 
diameter[63,62,0.05] 0 
diameter[63,62,0.06] -0 
diameter[63,62,0.08] 1 
diameter[63,62,0.1] 0 
diameter[63,62,0.15] 0 
diameter[63,62,0.2] 0 
diameter[63,62,0.25] 0 
diameter[63,62,0.3] 0 
diameter[63,62,0.35] 0 
diameter[63,62,0.4] 0 
diameter[63,62,0.45] 0 
diameter[63,62,0.5] 0 
diameter[63,62,0.6] 0 
diameter[64,55,0.05] 0 
diameter[64,55,0.06] 0 
diameter[64,55,0.08] 0 
diameter[64,55,0.1] 0 
diameter[64,55,0.15] 1 
diameter[64,55,0.2] 0 
diameter[64,55,0.25] 0 
diameter[64,55,0.3] 0 
diameter[64,55,0.35] 0 
diameter[64,55,0.4] 0 
diameter[64,55,0.45] 0 
diameter[64,55,0.5] 0 
diameter[64,55,0.6] 0 
diameter[64,68,0.05] 0 
diameter[64,68,0.06] -0 
diameter[64,68,0.08] 1 
diameter[64,68,0.1] 0 
diameter[64,68,0.15] 0 
diameter[64,68,0.2] 0 
diameter[64,68,0.25] 0 
diameter[64,68,0.3] 0 
diameter[64,68,0.35] 0 
diameter[64,68,0.4] 0 
diameter[64,68,0.45] 0 
diameter[64,68,0.5] 0 
diameter[64,68,0.6] 0 
diameter[65,64,0.05] 0 
diameter[65,64,0.06] 0 
diameter[65,64,0.08] 0 
diameter[65,64,0.1] 0 
diameter[65,64,0.15] 1 
diameter[65,64,0.2] 0 
diameter[65,64,0.25] 0 
diameter[65,64,0.3] 0 
diameter[65,64,0.35] 0 
diameter[65,64,0.4] 0 
diameter[65,64,0.45] 0 
diameter[65,64,0.5] 0 
diameter[65,64,0.6] 0 
diameter[66,67,0.05] 1 
diameter[66,67,0.06] -0 
diameter[66,67,0.08] -0 
diameter[66,67,0.1] -0 
diameter[66,67,0.15] -0 
diameter[66,67,0.2] 0 
diameter[66,67,0.25] 0 
diameter[66,67,0.3] 0 
diameter[66,67,0.35] 0 
diameter[66,67,0.4] 0 
diameter[66,67,0.45] 0 
diameter[66,67,0.5] 0 
diameter[66,67,0.6] 0 
diameter[67,71,0.05] 1 
diameter[67,71,0.06] 0 
diameter[67,71,0.08] 0 
diameter[67,71,0.1] 0 
diameter[67,71,0.15] 0 
diameter[67,71,0.2] 0 
diameter[67,71,0.25] 0 
diameter[67,71,0.3] 0 
diameter[67,71,0.35] 0 
diameter[67,71,0.4] 0 
diameter[67,71,0.45] 0 
diameter[67,71,0.5] 0 
diameter[67,71,0.6] 0 
diameter[68,63,0.05] 0 
diameter[68,63,0.06] -0 
diameter[68,63,0.08] 1 
diameter[68,63,0.1] 0 
diameter[68,63,0.15] 0 
diameter[68,63,0.2] 0 
diameter[68,63,0.25] 0 
diameter[68,63,0.3] 0 
diameter[68,63,0.35] 0 
diameter[68,63,0.4] 0 
diameter[68,63,0.45] 0 
diameter[68,63,0.5] 0 
diameter[68,63,0.6] 0 
diameter[69,65,0.05] 0 
diameter[69,65,0.06] 0 
diameter[69,65,0.08] 0 
diameter[69,65,0.1] 0 
diameter[69,65,0.15] 1 
diameter[69,65,0.2] 0 
diameter[69,65,0.25] 0 
diameter[69,65,0.3] 0 
diameter[69,65,0.35] 0 
diameter[69,65,0.4] 0 
diameter[69,65,0.45] 0 
diameter[69,65,0.5] 0 
diameter[69,65,0.6] 0 
diameter[72,69,0.05] 0 
diameter[72,69,0.06] 0 
diameter[72,69,0.08] 0 
diameter[72,69,0.1] 0 
diameter[72,69,0.15] 1 
diameter[72,69,0.2] 0 
diameter[72,69,0.25] 0 
diameter[72,69,0.3] 0 
diameter[72,69,0.35] 0 
diameter[72,69,0.4] 0 
diameter[72,69,0.45] 0 
diameter[72,69,0.5] 0 
diameter[72,69,0.6] 0 
diameter[72,73,0.05] 1 
diameter[72,73,0.06] 0 
diameter[72,73,0.08] 0 
diameter[72,73,0.1] 0 
diameter[72,73,0.15] 0 
diameter[72,73,0.2] 0 
diameter[72,73,0.25] 0 
diameter[72,73,0.3] 0 
diameter[72,73,0.35] 0 
diameter[72,73,0.4] 0 
diameter[72,73,0.45] 0 
diameter[72,73,0.5] 0 
diameter[72,73,0.6] 0 
diameter[73,74,0.05] 1 
diameter[73,74,0.06] 0 
diameter[73,74,0.08] 0 
diameter[73,74,0.1] 0 
diameter[73,74,0.15] 0 
diameter[73,74,0.2] 0 
diameter[73,74,0.25] 0 
diameter[73,74,0.3] 0 
diameter[73,74,0.35] 0 
diameter[73,74,0.4] 0 
diameter[73,74,0.45] 0 
diameter[73,74,0.5] 0 
diameter[73,74,0.6] 0 
diameter[75,72,0.05] 0 
diameter[75,72,0.06] 0 
diameter[75,72,0.08] 0 
diameter[75,72,0.1] 0 
diameter[75,72,0.15] 1 
diameter[75,72,0.2] 0 
diameter[75,72,0.25] 0 
diameter[75,72,0.3] 0 
diameter[75,72,0.35] 0 
diameter[75,72,0.4] 0 
diameter[75,72,0.45] 0 
diameter[75,72,0.5] 0 
diameter[75,72,0.6] 0 
diameter[76,77,0.05] 0 
diameter[76,77,0.06] 0 
diameter[76,77,0.08] 0 
diameter[76,77,0.1] 0 
diameter[76,77,0.15] 1 
diameter[76,77,0.2] 0 
diameter[76,77,0.25] 0 
diameter[76,77,0.3] 0 
diameter[76,77,0.35] 0 
diameter[76,77,0.4] 0 
diameter[76,77,0.45] 0 
diameter[76,77,0.5] 0 
diameter[76,77,0.6] 0 
diameter[77,75,0.05] 0 
diameter[77,75,0.06] 0 
diameter[77,75,0.08] 0 
diameter[77,75,0.1] 0 
diameter[77,75,0.15] 1 
diameter[77,75,0.2] 0 
diameter[77,75,0.25] 0 
diameter[77,75,0.3] 0 
diameter[77,75,0.35] 0 
diameter[77,75,0.4] 0 
diameter[77,75,0.45] 0 
diameter[77,75,0.5] 0 
diameter[77,75,0.6] 0 
diameter[78,76,0.05] 0 
diameter[78,76,0.06] 0 
diameter[78,76,0.08] 0 
diameter[78,76,0.1] 0 
diameter[78,76,0.15] 1 
diameter[78,76,0.2] 0 
diameter[78,76,0.25] 0 
diameter[78,76,0.3] 0 
diameter[78,76,0.35] 0 
diameter[78,76,0.4] 0 
diameter[78,76,0.45] 0 
diameter[78,76,0.5] 0 
diameter[78,76,0.6] 0 
diameter[79,78,0.05] 0 
diameter[79,78,0.06] 0 
diameter[79,78,0.08] 0 
diameter[79,78,0.1] 0 
diameter[79,78,0.15] 1 
diameter[79,78,0.2] 0 
diameter[79,78,0.25] 0 
diameter[79,78,0.3] 0 
diameter[79,78,0.35] 0 
diameter[79,78,0.4] 0 
diameter[79,78,0.45] 0 
diameter[79,78,0.5] 0 
diameter[79,78,0.6] 0 
diameter[80,79,0.05] 0 
diameter[80,79,0.06] 0 
diameter[80,79,0.08] 0 
diameter[80,79,0.1] 0 
diameter[80,79,0.15] 1 
diameter[80,79,0.2] 0 
diameter[80,79,0.25] 0 
diameter[80,79,0.3] 0 
diameter[80,79,0.35] 0 
diameter[80,79,0.4] 0 
diameter[80,79,0.45] 0 
diameter[80,79,0.5] 0 
diameter[80,79,0.6] 0 
diameter[81,82,0.05] 0 
diameter[81,82,0.06] 0 
diameter[81,82,0.08] 0 
diameter[81,82,0.1] 0 
diameter[81,82,0.15] 1 
diameter[81,82,0.2] 0 
diameter[81,82,0.25] 0 
diameter[81,82,0.3] 0 
diameter[81,82,0.35] 0 
diameter[81,82,0.4] 0 
diameter[81,82,0.45] 0 
diameter[81,82,0.5] 0 
diameter[81,82,0.6] 0 
diameter[82,80,0.05] 0 
diameter[82,80,0.06] 0 
diameter[82,80,0.08] 0 
diameter[82,80,0.1] 0 
diameter[82,80,0.15] 1 
diameter[82,80,0.2] 0 
diameter[82,80,0.25] 0 
diameter[82,80,0.3] 0 
diameter[82,80,0.35] 0 
diameter[82,80,0.4] 0 
diameter[82,80,0.45] 0 
diameter[82,80,0.5] 0 
diameter[82,80,0.6] 0 
diameter[82,83,0.05] 1 
diameter[82,83,0.06] 0 
diameter[82,83,0.08] 0 
diameter[82,83,0.1] 0 
diameter[82,83,0.15] 0 
diameter[82,83,0.2] 0 
diameter[82,83,0.25] 0 
diameter[82,83,0.3] 0 
diameter[82,83,0.35] 0 
diameter[82,83,0.4] 0 
diameter[82,83,0.45] 0 
diameter[82,83,0.5] 0 
diameter[82,83,0.6] 0 
diameter[83,84,0.05] 1 
diameter[83,84,0.06] 0 
diameter[83,84,0.08] 0 
diameter[83,84,0.1] 0 
diameter[83,84,0.15] 0 
diameter[83,84,0.2] 0 
diameter[83,84,0.25] 0 
diameter[83,84,0.3] 0 
diameter[83,84,0.35] 0 
diameter[83,84,0.4] 0 
diameter[83,84,0.45] 0 
diameter[83,84,0.5] 0 
diameter[83,84,0.6] 0 
diameter[83,86,0.05] 1 
diameter[83,86,0.06] 0 
diameter[83,86,0.08] 0 
diameter[83,86,0.1] 0 
diameter[83,86,0.15] 0 
diameter[83,86,0.2] 0 
diameter[83,86,0.25] 0 
diameter[83,86,0.3] 0 
diameter[83,86,0.35] 0 
diameter[83,86,0.4] 0 
diameter[83,86,0.45] 0 
diameter[83,86,0.5] 0 
diameter[83,86,0.6] 0 
diameter[84,87,0.05] 1 
diameter[84,87,0.06] 0 
diameter[84,87,0.08] 0 
diameter[84,87,0.1] 0 
diameter[84,87,0.15] 0 
diameter[84,87,0.2] 0 
diameter[84,87,0.25] 0 
diameter[84,87,0.3] 0 
diameter[84,87,0.35] 0 
diameter[84,87,0.4] 0 
diameter[84,87,0.45] 0 
diameter[84,87,0.5] 0 
diameter[84,87,0.6] 0 
diameter[85,88,0.05] 1 
diameter[85,88,0.06] 0 
diameter[85,88,0.08] 0 
diameter[85,88,0.1] 0 
diameter[85,88,0.15] 0 
diameter[85,88,0.2] 0 
diameter[85,88,0.25] 0 
diameter[85,88,0.3] 0 
diameter[85,88,0.35] 0 
diameter[85,88,0.4] 0 
diameter[85,88,0.45] 0 
diameter[85,88,0.5] 0 
diameter[85,88,0.6] 0 
diameter[86,85,0.05] 1 
diameter[86,85,0.06] 0 
diameter[86,85,0.08] 0 
diameter[86,85,0.1] 0 
diameter[86,85,0.15] 0 
diameter[86,85,0.2] 0 
diameter[86,85,0.25] 0 
diameter[86,85,0.3] 0 
diameter[86,85,0.35] 0 
diameter[86,85,0.4] 0 
diameter[86,85,0.45] 0 
diameter[86,85,0.5] 0 
diameter[86,85,0.6] 0 
diameter[88,89,0.05] 1 
diameter[88,89,0.06] 0 
diameter[88,89,0.08] 0 
diameter[88,89,0.1] 0 
diameter[88,89,0.15] 0 
diameter[88,89,0.2] 0 
diameter[88,89,0.25] 0 
diameter[88,89,0.3] 0 
diameter[88,89,0.35] 0 
diameter[88,89,0.4] 0 
diameter[88,89,0.45] 0 
diameter[88,89,0.5] 0 
diameter[88,89,0.6] 0 
diameter[89,90,0.05] 1 
diameter[89,90,0.06] 0 
diameter[89,90,0.08] 0 
diameter[89,90,0.1] 0 
diameter[89,90,0.15] 0 
diameter[89,90,0.2] 0 
diameter[89,90,0.25] 0 
diameter[89,90,0.3] 0 
diameter[89,90,0.35] 0 
diameter[89,90,0.4] 0 
diameter[89,90,0.45] 0 
diameter[89,90,0.5] 0 
diameter[89,90,0.6] 0 
diameter[90,92,0.05] 1 
diameter[90,92,0.06] 0 
diameter[90,92,0.08] 0 
diameter[90,92,0.1] 0 
diameter[90,92,0.15] 0 
diameter[90,92,0.2] 0 
diameter[90,92,0.25] 0 
diameter[90,92,0.3] 0 
diameter[90,92,0.35] 0 
diameter[90,92,0.4] 0 
diameter[90,92,0.45] 0 
diameter[90,92,0.5] 0 
diameter[90,92,0.6] 0 
diameter[92,93,0.05] 1 
diameter[92,93,0.06] 0 
diameter[92,93,0.08] 0 
diameter[92,93,0.1] 0 
diameter[92,93,0.15] 0 
diameter[92,93,0.2] 0 
diameter[92,93,0.25] 0 
diameter[92,93,0.3] 0 
diameter[92,93,0.35] 0 
diameter[92,93,0.4] 0 
diameter[92,93,0.45] 0 
diameter[92,93,0.5] 0 
diameter[92,93,0.6] 0 
diameter[93,91,0.05] 1 
diameter[93,91,0.06] 0 
diameter[93,91,0.08] 0 
diameter[93,91,0.1] 0 
diameter[93,91,0.15] 0 
diameter[93,91,0.2] 0 
diameter[93,91,0.25] 0 
diameter[93,91,0.3] 0 
diameter[93,91,0.35] 0 
diameter[93,91,0.4] 0 
diameter[93,91,0.45] 0 
diameter[93,91,0.5] 0 
diameter[93,91,0.6] 0 
hydro loss[0,1] 0.238041 
hydro loss[1,3] 0.0695668 
hydro loss[2,0] 0.424245 
hydro loss[4,2] 2.24005 
hydro loss[5,4] 0.524391 
hydro loss[6,5] 0.200102 
hydro loss[7,6] 0.382605 
hydro loss[8,7] 0.660437 
hydro loss[9,8] 0.165032 
hydro loss[10,9] 0.200591 
hydro loss[11,10] 0.358973 
hydro loss[12,11] 0.586471 
hydro loss[15,12] 0.469183 
hydro loss[16,13] 0.0448774 
hydro loss[16,17] 0.0734629 
hydro loss[17,14] 0.0417402 
hydro loss[18,15] 0.195615 
hydro loss[18,16] 0.0890167 
hydro loss[19,18] 0.34437 
hydro loss[20,19] 0.283891 
hydro loss[21,23] 0.112381 
hydro loss[23,20] 0.932213 
hydro loss[23,25] 1.54693 
hydro loss[25,24] 0.0494544 
hydro loss[25,29] 0.455942 
hydro loss[26,22] 0.0580441 
hydro loss[26,28] 0.0357852 
hydro loss[27,21] 1.17801 
hydro loss[27,26] 0.764044 
hydro loss[29,32] 0.0448771 
hydro loss[30,27] 2.91833 
hydro loss[31,30] 0.0959136 
hydro loss[33,31] 0.240344 
hydro loss[34,33] 1.45312 
hydro loss[35,36] 0.178939 
hydro loss[36,34] 0.154126 
hydro loss[37,42] 0.494812 
hydro loss[38,37] 0.859328 
hydro loss[38,39] 0.207532 
hydro loss[39,35] 0.264816 
hydro loss[39,40] 0.0659392 
hydro loss[42,52] 0.200909 
hydro loss[43,38] 0.29201 
hydro loss[43,45] 0.392984 
hydro loss[44,43] 0.220592 
hydro loss[45,46] 0.11902 
hydro loss[46,47] 0.0329696 
hydro loss[50,41] 0.0834792 
hydro loss[50,48] 0.0513742 
hydro loss[50,58] 0.0646856 
hydro loss[51,50] 0.669516 
hydro loss[52,49] 0.0567456 
hydro loss[53,44] 0.267317 
hydro loss[54,53] 0.219197 
hydro loss[55,54] 0.246804 
hydro loss[55,56] 0.178531 
hydro loss[56,57] 0.0329696 
hydro loss[59,51] 1.40849 
hydro loss[59,66] 0.212856 
hydro loss[60,59] 0.195535 
hydro loss[61,60] 0.237666 
hydro loss[62,61] 0.718899 
hydro loss[62,70] 0.0556534 
hydro loss[63,62] 0.772717 
hydro loss[64,55] 0.548138 
hydro loss[64,68] 0.659002 
hydro loss[65,64] 0.613134 
hydro loss[66,67] 0.129184 
hydro loss[67,71] 0.055653 
hydro loss[68,63] 0.434776 
hydro loss[69,65] 0.571203 
hydro loss[72,69] 0.908687 
hydro loss[72,73] 0.243282 
hydro loss[73,74] 0.0673911 
hydro loss[75,72] 0.78404 
hydro loss[76,77] 1.23641 
hydro loss[77,75] 1.42614 
hydro loss[78,76] 0.843104 
hydro loss[79,78] 0.696086 
hydro loss[80,79] 14.8023 
hydro loss[81,82] 1.63748 
hydro loss[82,80] 3.67809 
hydro loss[82,83] 6.62179 
hydro loss[83,84] 0.238041 
hydro loss[83,86] 3.50265 
hydro loss[84,87] 0.0850927 
hydro loss[85,88] 2.74635 
hydro loss[86,85] 2.42251 
hydro loss[88,89] 2.54876 
hydro loss[89,90] 0.362636 
hydro loss[90,92] 1.48999 
hydro loss[92,93] 0.419588 
hydro loss[93,91] 0.185474 
PUMP[0,1] 0 
PUMP[1,3] 0 
PUMP[2,0] 0 
PUMP[4,2] 0 
PUMP[5,4] 0 
PUMP[6,5] 0 
PUMP[7,6] 0 
PUMP[8,7] 0 
PUMP[9,8] 0 
PUMP[10,9] 0 
PUMP[11,10] 0 
PUMP[12,11] 0 
PUMP[15,12] 0 
PUMP[16,13] 0 
PUMP[16,17] 0 
PUMP[17,14] 0 
PUMP[18,15] 0 
PUMP[18,16] 0 
PUMP[19,18] 0 
PUMP[20,19] 0 
PUMP[21,23] 0 
PUMP[23,20] 0 
PUMP[23,25] 0 
PUMP[25,24] 0 
PUMP[25,29] 0 
PUMP[26,22] 0 
PUMP[26,28] 0 
PUMP[27,21] 0 
PUMP[27,26] 0 
PUMP[29,32] 0 
PUMP[30,27] 0 
PUMP[31,30] 0 
PUMP[33,31] 0 
PUMP[34,33] 0 
PUMP[35,36] 0 
PUMP[36,34] 0 
PUMP[37,42] 0 
PUMP[38,37] 0 
PUMP[38,39] 0 
PUMP[39,35] 0 
PUMP[39,40] 0 
PUMP[42,52] 0 
PUMP[43,38] 0 
PUMP[43,45] 0 
PUMP[44,43] 0 
PUMP[45,46] 0 
PUMP[46,47] 0 
PUMP[50,41] 0 
PUMP[50,48] 0 
PUMP[50,58] 0 
PUMP[51,50] 0 
PUMP[52,49] 0 
PUMP[53,44] 0 
PUMP[54,53] 0 
PUMP[55,54] 0 
PUMP[55,56] 0 
PUMP[56,57] 0 
PUMP[59,51] 0 
PUMP[59,66] 0 
PUMP[60,59] 0 
PUMP[61,60] 0 
PUMP[62,61] 0 
PUMP[62,70] 0 
PUMP[63,62] 0 
PUMP[64,55] 0 
PUMP[64,68] 0 
PUMP[65,64] 0 
PUMP[66,67] 0 
PUMP[67,71] 0 
PUMP[68,63] 0 
PUMP[69,65] 0 
PUMP[72,69] 0 
PUMP[72,73] 0 
PUMP[73,74] 0 
PUMP[75,72] 0 
PUMP[76,77] 0 
PUMP[77,75] 0 
PUMP[78,76] 0 
PUMP[79,78] 0 
PUMP[80,79] 0 
PUMP[81,82] 0 
PUMP[82,80] 0 
PUMP[82,83] 0 
PUMP[83,84] 0 
PUMP[83,86] 0 
PUMP[84,87] 0 
PUMP[85,88] 0 
PUMP[86,85] 0 
PUMP[88,89] 0 
PUMP[89,90] 0 
PUMP[90,92] 0 
PUMP[92,93] 0 
PUMP[93,91] 0 
PRESSURE BY PUMP[0,1] 0 
PRESSURE BY PUMP[1,3] 0 
PRESSURE BY PUMP[2,0] 0 
PRESSURE BY PUMP[4,2] 0 
PRESSURE BY PUMP[5,4] 0 
PRESSURE BY PUMP[6,5] 0 
PRESSURE BY PUMP[7,6] 0 
PRESSURE BY PUMP[8,7] 0 
PRESSURE BY PUMP[9,8] 0 
PRESSURE BY PUMP[10,9] 0 
PRESSURE BY PUMP[11,10] 0 
PRESSURE BY PUMP[12,11] 0 
PRESSURE BY PUMP[15,12] 0 
PRESSURE BY PUMP[16,13] 0 
PRESSURE BY PUMP[16,17] 0 
PRESSURE BY PUMP[17,14] 0 
PRESSURE BY PUMP[18,15] 0 
PRESSURE BY PUMP[18,16] 0 
PRESSURE BY PUMP[19,18] 0 
PRESSURE BY PUMP[20,19] 0 
PRESSURE BY PUMP[21,23] 0 
PRESSURE BY PUMP[23,20] 0 
PRESSURE BY PUMP[23,25] 0 
PRESSURE BY PUMP[25,24] 0 
PRESSURE BY PUMP[25,29] 0 
PRESSURE BY PUMP[26,22] 0 
PRESSURE BY PUMP[26,28] 0 
PRESSURE BY PUMP[27,21] 0 
PRESSURE BY PUMP[27,26] 0 
PRESSURE BY PUMP[29,32] 0 
PRESSURE BY PUMP[30,27] 0 
PRESSURE BY PUMP[31,30] 0 
PRESSURE BY PUMP[33,31] 0 
PRESSURE BY PUMP[34,33] 0 
PRESSURE BY PUMP[35,36] 0 
PRESSURE BY PUMP[36,34] 0 
PRESSURE BY PUMP[37,42] 0 
PRESSURE BY PUMP[38,37] 0 
PRESSURE BY PUMP[38,39] 0 
PRESSURE BY PUMP[39,35] 0 
PRESSURE BY PUMP[39,40] 0 
PRESSURE BY PUMP[42,52] 0 
PRESSURE BY PUMP[43,38] 0 
PRESSURE BY PUMP[43,45] 0 
PRESSURE BY PUMP[44,43] 0 
PRESSURE BY PUMP[45,46] 0 
PRESSURE BY PUMP[46,47] 0 
PRESSURE BY PUMP[50,41] 0 
PRESSURE BY PUMP[50,48] 0 
PRESSURE BY PUMP[50,58] 0 
PRESSURE BY PUMP[51,50] 0 
PRESSURE BY PUMP[52,49] 0 
PRESSURE BY PUMP[53,44] 0 
PRESSURE BY PUMP[54,53] 0 
PRESSURE BY PUMP[55,54] 0 
PRESSURE BY PUMP[55,56] 0 
PRESSURE BY PUMP[56,57] 0 
PRESSURE BY PUMP[59,51] 0 
PRESSURE BY PUMP[59,66] 0 
PRESSURE BY PUMP[60,59] 0 
PRESSURE BY PUMP[61,60] 0 
PRESSURE BY PUMP[62,61] 0 
PRESSURE BY PUMP[62,70] 0 
PRESSURE BY PUMP[63,62] 0 
PRESSURE BY PUMP[64,55] 0 
PRESSURE BY PUMP[64,68] 0 
PRESSURE BY PUMP[65,64] 0 
PRESSURE BY PUMP[66,67] 0 
PRESSURE BY PUMP[67,71] 0 
PRESSURE BY PUMP[68,63] 0 
PRESSURE BY PUMP[69,65] 0 
PRESSURE BY PUMP[72,69] 0 
PRESSURE BY PUMP[72,73] 0 
PRESSURE BY PUMP[73,74] 0 
PRESSURE BY PUMP[75,72] 0 
PRESSURE BY PUMP[76,77] 0 
PRESSURE BY PUMP[77,75] 0 
PRESSURE BY PUMP[78,76] 0 
PRESSURE BY PUMP[79,78] 0 
PRESSURE BY PUMP[80,79] 0 
PRESSURE BY PUMP[81,82] 0 
PRESSURE BY PUMP[82,80] 0 
PRESSURE BY PUMP[82,83] 0 
PRESSURE BY PUMP[83,84] 0 
PRESSURE BY PUMP[83,86] 0 
PRESSURE BY PUMP[84,87] 0 
PRESSURE BY PUMP[85,88] 0 
PRESSURE BY PUMP[86,85] 0 
PRESSURE BY PUMP[88,89] 0 
PRESSURE BY PUMP[89,90] 0 
PRESSURE BY PUMP[90,92] 0 
PRESSURE BY PUMP[92,93] 0 
PRESSURE BY PUMP[93,91] 0 
In Node Elevation[0] 41.7051 
In Node Elevation[1] 42.8044 
In Node Elevation[2] 43.4667 
In Node Elevation[3] 42.7348 
In Node Elevation[4] 45.7067 
In Node Elevation[5] 46.2311 
In Node Elevation[6] 44.0892 
In Node Elevation[7] 46.8138 
In Node Elevation[8] 47.4743 
In Node Elevation[9] 44.9 
In Node Elevation[10] 47.8399 
In Node Elevation[11] 45.0294 
In Node Elevation[12] 45.0578 
In Node Elevation[13] 49.3163 
In Node Elevation[14] 49.2459 
In Node Elevation[15] 49.2545 
In Node Elevation[16] 47.7288 
In Node Elevation[17] 49.2877 
In Node Elevation[18] 46.748 
In Node Elevation[19] 49.7945 
In Node Elevation[20] 45.9313 
In Node Elevation[21] 51.123 
In Node Elevation[22] 51.4789 
In Node Elevation[23] 46.0479 
In Node Elevation[24] 49.4142 
In Node Elevation[25] 49.4637 
In Node Elevation[26] 51.537 
In Node Elevation[27] 52.301 
In Node Elevation[28] 51.5012 
In Node Elevation[29] 46.3512 
In Node Elevation[30] 50.3563 
In Node Elevation[31] 55.3153 
In Node Elevation[32] 46.6757 
In Node Elevation[33] 55.5556 
In Node Elevation[34] 52.5947 
In Node Elevation[35] 52.9664 
In Node Elevation[36] 53.0552 
In Node Elevation[37] 54.0692 
In Node Elevation[38] 53.9994 
In Node Elevation[39] 57.6066 
In Node Elevation[40] 57.5407 
In Node Elevation[41] 54.4281 
In Node Elevation[42] 55.3915 
In Node Elevation[43] 55.5394 
In Node Elevation[44] 55.5022 
In Node Elevation[45] 55.0657 
In Node Elevation[46] 54.7827 
In Node Elevation[47] 57.5612 
In Node Elevation[48] 54.4602 
In Node Elevation[49] 55.452 
In Node Elevation[50] 54.2494 
In Node Elevation[51] 55.1811 
In Node Elevation[52] 55.8553 
In Node Elevation[53] 58.5941 
In Node Elevation[54] 55.7964 
In Node Elevation[55] 55.4031 
In Node Elevation[56] 55.2419 
In Node Elevation[57] 58.8486 
In Node Elevation[58] 54.4469 
In Node Elevation[59] 54.9214 
In Node Elevation[60] 55.2687 
In Node Elevation[61] 57.0228 
In Node Elevation[62] 55.7799 
In Node Elevation[63] 58.5144 
In Node Elevation[64] 59.6082 
In Node Elevation[65] 60.2213 
In Node Elevation[66] 56.3767 
In Node Elevation[67] 56.2476 
In Node Elevation[68] 55.4785 
In Node Elevation[69] 54.2138 
In Node Elevation[70] 57.686 
In Node Elevation[71] 56.1919 
In Node Elevation[72] 53.274 
In Node Elevation[73] 55.711 
In Node Elevation[74] 61.3905 
In Node Elevation[75] 53.0633 
In Node Elevation[76] 65.1478 
In Node Elevation[77] 52.3061 
In Node Elevation[78] 52.643 
In Node Elevation[79] 66.687 
In Node Elevation[80] 81.4893 
In Node Elevation[81] 86.8048 
In Node Elevation[82] 85.1674 
In Node Elevation[83] 55.7786 
In Node Elevation[84] 78.3075 
In Node Elevation[85] 72.6204 
In Node Elevation[86] 55.7139 
In Node Elevation[87] 78.2224 
In Node Elevation[88] 69.8741 
In Node Elevation[89] 54.9341 
In Node Elevation[90] 66.9627 
In Node Elevation[91] 52.4077 
In Node Elevation[92] 55.4325 
In Node Elevation[93] 55.2704 
HEAD PRESSURE[0] 32.9836 
HEAD PRESSURE[1] 31.6462 
HEAD PRESSURE[2] 31.6462 
HEAD PRESSURE[3] 31.6462 
HEAD PRESSURE[4] 31.6462 
HEAD PRESSURE[5] 31.6462 
HEAD PRESSURE[6] 33.9883 
HEAD PRESSURE[7] 31.6462 
HEAD PRESSURE[8] 31.6462 
HEAD PRESSURE[9] 34.3856 
HEAD PRESSURE[10] 31.6462 
HEAD PRESSURE[11] 34.8158 
HEAD PRESSURE[12] 35.3738 
HEAD PRESSURE[13] 31.6462 
HEAD PRESSURE[14] 31.6462 
HEAD PRESSURE[15] 31.6462 
HEAD PRESSURE[16] 33.2785 
HEAD PRESSURE[17] 31.6462 
HEAD PRESSURE[18] 34.3483 
HEAD PRESSURE[19] 31.6462 
HEAD PRESSURE[20] 35.7933 
HEAD PRESSURE[21] 31.6462 
HEAD PRESSURE[22] 31.6462 
HEAD PRESSURE[23] 36.6089 
HEAD PRESSURE[24] 31.6462 
HEAD PRESSURE[25] 31.6462 
HEAD PRESSURE[26] 31.6462 
HEAD PRESSURE[27] 31.6462 
HEAD PRESSURE[28] 31.6462 
HEAD PRESSURE[29] 34.3028 
HEAD PRESSURE[30] 36.5093 
HEAD PRESSURE[31] 31.6462 
HEAD PRESSURE[32] 33.9334 
HEAD PRESSURE[33] 31.6462 
HEAD PRESSURE[34] 36.0602 
HEAD PRESSURE[35] 36.0216 
HEAD PRESSURE[36] 35.7539 
HEAD PRESSURE[37] 34.5318 
HEAD PRESSURE[38] 35.461 
HEAD PRESSURE[39] 31.6462 
HEAD PRESSURE[40] 31.6462 
HEAD PRESSURE[41] 31.6462 
HEAD PRESSURE[42] 32.7147 
HEAD PRESSURE[43] 34.213 
HEAD PRESSURE[44] 34.4708 
HEAD PRESSURE[45] 34.2937 
HEAD PRESSURE[46] 34.4576 
HEAD PRESSURE[47] 31.6462 
HEAD PRESSURE[48] 31.6462 
HEAD PRESSURE[49] 32.3966 
HEAD PRESSURE[50] 31.9084 
HEAD PRESSURE[51] 31.6462 
HEAD PRESSURE[52] 32.0501 
HEAD PRESSURE[53] 31.6462 
HEAD PRESSURE[54] 34.6631 
HEAD PRESSURE[55] 35.3032 
HEAD PRESSURE[56] 35.2859 
HEAD PRESSURE[57] 31.6462 
HEAD PRESSURE[58] 31.6462 
HEAD PRESSURE[59] 33.3144 
HEAD PRESSURE[60] 33.1627 
HEAD PRESSURE[61] 31.6462 
HEAD PRESSURE[62] 33.608 
HEAD PRESSURE[63] 31.6462 
HEAD PRESSURE[64] 31.6462 
HEAD PRESSURE[65] 31.6462 
HEAD PRESSURE[66] 31.6462 
HEAD PRESSURE[67] 31.6462 
HEAD PRESSURE[68] 35.117 
HEAD PRESSURE[69] 38.225 
HEAD PRESSURE[70] 31.6462 
HEAD PRESSURE[71] 31.6462 
HEAD PRESSURE[72] 40.0734 
HEAD PRESSURE[73] 37.3932 
HEAD PRESSURE[74] 31.6462 
HEAD PRESSURE[75] 41.0682 
HEAD PRESSURE[76] 31.6462 
HEAD PRESSURE[77] 43.2516 
HEAD PRESSURE[78] 44.9941 
HEAD PRESSURE[79] 31.6462 
HEAD PRESSURE[80] 31.6462 
HEAD PRESSURE[81] 31.6462 
HEAD PRESSURE[82] 31.6462 
HEAD PRESSURE[83] 54.4132 
HEAD PRESSURE[84] 31.6462 
HEAD PRESSURE[85] 31.6462 
HEAD PRESSURE[86] 50.9752 
HEAD PRESSURE[87] 31.6462 
HEAD PRESSURE[88] 31.6462 
HEAD PRESSURE[89] 44.0375 
HEAD PRESSURE[90] 31.6462 
HEAD PRESSURE[91] 44.1062 
HEAD PRESSURE[92] 41.6864 
HEAD PRESSURE[93] 41.4289 
