number of nodes: 171 
number of edges: 170 
capital_cost_pump_station: 166000 
ps_OM_cost: 175950 
water_demand: 1.095e-05 
Solution Value: 130197 
Solution Value 1: 130197 
Solution Value 2: 0 
Solution Value 3: 0 
diameter[1,0,0.05] 1 
diameter[1,0,0.06] 0 
diameter[1,0,0.08] 0 
diameter[1,0,0.1] 0 
diameter[1,0,0.15] 0 
diameter[1,0,0.2] 0 
diameter[1,0,0.25] 0 
diameter[1,0,0.3] 0 
diameter[1,0,0.35] 0 
diameter[1,0,0.4] 0 
diameter[1,0,0.45] 0 
diameter[1,0,0.5] 0 
diameter[1,0,0.6] 0 
diameter[1,2,0.05] 1 
diameter[1,2,0.06] -0 
diameter[1,2,0.08] -0 
diameter[1,2,0.1] 0 
diameter[1,2,0.15] 0 
diameter[1,2,0.2] 0 
diameter[1,2,0.25] 0 
diameter[1,2,0.3] 0 
diameter[1,2,0.35] 0 
diameter[1,2,0.4] 0 
diameter[1,2,0.45] 0 
diameter[1,2,0.5] 0 
diameter[1,2,0.6] 0 
diameter[3,1,0.05] -0 
diameter[3,1,0.06] 1 
diameter[3,1,0.08] -0 
diameter[3,1,0.1] 0 
diameter[3,1,0.15] 0 
diameter[3,1,0.2] 0 
diameter[3,1,0.25] 0 
diameter[3,1,0.3] 0 
diameter[3,1,0.35] 0 
diameter[3,1,0.4] 0 
diameter[3,1,0.45] 0 
diameter[3,1,0.5] 0 
diameter[3,1,0.6] 0 
diameter[5,4,0.05] 1 
diameter[5,4,0.06] 0 
diameter[5,4,0.08] 0 
diameter[5,4,0.1] 0 
diameter[5,4,0.15] 0 
diameter[5,4,0.2] 0 
diameter[5,4,0.25] 0 
diameter[5,4,0.3] 0 
diameter[5,4,0.35] 0 
diameter[5,4,0.4] 0 
diameter[5,4,0.45] 0 
diameter[5,4,0.5] 0 
diameter[5,4,0.6] 0 
diameter[6,3,0.05] 0 
diameter[6,3,0.06] -0 
diameter[6,3,0.08] 1 
diameter[6,3,0.1] 0 
diameter[6,3,0.15] 0 
diameter[6,3,0.2] 0 
diameter[6,3,0.25] 0 
diameter[6,3,0.3] 0 
diameter[6,3,0.35] 0 
diameter[6,3,0.4] 0 
diameter[6,3,0.45] 0 
diameter[6,3,0.5] 0 
diameter[6,3,0.6] 0 
diameter[6,5,0.05] 1 
diameter[6,5,0.06] 0 
diameter[6,5,0.08] 0 
diameter[6,5,0.1] 0 
diameter[6,5,0.15] 0 
diameter[6,5,0.2] 0 
diameter[6,5,0.25] 0 
diameter[6,5,0.3] 0 
diameter[6,5,0.35] 0 
diameter[6,5,0.4] 0 
diameter[6,5,0.45] 0 
diameter[6,5,0.5] 0 
diameter[6,5,0.6] 0 
diameter[7,6,0.05] 0 
diameter[7,6,0.06] -0 
diameter[7,6,0.08] 1 
diameter[7,6,0.1] 0 
diameter[7,6,0.15] 0 
diameter[7,6,0.2] 0 
diameter[7,6,0.25] 0 
diameter[7,6,0.3] 0 
diameter[7,6,0.35] 0 
diameter[7,6,0.4] 0 
diameter[7,6,0.45] 0 
diameter[7,6,0.5] 0 
diameter[7,6,0.6] 0 
diameter[7,8,0.05] 1 
diameter[7,8,0.06] 0 
diameter[7,8,0.08] 0 
diameter[7,8,0.1] 0 
diameter[7,8,0.15] 0 
diameter[7,8,0.2] 0 
diameter[7,8,0.25] 0 
diameter[7,8,0.3] 0 
diameter[7,8,0.35] 0 
diameter[7,8,0.4] 0 
diameter[7,8,0.45] 0 
diameter[7,8,0.5] 0 
diameter[7,8,0.6] 0 
diameter[9,17,0.05] 1 
diameter[9,17,0.06] 0 
diameter[9,17,0.08] 0 
diameter[9,17,0.1] 0 
diameter[9,17,0.15] 0 
diameter[9,17,0.2] 0 
diameter[9,17,0.25] 0 
diameter[9,17,0.3] 0 
diameter[9,17,0.35] 0 
diameter[9,17,0.4] 0 
diameter[9,17,0.45] 0 
diameter[9,17,0.5] 0 
diameter[9,17,0.6] 0 
diameter[10,9,0.05] 1 
diameter[10,9,0.06] 0 
diameter[10,9,0.08] 0 
diameter[10,9,0.1] 0 
diameter[10,9,0.15] 0 
diameter[10,9,0.2] 0 
diameter[10,9,0.25] 0 
diameter[10,9,0.3] 0 
diameter[10,9,0.35] 0 
diameter[10,9,0.4] 0 
diameter[10,9,0.45] 0 
diameter[10,9,0.5] 0 
diameter[10,9,0.6] 0 
diameter[10,11,0.05] 0 
diameter[10,11,0.06] 0 
diameter[10,11,0.08] -0 
diameter[10,11,0.1] 1 
diameter[10,11,0.15] 0 
diameter[10,11,0.2] 0 
diameter[10,11,0.25] 0 
diameter[10,11,0.3] 0 
diameter[10,11,0.35] 0 
diameter[10,11,0.4] 0 
diameter[10,11,0.45] 0 
diameter[10,11,0.5] 0 
diameter[10,11,0.6] 0 
diameter[11,12,0.05] 0 
diameter[11,12,0.06] 0 
diameter[11,12,0.08] -0 
diameter[11,12,0.1] 1 
diameter[11,12,0.15] 0 
diameter[11,12,0.2] 0 
diameter[11,12,0.25] 0 
diameter[11,12,0.3] 0 
diameter[11,12,0.35] 0 
diameter[11,12,0.4] 0 
diameter[11,12,0.45] 0 
diameter[11,12,0.5] 0 
diameter[11,12,0.6] 0 
diameter[12,13,0.05] 0 
diameter[12,13,0.06] 0 
diameter[12,13,0.08] -0 
diameter[12,13,0.1] 1 
diameter[12,13,0.15] 0 
diameter[12,13,0.2] 0 
diameter[12,13,0.25] 0 
diameter[12,13,0.3] 0 
diameter[12,13,0.35] 0 
diameter[12,13,0.4] 0 
diameter[12,13,0.45] 0 
diameter[12,13,0.5] 0 
diameter[12,13,0.6] 0 
diameter[13,14,0.05] 0 
diameter[13,14,0.06] 0 
diameter[13,14,0.08] -0 
diameter[13,14,0.1] 1 
diameter[13,14,0.15] 0 
diameter[13,14,0.2] 0 
diameter[13,14,0.25] 0 
diameter[13,14,0.3] 0 
diameter[13,14,0.35] 0 
diameter[13,14,0.4] 0 
diameter[13,14,0.45] 0 
diameter[13,14,0.5] 0 
diameter[13,14,0.6] 0 
diameter[14,7,0.05] 0 
diameter[14,7,0.06] 0 
diameter[14,7,0.08] 1 
diameter[14,7,0.1] 0 
diameter[14,7,0.15] 0 
diameter[14,7,0.2] 0 
diameter[14,7,0.25] 0 
diameter[14,7,0.3] 0 
diameter[14,7,0.35] 0 
diameter[14,7,0.4] 0 
diameter[14,7,0.45] 0 
diameter[14,7,0.5] 0 
diameter[14,7,0.6] 0 
diameter[14,15,0.05] 1 
diameter[14,15,0.06] 0 
diameter[14,15,0.08] 0 
diameter[14,15,0.1] 0 
diameter[14,15,0.15] 0 
diameter[14,15,0.2] 0 
diameter[14,15,0.25] 0 
diameter[14,15,0.3] 0 
diameter[14,15,0.35] 0 
diameter[14,15,0.4] 0 
diameter[14,15,0.45] 0 
diameter[14,15,0.5] 0 
diameter[14,15,0.6] 0 
diameter[15,16,0.05] 1 
diameter[15,16,0.06] 0 
diameter[15,16,0.08] 0 
diameter[15,16,0.1] 0 
diameter[15,16,0.15] 0 
diameter[15,16,0.2] 0 
diameter[15,16,0.25] 0 
diameter[15,16,0.3] 0 
diameter[15,16,0.35] 0 
diameter[15,16,0.4] 0 
diameter[15,16,0.45] 0 
diameter[15,16,0.5] 0 
diameter[15,16,0.6] 0 
diameter[16,19,0.05] 1 
diameter[16,19,0.06] 0 
diameter[16,19,0.08] 0 
diameter[16,19,0.1] 0 
diameter[16,19,0.15] 0 
diameter[16,19,0.2] 0 
diameter[16,19,0.25] 0 
diameter[16,19,0.3] 0 
diameter[16,19,0.35] 0 
diameter[16,19,0.4] 0 
diameter[16,19,0.45] 0 
diameter[16,19,0.5] 0 
diameter[16,19,0.6] 0 
diameter[17,20,0.05] 1 
diameter[17,20,0.06] 0 
diameter[17,20,0.08] 0 
diameter[17,20,0.1] 0 
diameter[17,20,0.15] 0 
diameter[17,20,0.2] 0 
diameter[17,20,0.25] 0 
diameter[17,20,0.3] 0 
diameter[17,20,0.35] 0 
diameter[17,20,0.4] 0 
diameter[17,20,0.45] 0 
diameter[17,20,0.5] 0 
diameter[17,20,0.6] 0 
diameter[18,10,0.05] 0 
diameter[18,10,0.06] 0 
diameter[18,10,0.08] 0 
diameter[18,10,0.1] 1 
diameter[18,10,0.15] 0 
diameter[18,10,0.2] 0 
diameter[18,10,0.25] 0 
diameter[18,10,0.3] 0 
diameter[18,10,0.35] 0 
diameter[18,10,0.4] 0 
diameter[18,10,0.45] 0 
diameter[18,10,0.5] 0 
diameter[18,10,0.6] 0 
diameter[19,26,0.05] 1 
diameter[19,26,0.06] 0 
diameter[19,26,0.08] 0 
diameter[19,26,0.1] 0 
diameter[19,26,0.15] 0 
diameter[19,26,0.2] 0 
diameter[19,26,0.25] 0 
diameter[19,26,0.3] 0 
diameter[19,26,0.35] 0 
diameter[19,26,0.4] 0 
diameter[19,26,0.45] 0 
diameter[19,26,0.5] 0 
diameter[19,26,0.6] 0 
diameter[20,22,0.05] 1 
diameter[20,22,0.06] 0 
diameter[20,22,0.08] 0 
diameter[20,22,0.1] 0 
diameter[20,22,0.15] 0 
diameter[20,22,0.2] 0 
diameter[20,22,0.25] 0 
diameter[20,22,0.3] 0 
diameter[20,22,0.35] 0 
diameter[20,22,0.4] 0 
diameter[20,22,0.45] 0 
diameter[20,22,0.5] 0 
diameter[20,22,0.6] 0 
diameter[23,18,0.05] 0 
diameter[23,18,0.06] 0 
diameter[23,18,0.08] 0 
diameter[23,18,0.1] 1 
diameter[23,18,0.15] 0 
diameter[23,18,0.2] 0 
diameter[23,18,0.25] 0 
diameter[23,18,0.3] 0 
diameter[23,18,0.35] 0 
diameter[23,18,0.4] 0 
diameter[23,18,0.45] 0 
diameter[23,18,0.5] 0 
diameter[23,18,0.6] 0 
diameter[25,21,0.05] 1 
diameter[25,21,0.06] 0 
diameter[25,21,0.08] 0 
diameter[25,21,0.1] 0 
diameter[25,21,0.15] 0 
diameter[25,21,0.2] 0 
diameter[25,21,0.25] 0 
diameter[25,21,0.3] 0 
diameter[25,21,0.35] 0 
diameter[25,21,0.4] 0 
diameter[25,21,0.45] 0 
diameter[25,21,0.5] 0 
diameter[25,21,0.6] 0 
diameter[26,27,0.05] 1 
diameter[26,27,0.06] 0 
diameter[26,27,0.08] 0 
diameter[26,27,0.1] 0 
diameter[26,27,0.15] 0 
diameter[26,27,0.2] 0 
diameter[26,27,0.25] 0 
diameter[26,27,0.3] 0 
diameter[26,27,0.35] 0 
diameter[26,27,0.4] 0 
diameter[26,27,0.45] 0 
diameter[26,27,0.5] 0 
diameter[26,27,0.6] 0 
diameter[27,25,0.05] 1 
diameter[27,25,0.06] 0 
diameter[27,25,0.08] 0 
diameter[27,25,0.1] 0 
diameter[27,25,0.15] 0 
diameter[27,25,0.2] 0 
diameter[27,25,0.25] 0 
diameter[27,25,0.3] 0 
diameter[27,25,0.35] 0 
diameter[27,25,0.4] 0 
diameter[27,25,0.45] 0 
diameter[27,25,0.5] 0 
diameter[27,25,0.6] 0 
diameter[28,24,0.05] 1 
diameter[28,24,0.06] 0 
diameter[28,24,0.08] 0 
diameter[28,24,0.1] 0 
diameter[28,24,0.15] 0 
diameter[28,24,0.2] 0 
diameter[28,24,0.25] 0 
diameter[28,24,0.3] 0 
diameter[28,24,0.35] 0 
diameter[28,24,0.4] 0 
diameter[28,24,0.45] 0 
diameter[28,24,0.5] 0 
diameter[28,24,0.6] 0 
diameter[29,23,0.05] 0 
diameter[29,23,0.06] 0 
diameter[29,23,0.08] 0 
diameter[29,23,0.1] 1 
diameter[29,23,0.15] 0 
diameter[29,23,0.2] 0 
diameter[29,23,0.25] 0 
diameter[29,23,0.3] 0 
diameter[29,23,0.35] 0 
diameter[29,23,0.4] 0 
diameter[29,23,0.45] 0 
diameter[29,23,0.5] 0 
diameter[29,23,0.6] 0 
diameter[30,28,0.05] 1 
diameter[30,28,0.06] 0 
diameter[30,28,0.08] 0 
diameter[30,28,0.1] 0 
diameter[30,28,0.15] 0 
diameter[30,28,0.2] 0 
diameter[30,28,0.25] 0 
diameter[30,28,0.3] 0 
diameter[30,28,0.35] 0 
diameter[30,28,0.4] 0 
diameter[30,28,0.45] 0 
diameter[30,28,0.5] 0 
diameter[30,28,0.6] 0 
diameter[30,31,0.05] 0 
diameter[30,31,0.06] 0 
diameter[30,31,0.08] 0 
diameter[30,31,0.1] 1 
diameter[30,31,0.15] 0 
diameter[30,31,0.2] 0 
diameter[30,31,0.25] 0 
diameter[30,31,0.3] 0 
diameter[30,31,0.35] 0 
diameter[30,31,0.4] 0 
diameter[30,31,0.45] 0 
diameter[30,31,0.5] 0 
diameter[30,31,0.6] 0 
diameter[31,29,0.05] 0 
diameter[31,29,0.06] 0 
diameter[31,29,0.08] 0 
diameter[31,29,0.1] 1 
diameter[31,29,0.15] 0 
diameter[31,29,0.2] 0 
diameter[31,29,0.25] 0 
diameter[31,29,0.3] 0 
diameter[31,29,0.35] 0 
diameter[31,29,0.4] 0 
diameter[31,29,0.45] 0 
diameter[31,29,0.5] 0 
diameter[31,29,0.6] 0 
diameter[31,34,0.05] 1 
diameter[31,34,0.06] 0 
diameter[31,34,0.08] 0 
diameter[31,34,0.1] 0 
diameter[31,34,0.15] 0 
diameter[31,34,0.2] 0 
diameter[31,34,0.25] 0 
diameter[31,34,0.3] 0 
diameter[31,34,0.35] 0 
diameter[31,34,0.4] 0 
diameter[31,34,0.45] 0 
diameter[31,34,0.5] 0 
diameter[31,34,0.6] 0 
diameter[33,30,0.05] 0 
diameter[33,30,0.06] 0 
diameter[33,30,0.08] 0 
diameter[33,30,0.1] 1 
diameter[33,30,0.15] 0 
diameter[33,30,0.2] 0 
diameter[33,30,0.25] 0 
diameter[33,30,0.3] 0 
diameter[33,30,0.35] 0 
diameter[33,30,0.4] 0 
diameter[33,30,0.45] 0 
diameter[33,30,0.5] 0 
diameter[33,30,0.6] 0 
diameter[35,33,0.05] 0 
diameter[35,33,0.06] 0 
diameter[35,33,0.08] 0 
diameter[35,33,0.1] 1 
diameter[35,33,0.15] 0 
diameter[35,33,0.2] 0 
diameter[35,33,0.25] 0 
diameter[35,33,0.3] 0 
diameter[35,33,0.35] 0 
diameter[35,33,0.4] 0 
diameter[35,33,0.45] 0 
diameter[35,33,0.5] 0 
diameter[35,33,0.6] 0 
diameter[35,37,0.05] 1 
diameter[35,37,0.06] 0 
diameter[35,37,0.08] 0 
diameter[35,37,0.1] 0 
diameter[35,37,0.15] 0 
diameter[35,37,0.2] 0 
diameter[35,37,0.25] 0 
diameter[35,37,0.3] 0 
diameter[35,37,0.35] 0 
diameter[35,37,0.4] 0 
diameter[35,37,0.45] 0 
diameter[35,37,0.5] 0 
diameter[35,37,0.6] 0 
diameter[36,32,0.05] 1 
diameter[36,32,0.06] 0 
diameter[36,32,0.08] 0 
diameter[36,32,0.1] 0 
diameter[36,32,0.15] 0 
diameter[36,32,0.2] 0 
diameter[36,32,0.25] 0 
diameter[36,32,0.3] 0 
diameter[36,32,0.35] 0 
diameter[36,32,0.4] 0 
diameter[36,32,0.45] 0 
diameter[36,32,0.5] 0 
diameter[36,32,0.6] 0 
diameter[37,36,0.05] 1 
diameter[37,36,0.06] 0 
diameter[37,36,0.08] 0 
diameter[37,36,0.1] 0 
diameter[37,36,0.15] 0 
diameter[37,36,0.2] 0 
diameter[37,36,0.25] 0 
diameter[37,36,0.3] 0 
diameter[37,36,0.35] 0 
diameter[37,36,0.4] 0 
diameter[37,36,0.45] 0 
diameter[37,36,0.5] 0 
diameter[37,36,0.6] 0 
diameter[38,35,0.05] 0 
diameter[38,35,0.06] 0 
diameter[38,35,0.08] 0 
diameter[38,35,0.1] 1 
diameter[38,35,0.15] 0 
diameter[38,35,0.2] 0 
diameter[38,35,0.25] 0 
diameter[38,35,0.3] 0 
diameter[38,35,0.35] 0 
diameter[38,35,0.4] 0 
diameter[38,35,0.45] 0 
diameter[38,35,0.5] 0 
diameter[38,35,0.6] 0 
diameter[39,50,0.05] 1 
diameter[39,50,0.06] 0 
diameter[39,50,0.08] 0 
diameter[39,50,0.1] 0 
diameter[39,50,0.15] 0 
diameter[39,50,0.2] 0 
diameter[39,50,0.25] 0 
diameter[39,50,0.3] 0 
diameter[39,50,0.35] 0 
diameter[39,50,0.4] 0 
diameter[39,50,0.45] 0 
diameter[39,50,0.5] 0 
diameter[39,50,0.6] 0 
diameter[40,38,0.05] 0 
diameter[40,38,0.06] 0 
diameter[40,38,0.08] 0 
diameter[40,38,0.1] 1 
diameter[40,38,0.15] 0 
diameter[40,38,0.2] 0 
diameter[40,38,0.25] 0 
diameter[40,38,0.3] 0 
diameter[40,38,0.35] 0 
diameter[40,38,0.4] 0 
diameter[40,38,0.45] 0 
diameter[40,38,0.5] 0 
diameter[40,38,0.6] 0 
diameter[41,39,0.05] 1 
diameter[41,39,0.06] 0 
diameter[41,39,0.08] 0 
diameter[41,39,0.1] 0 
diameter[41,39,0.15] 0 
diameter[41,39,0.2] 0 
diameter[41,39,0.25] 0 
diameter[41,39,0.3] 0 
diameter[41,39,0.35] 0 
diameter[41,39,0.4] 0 
diameter[41,39,0.45] 0 
diameter[41,39,0.5] 0 
diameter[41,39,0.6] 0 
diameter[42,40,0.05] 0 
diameter[42,40,0.06] 0 
diameter[42,40,0.08] 0 
diameter[42,40,0.1] 1 
diameter[42,40,0.15] 0 
diameter[42,40,0.2] 0 
diameter[42,40,0.25] 0 
diameter[42,40,0.3] 0 
diameter[42,40,0.35] 0 
diameter[42,40,0.4] 0 
diameter[42,40,0.45] 0 
diameter[42,40,0.5] 0 
diameter[42,40,0.6] 0 
diameter[42,43,0.05] 1 
diameter[42,43,0.06] 0 
diameter[42,43,0.08] 0 
diameter[42,43,0.1] 0 
diameter[42,43,0.15] 0 
diameter[42,43,0.2] 0 
diameter[42,43,0.25] 0 
diameter[42,43,0.3] 0 
diameter[42,43,0.35] 0 
diameter[42,43,0.4] 0 
diameter[42,43,0.45] 0 
diameter[42,43,0.5] 0 
diameter[42,43,0.6] 0 
diameter[43,41,0.05] 1 
diameter[43,41,0.06] 0 
diameter[43,41,0.08] 0 
diameter[43,41,0.1] 0 
diameter[43,41,0.15] 0 
diameter[43,41,0.2] 0 
diameter[43,41,0.25] 0 
diameter[43,41,0.3] 0 
diameter[43,41,0.35] 0 
diameter[43,41,0.4] 0 
diameter[43,41,0.45] 0 
diameter[43,41,0.5] 0 
diameter[43,41,0.6] 0 
diameter[45,42,0.05] 0 
diameter[45,42,0.06] 0 
diameter[45,42,0.08] 0 
diameter[45,42,0.1] 1 
diameter[45,42,0.15] 0 
diameter[45,42,0.2] 0 
diameter[45,42,0.25] 0 
diameter[45,42,0.3] 0 
diameter[45,42,0.35] 0 
diameter[45,42,0.4] 0 
diameter[45,42,0.45] 0 
diameter[45,42,0.5] 0 
diameter[45,42,0.6] 0 
diameter[45,44,0.05] 1 
diameter[45,44,0.06] 0 
diameter[45,44,0.08] 0 
diameter[45,44,0.1] 0 
diameter[45,44,0.15] 0 
diameter[45,44,0.2] 0 
diameter[45,44,0.25] 0 
diameter[45,44,0.3] 0 
diameter[45,44,0.35] 0 
diameter[45,44,0.4] 0 
diameter[45,44,0.45] 0 
diameter[45,44,0.5] 0 
diameter[45,44,0.6] 0 
diameter[46,47,0.05] 0 
diameter[46,47,0.06] 0 
diameter[46,47,0.08] 0 
diameter[46,47,0.1] 1 
diameter[46,47,0.15] 0 
diameter[46,47,0.2] 0 
diameter[46,47,0.25] 0 
diameter[46,47,0.3] 0 
diameter[46,47,0.35] 0 
diameter[46,47,0.4] 0 
diameter[46,47,0.45] 0 
diameter[46,47,0.5] 0 
diameter[46,47,0.6] 0 
diameter[47,45,0.05] 0 
diameter[47,45,0.06] 0 
diameter[47,45,0.08] 0 
diameter[47,45,0.1] 1 
diameter[47,45,0.15] 0 
diameter[47,45,0.2] 0 
diameter[47,45,0.25] 0 
diameter[47,45,0.3] 0 
diameter[47,45,0.35] 0 
diameter[47,45,0.4] 0 
diameter[47,45,0.45] 0 
diameter[47,45,0.5] 0 
diameter[47,45,0.6] 0 
diameter[47,48,0.05] 1 
diameter[47,48,0.06] 0 
diameter[47,48,0.08] 0 
diameter[47,48,0.1] 0 
diameter[47,48,0.15] 0 
diameter[47,48,0.2] 0 
diameter[47,48,0.25] 0 
diameter[47,48,0.3] 0 
diameter[47,48,0.35] 0 
diameter[47,48,0.4] 0 
diameter[47,48,0.45] 0 
diameter[47,48,0.5] 0 
diameter[47,48,0.6] 0 
diameter[48,49,0.05] 1 
diameter[48,49,0.06] 0 
diameter[48,49,0.08] 0 
diameter[48,49,0.1] 0 
diameter[48,49,0.15] 0 
diameter[48,49,0.2] 0 
diameter[48,49,0.25] 0 
diameter[48,49,0.3] 0 
diameter[48,49,0.35] 0 
diameter[48,49,0.4] 0 
diameter[48,49,0.45] 0 
diameter[48,49,0.5] 0 
diameter[48,49,0.6] 0 
diameter[51,46,0.05] 0 
diameter[51,46,0.06] 0 
diameter[51,46,0.08] 0 
diameter[51,46,0.1] 1 
diameter[51,46,0.15] 0 
diameter[51,46,0.2] 0 
diameter[51,46,0.25] 0 
diameter[51,46,0.3] 0 
diameter[51,46,0.35] 0 
diameter[51,46,0.4] 0 
diameter[51,46,0.45] 0 
diameter[51,46,0.5] 0 
diameter[51,46,0.6] 0 
diameter[53,51,0.05] 0 
diameter[53,51,0.06] 0 
diameter[53,51,0.08] 0 
diameter[53,51,0.1] 0 
diameter[53,51,0.15] 1 
diameter[53,51,0.2] 0 
diameter[53,51,0.25] 0 
diameter[53,51,0.3] 0 
diameter[53,51,0.35] 0 
diameter[53,51,0.4] 0 
diameter[53,51,0.45] 0 
diameter[53,51,0.5] 0 
diameter[53,51,0.6] 0 
diameter[54,52,0.05] 1 
diameter[54,52,0.06] 0 
diameter[54,52,0.08] 0 
diameter[54,52,0.1] 0 
diameter[54,52,0.15] 0 
diameter[54,52,0.2] 0 
diameter[54,52,0.25] 0 
diameter[54,52,0.3] 0 
diameter[54,52,0.35] 0 
diameter[54,52,0.4] 0 
diameter[54,52,0.45] 0 
diameter[54,52,0.5] 0 
diameter[54,52,0.6] 0 
diameter[55,53,0.05] 0 
diameter[55,53,0.06] 0 
diameter[55,53,0.08] 0 
diameter[55,53,0.1] -0 
diameter[55,53,0.15] 1 
diameter[55,53,0.2] 0 
diameter[55,53,0.25] 0 
diameter[55,53,0.3] 0 
diameter[55,53,0.35] 0 
diameter[55,53,0.4] 0 
diameter[55,53,0.45] 0 
diameter[55,53,0.5] 0 
diameter[55,53,0.6] 0 
diameter[55,56,0.05] 1 
diameter[55,56,0.06] 0 
diameter[55,56,0.08] 0 
diameter[55,56,0.1] 0 
diameter[55,56,0.15] 0 
diameter[55,56,0.2] 0 
diameter[55,56,0.25] 0 
diameter[55,56,0.3] 0 
diameter[55,56,0.35] 0 
diameter[55,56,0.4] 0 
diameter[55,56,0.45] 0 
diameter[55,56,0.5] 0 
diameter[55,56,0.6] 0 
diameter[56,54,0.05] 1 
diameter[56,54,0.06] 0 
diameter[56,54,0.08] 0 
diameter[56,54,0.1] 0 
diameter[56,54,0.15] 0 
diameter[56,54,0.2] 0 
diameter[56,54,0.25] 0 
diameter[56,54,0.3] 0 
diameter[56,54,0.35] 0 
diameter[56,54,0.4] 0 
diameter[56,54,0.45] 0 
diameter[56,54,0.5] 0 
diameter[56,54,0.6] 0 
diameter[58,55,0.05] 0 
diameter[58,55,0.06] 0 
diameter[58,55,0.08] 0 
diameter[58,55,0.1] -0 
diameter[58,55,0.15] 1 
diameter[58,55,0.2] 0 
diameter[58,55,0.25] 0 
diameter[58,55,0.3] 0 
diameter[58,55,0.35] 0 
diameter[58,55,0.4] 0 
diameter[58,55,0.45] 0 
diameter[58,55,0.5] 0 
diameter[58,55,0.6] 0 
diameter[59,58,0.05] 0 
diameter[59,58,0.06] 0 
diameter[59,58,0.08] 0 
diameter[59,58,0.1] -0 
diameter[59,58,0.15] 1 
diameter[59,58,0.2] 0 
diameter[59,58,0.25] 0 
diameter[59,58,0.3] 0 
diameter[59,58,0.35] 0 
diameter[59,58,0.4] 0 
diameter[59,58,0.45] 0 
diameter[59,58,0.5] 0 
diameter[59,58,0.6] 0 
diameter[60,57,0.05] 1 
diameter[60,57,0.06] 0 
diameter[60,57,0.08] 0 
diameter[60,57,0.1] 0 
diameter[60,57,0.15] 0 
diameter[60,57,0.2] 0 
diameter[60,57,0.25] 0 
diameter[60,57,0.3] 0 
diameter[60,57,0.35] 0 
diameter[60,57,0.4] 0 
diameter[60,57,0.45] 0 
diameter[60,57,0.5] 0 
diameter[60,57,0.6] 0 
diameter[62,65,0.05] 1 
diameter[62,65,0.06] 0 
diameter[62,65,0.08] 0 
diameter[62,65,0.1] 0 
diameter[62,65,0.15] 0 
diameter[62,65,0.2] 0 
diameter[62,65,0.25] 0 
diameter[62,65,0.3] 0 
diameter[62,65,0.35] 0 
diameter[62,65,0.4] 0 
diameter[62,65,0.45] 0 
diameter[62,65,0.5] 0 
diameter[62,65,0.6] 0 
diameter[63,59,0.05] 0 
diameter[63,59,0.06] 0 
diameter[63,59,0.08] 0 
diameter[63,59,0.1] 0 
diameter[63,59,0.15] 1 
diameter[63,59,0.2] 0 
diameter[63,59,0.25] 0 
diameter[63,59,0.3] 0 
diameter[63,59,0.35] 0 
diameter[63,59,0.4] 0 
diameter[63,59,0.45] 0 
diameter[63,59,0.5] 0 
diameter[63,59,0.6] 0 
diameter[63,62,0.05] 1 
diameter[63,62,0.06] 0 
diameter[63,62,0.08] 0 
diameter[63,62,0.1] 0 
diameter[63,62,0.15] 0 
diameter[63,62,0.2] 0 
diameter[63,62,0.25] 0 
diameter[63,62,0.3] 0 
diameter[63,62,0.35] 0 
diameter[63,62,0.4] 0 
diameter[63,62,0.45] 0 
diameter[63,62,0.5] 0 
diameter[63,62,0.6] 0 
diameter[63,67,0.05] 1 
diameter[63,67,0.06] 0 
diameter[63,67,0.08] 0 
diameter[63,67,0.1] 0 
diameter[63,67,0.15] 0 
diameter[63,67,0.2] 0 
diameter[63,67,0.25] 0 
diameter[63,67,0.3] 0 
diameter[63,67,0.35] 0 
diameter[63,67,0.4] 0 
diameter[63,67,0.45] 0 
diameter[63,67,0.5] 0 
diameter[63,67,0.6] 0 
diameter[64,60,0.05] 1 
diameter[64,60,0.06] 0 
diameter[64,60,0.08] 0 
diameter[64,60,0.1] 0 
diameter[64,60,0.15] 0 
diameter[64,60,0.2] 0 
diameter[64,60,0.25] 0 
diameter[64,60,0.3] 0 
diameter[64,60,0.35] 0 
diameter[64,60,0.4] 0 
diameter[64,60,0.45] 0 
diameter[64,60,0.5] 0 
diameter[64,60,0.6] 0 
diameter[64,66,0.05] 0 
diameter[64,66,0.06] 0 
diameter[64,66,0.08] 0 
diameter[64,66,0.1] -0 
diameter[64,66,0.15] 1 
diameter[64,66,0.2] 0 
diameter[64,66,0.25] 0 
diameter[64,66,0.3] 0 
diameter[64,66,0.35] 0 
diameter[64,66,0.4] 0 
diameter[64,66,0.45] 0 
diameter[64,66,0.5] 0 
diameter[64,66,0.6] 0 
diameter[66,63,0.05] 0 
diameter[66,63,0.06] 0 
diameter[66,63,0.08] 0 
diameter[66,63,0.1] 0 
diameter[66,63,0.15] 1 
diameter[66,63,0.2] 0 
diameter[66,63,0.25] 0 
diameter[66,63,0.3] 0 
diameter[66,63,0.35] 0 
diameter[66,63,0.4] 0 
diameter[66,63,0.45] 0 
diameter[66,63,0.5] 0 
diameter[66,63,0.6] 0 
diameter[68,64,0.05] 0 
diameter[68,64,0.06] 0 
diameter[68,64,0.08] 0 
diameter[68,64,0.1] 0 
diameter[68,64,0.15] 1 
diameter[68,64,0.2] 0 
diameter[68,64,0.25] 0 
diameter[68,64,0.3] 0 
diameter[68,64,0.35] 0 
diameter[68,64,0.4] 0 
diameter[68,64,0.45] 0 
diameter[68,64,0.5] 0 
diameter[68,64,0.6] 0 
diameter[69,61,0.05] 1 
diameter[69,61,0.06] 0 
diameter[69,61,0.08] 0 
diameter[69,61,0.1] 0 
diameter[69,61,0.15] 0 
diameter[69,61,0.2] 0 
diameter[69,61,0.25] 0 
diameter[69,61,0.3] 0 
diameter[69,61,0.35] 0 
diameter[69,61,0.4] 0 
diameter[69,61,0.45] 0 
diameter[69,61,0.5] 0 
diameter[69,61,0.6] 0 
diameter[71,68,0.05] 0 
diameter[71,68,0.06] 0 
diameter[71,68,0.08] 0 
diameter[71,68,0.1] 0 
diameter[71,68,0.15] 1 
diameter[71,68,0.2] 0 
diameter[71,68,0.25] 0 
diameter[71,68,0.3] 0 
diameter[71,68,0.35] 0 
diameter[71,68,0.4] 0 
diameter[71,68,0.45] 0 
diameter[71,68,0.5] 0 
diameter[71,68,0.6] 0 
diameter[72,69,0.05] 1 
diameter[72,69,0.06] 0 
diameter[72,69,0.08] 0 
diameter[72,69,0.1] 0 
diameter[72,69,0.15] 0 
diameter[72,69,0.2] 0 
diameter[72,69,0.25] 0 
diameter[72,69,0.3] 0 
diameter[72,69,0.35] 0 
diameter[72,69,0.4] 0 
diameter[72,69,0.45] 0 
diameter[72,69,0.5] 0 
diameter[72,69,0.6] 0 
diameter[73,72,0.05] 1 
diameter[73,72,0.06] 0 
diameter[73,72,0.08] 0 
diameter[73,72,0.1] 0 
diameter[73,72,0.15] 0 
diameter[73,72,0.2] 0 
diameter[73,72,0.25] 0 
diameter[73,72,0.3] 0 
diameter[73,72,0.35] 0 
diameter[73,72,0.4] 0 
diameter[73,72,0.45] 0 
diameter[73,72,0.5] 0 
diameter[73,72,0.6] 0 
diameter[74,70,0.05] 1 
diameter[74,70,0.06] 0 
diameter[74,70,0.08] 0 
diameter[74,70,0.1] 0 
diameter[74,70,0.15] 0 
diameter[74,70,0.2] 0 
diameter[74,70,0.25] 0 
diameter[74,70,0.3] 0 
diameter[74,70,0.35] 0 
diameter[74,70,0.4] 0 
diameter[74,70,0.45] 0 
diameter[74,70,0.5] 0 
diameter[74,70,0.6] 0 
diameter[74,73,0.05] 1 
diameter[74,73,0.06] 0 
diameter[74,73,0.08] 0 
diameter[74,73,0.1] 0 
diameter[74,73,0.15] 0 
diameter[74,73,0.2] 0 
diameter[74,73,0.25] 0 
diameter[74,73,0.3] 0 
diameter[74,73,0.35] 0 
diameter[74,73,0.4] 0 
diameter[74,73,0.45] 0 
diameter[74,73,0.5] 0 
diameter[74,73,0.6] 0 
diameter[75,74,0.05] 1 
diameter[75,74,0.06] 0 
diameter[75,74,0.08] 0 
diameter[75,74,0.1] 0 
diameter[75,74,0.15] 0 
diameter[75,74,0.2] 0 
diameter[75,74,0.25] 0 
diameter[75,74,0.3] 0 
diameter[75,74,0.35] 0 
diameter[75,74,0.4] 0 
diameter[75,74,0.45] 0 
diameter[75,74,0.5] 0 
diameter[75,74,0.6] 0 
diameter[76,71,0.05] 0 
diameter[76,71,0.06] 0 
diameter[76,71,0.08] 0 
diameter[76,71,0.1] 0 
diameter[76,71,0.15] 1 
diameter[76,71,0.2] 0 
diameter[76,71,0.25] 0 
diameter[76,71,0.3] 0 
diameter[76,71,0.35] 0 
diameter[76,71,0.4] 0 
diameter[76,71,0.45] 0 
diameter[76,71,0.5] 0 
diameter[76,71,0.6] 0 
diameter[76,75,0.05] 1 
diameter[76,75,0.06] 0 
diameter[76,75,0.08] 0 
diameter[76,75,0.1] 0 
diameter[76,75,0.15] 0 
diameter[76,75,0.2] 0 
diameter[76,75,0.25] 0 
diameter[76,75,0.3] 0 
diameter[76,75,0.35] 0 
diameter[76,75,0.4] 0 
diameter[76,75,0.45] 0 
diameter[76,75,0.5] 0 
diameter[76,75,0.6] 0 
diameter[77,81,0.05] 0 
diameter[77,81,0.06] 0 
diameter[77,81,0.08] 0 
diameter[77,81,0.1] 0 
diameter[77,81,0.15] 1 
diameter[77,81,0.2] 0 
diameter[77,81,0.25] -0 
diameter[77,81,0.3] 0 
diameter[77,81,0.35] 0 
diameter[77,81,0.4] 0 
diameter[77,81,0.45] 0 
diameter[77,81,0.5] 0 
diameter[77,81,0.6] 0 
diameter[77,82,0.05] 1 
diameter[77,82,0.06] 0 
diameter[77,82,0.08] 0 
diameter[77,82,0.1] 0 
diameter[77,82,0.15] 0 
diameter[77,82,0.2] 0 
diameter[77,82,0.25] 0 
diameter[77,82,0.3] 0 
diameter[77,82,0.35] 0 
diameter[77,82,0.4] 0 
diameter[77,82,0.45] 0 
diameter[77,82,0.5] 0 
diameter[77,82,0.6] 0 
diameter[78,76,0.05] 0 
diameter[78,76,0.06] 0 
diameter[78,76,0.08] 0 
diameter[78,76,0.1] 0 
diameter[78,76,0.15] 1 
diameter[78,76,0.2] 0 
diameter[78,76,0.25] 0 
diameter[78,76,0.3] 0 
diameter[78,76,0.35] 0 
diameter[78,76,0.4] 0 
diameter[78,76,0.45] 0 
diameter[78,76,0.5] 0 
diameter[78,76,0.6] 0 
diameter[78,79,0.05] 1 
diameter[78,79,0.06] 0 
diameter[78,79,0.08] 0 
diameter[78,79,0.1] 0 
diameter[78,79,0.15] 0 
diameter[78,79,0.2] 0 
diameter[78,79,0.25] 0 
diameter[78,79,0.3] 0 
diameter[78,79,0.35] 0 
diameter[78,79,0.4] 0 
diameter[78,79,0.45] 0 
diameter[78,79,0.5] 0 
diameter[78,79,0.6] 0 
diameter[80,84,0.05] 0 
diameter[80,84,0.06] 0 
diameter[80,84,0.08] 0 
diameter[80,84,0.1] 0 
diameter[80,84,0.15] 1 
diameter[80,84,0.2] 0 
diameter[80,84,0.25] -0 
diameter[80,84,0.3] 0 
diameter[80,84,0.35] 0 
diameter[80,84,0.4] 0 
diameter[80,84,0.45] 0 
diameter[80,84,0.5] 0 
diameter[80,84,0.6] 0 
diameter[81,80,0.05] 0 
diameter[81,80,0.06] 0 
diameter[81,80,0.08] 0 
diameter[81,80,0.1] 0 
diameter[81,80,0.15] -0 
diameter[81,80,0.2] 0 
diameter[81,80,0.25] 1 
diameter[81,80,0.3] 0 
diameter[81,80,0.35] 0 
diameter[81,80,0.4] 0 
diameter[81,80,0.45] 0 
diameter[81,80,0.5] 0 
diameter[81,80,0.6] 0 
diameter[81,83,0.05] 1 
diameter[81,83,0.06] 0 
diameter[81,83,0.08] 0 
diameter[81,83,0.1] 0 
diameter[81,83,0.15] 0 
diameter[81,83,0.2] 0 
diameter[81,83,0.25] 0 
diameter[81,83,0.3] 0 
diameter[81,83,0.35] 0 
diameter[81,83,0.4] 0 
diameter[81,83,0.45] 0 
diameter[81,83,0.5] 0 
diameter[81,83,0.6] 0 
diameter[84,78,0.05] 0 
diameter[84,78,0.06] 0 
diameter[84,78,0.08] 0 
diameter[84,78,0.1] 0 
diameter[84,78,0.15] 1 
diameter[84,78,0.2] 0 
diameter[84,78,0.25] 0 
diameter[84,78,0.3] 0 
diameter[84,78,0.35] 0 
diameter[84,78,0.4] 0 
diameter[84,78,0.45] 0 
diameter[84,78,0.5] 0 
diameter[84,78,0.6] 0 
diameter[84,85,0.05] 0 
diameter[84,85,0.06] 0 
diameter[84,85,0.08] 0 
diameter[84,85,0.1] 0 
diameter[84,85,0.15] 1 
diameter[84,85,0.2] 0 
diameter[84,85,0.25] 0 
diameter[84,85,0.3] 0 
diameter[84,85,0.35] 0 
diameter[84,85,0.4] 0 
diameter[84,85,0.45] 0 
diameter[84,85,0.5] 0 
diameter[84,85,0.6] 0 
diameter[85,86,0.05] 0 
diameter[85,86,0.06] 0 
diameter[85,86,0.08] 0 
diameter[85,86,0.1] 0 
diameter[85,86,0.15] 1 
diameter[85,86,0.2] 0 
diameter[85,86,0.25] 0 
diameter[85,86,0.3] 0 
diameter[85,86,0.35] 0 
diameter[85,86,0.4] 0 
diameter[85,86,0.45] 0 
diameter[85,86,0.5] 0 
diameter[85,86,0.6] 0 
diameter[86,93,0.05] 0 
diameter[86,93,0.06] 0 
diameter[86,93,0.08] 0 
diameter[86,93,0.1] 0 
diameter[86,93,0.15] 1 
diameter[86,93,0.2] 0 
diameter[86,93,0.25] 0 
diameter[86,93,0.3] 0 
diameter[86,93,0.35] 0 
diameter[86,93,0.4] 0 
diameter[86,93,0.45] 0 
diameter[86,93,0.5] 0 
diameter[86,93,0.6] 0 
diameter[87,97,0.05] 0 
diameter[87,97,0.06] 0 
diameter[87,97,0.08] 0 
diameter[87,97,0.1] 0 
diameter[87,97,0.15] 1 
diameter[87,97,0.2] 0 
diameter[87,97,0.25] 0 
diameter[87,97,0.3] 0 
diameter[87,97,0.35] 0 
diameter[87,97,0.4] 0 
diameter[87,97,0.45] 0 
diameter[87,97,0.5] 0 
diameter[87,97,0.6] 0 
diameter[88,87,0.05] 0 
diameter[88,87,0.06] 0 
diameter[88,87,0.08] 0 
diameter[88,87,0.1] 0 
diameter[88,87,0.15] 1 
diameter[88,87,0.2] 0 
diameter[88,87,0.25] 0 
diameter[88,87,0.3] 0 
diameter[88,87,0.35] 0 
diameter[88,87,0.4] 0 
diameter[88,87,0.45] 0 
diameter[88,87,0.5] 0 
diameter[88,87,0.6] 0 
diameter[90,89,0.05] 1 
diameter[90,89,0.06] 0 
diameter[90,89,0.08] 0 
diameter[90,89,0.1] 0 
diameter[90,89,0.15] 0 
diameter[90,89,0.2] 0 
diameter[90,89,0.25] 0 
diameter[90,89,0.3] 0 
diameter[90,89,0.35] 0 
diameter[90,89,0.4] 0 
diameter[90,89,0.45] 0 
diameter[90,89,0.5] 0 
diameter[90,89,0.6] 0 
diameter[90,94,0.05] 0 
diameter[90,94,0.06] 0 
diameter[90,94,0.08] 0 
diameter[90,94,0.1] 0 
diameter[90,94,0.15] 1 
diameter[90,94,0.2] 0 
diameter[90,94,0.25] 0 
diameter[90,94,0.3] 0 
diameter[90,94,0.35] 0 
diameter[90,94,0.4] 0 
diameter[90,94,0.45] 0 
diameter[90,94,0.5] 0 
diameter[90,94,0.6] 0 
diameter[91,90,0.05] 0 
diameter[91,90,0.06] 0 
diameter[91,90,0.08] 0 
diameter[91,90,0.1] 0 
diameter[91,90,0.15] 1 
diameter[91,90,0.2] 0 
diameter[91,90,0.25] 0 
diameter[91,90,0.3] 0 
diameter[91,90,0.35] 0 
diameter[91,90,0.4] 0 
diameter[91,90,0.45] 0 
diameter[91,90,0.5] 0 
diameter[91,90,0.6] 0 
diameter[92,91,0.05] 0 
diameter[92,91,0.06] 0 
diameter[92,91,0.08] 0 
diameter[92,91,0.1] 0 
diameter[92,91,0.15] 1 
diameter[92,91,0.2] 0 
diameter[92,91,0.25] 0 
diameter[92,91,0.3] 0 
diameter[92,91,0.35] 0 
diameter[92,91,0.4] 0 
diameter[92,91,0.45] 0 
diameter[92,91,0.5] 0 
diameter[92,91,0.6] 0 
diameter[93,92,0.05] 0 
diameter[93,92,0.06] 0 
diameter[93,92,0.08] 0 
diameter[93,92,0.1] 0 
diameter[93,92,0.15] 1 
diameter[93,92,0.2] 0 
diameter[93,92,0.25] 0 
diameter[93,92,0.3] 0 
diameter[93,92,0.35] 0 
diameter[93,92,0.4] 0 
diameter[93,92,0.45] 0 
diameter[93,92,0.5] 0 
diameter[93,92,0.6] 0 
diameter[94,96,0.05] 0 
diameter[94,96,0.06] 0 
diameter[94,96,0.08] 0 
diameter[94,96,0.1] 0 
diameter[94,96,0.15] 1 
diameter[94,96,0.2] 0 
diameter[94,96,0.25] 0 
diameter[94,96,0.3] 0 
diameter[94,96,0.35] 0 
diameter[94,96,0.4] 0 
diameter[94,96,0.45] 0 
diameter[94,96,0.5] 0 
diameter[94,96,0.6] 0 
diameter[95,88,0.05] 0 
diameter[95,88,0.06] 0 
diameter[95,88,0.08] 0 
diameter[95,88,0.1] 0 
diameter[95,88,0.15] 1 
diameter[95,88,0.2] 0 
diameter[95,88,0.25] 0 
diameter[95,88,0.3] 0 
diameter[95,88,0.35] 0 
diameter[95,88,0.4] 0 
diameter[95,88,0.45] 0 
diameter[95,88,0.5] 0 
diameter[95,88,0.6] 0 
diameter[96,95,0.05] 0 
diameter[96,95,0.06] 0 
diameter[96,95,0.08] 0 
diameter[96,95,0.1] 0 
diameter[96,95,0.15] 1 
diameter[96,95,0.2] 0 
diameter[96,95,0.25] 0 
diameter[96,95,0.3] 0 
diameter[96,95,0.35] 0 
diameter[96,95,0.4] 0 
diameter[96,95,0.45] 0 
diameter[96,95,0.5] 0 
diameter[96,95,0.6] 0 
diameter[96,98,0.05] 1 
diameter[96,98,0.06] 0 
diameter[96,98,0.08] 0 
diameter[96,98,0.1] 0 
diameter[96,98,0.15] 0 
diameter[96,98,0.2] 0 
diameter[96,98,0.25] 0 
diameter[96,98,0.3] 0 
diameter[96,98,0.35] 0 
diameter[96,98,0.4] 0 
diameter[96,98,0.45] 0 
diameter[96,98,0.5] 0 
diameter[96,98,0.6] 0 
diameter[97,100,0.05] 0 
diameter[97,100,0.06] 0 
diameter[97,100,0.08] 0 
diameter[97,100,0.1] 0 
diameter[97,100,0.15] 1 
diameter[97,100,0.2] 0 
diameter[97,100,0.25] 0 
diameter[97,100,0.3] 0 
diameter[97,100,0.35] 0 
diameter[97,100,0.4] 0 
diameter[97,100,0.45] 0 
diameter[97,100,0.5] 0 
diameter[97,100,0.6] 0 
diameter[100,101,0.05] 0 
diameter[100,101,0.06] 0 
diameter[100,101,0.08] 0 
diameter[100,101,0.1] 0 
diameter[100,101,0.15] 1 
diameter[100,101,0.2] 0 
diameter[100,101,0.25] 0 
diameter[100,101,0.3] 0 
diameter[100,101,0.35] 0 
diameter[100,101,0.4] 0 
diameter[100,101,0.45] 0 
diameter[100,101,0.5] 0 
diameter[100,101,0.6] 0 
diameter[101,102,0.05] 0 
diameter[101,102,0.06] 0 
diameter[101,102,0.08] 0 
diameter[101,102,0.1] 0 
diameter[101,102,0.15] 1 
diameter[101,102,0.2] 0 
diameter[101,102,0.25] 0 
diameter[101,102,0.3] 0 
diameter[101,102,0.35] 0 
diameter[101,102,0.4] 0 
diameter[101,102,0.45] 0 
diameter[101,102,0.5] 0 
diameter[101,102,0.6] 0 
diameter[102,105,0.05] 1 
diameter[102,105,0.06] 0 
diameter[102,105,0.08] 0 
diameter[102,105,0.1] 0 
diameter[102,105,0.15] 0 
diameter[102,105,0.2] 0 
diameter[102,105,0.25] 0 
diameter[102,105,0.3] 0 
diameter[102,105,0.35] 0 
diameter[102,105,0.4] 0 
diameter[102,105,0.45] 0 
diameter[102,105,0.5] 0 
diameter[102,105,0.6] 0 
diameter[102,109,0.05] 0 
diameter[102,109,0.06] 0 
diameter[102,109,0.08] 0 
diameter[102,109,0.1] 0 
diameter[102,109,0.15] 1 
diameter[102,109,0.2] 0 
diameter[102,109,0.25] 0 
diameter[102,109,0.3] 0 
diameter[102,109,0.35] 0 
diameter[102,109,0.4] 0 
diameter[102,109,0.45] 0 
diameter[102,109,0.5] 0 
diameter[102,109,0.6] 0 
diameter[105,108,0.05] 1 
diameter[105,108,0.06] 0 
diameter[105,108,0.08] 0 
diameter[105,108,0.1] 0 
diameter[105,108,0.15] 0 
diameter[105,108,0.2] 0 
diameter[105,108,0.25] 0 
diameter[105,108,0.3] 0 
diameter[105,108,0.35] 0 
diameter[105,108,0.4] 0 
diameter[105,108,0.45] 0 
diameter[105,108,0.5] 0 
diameter[105,108,0.6] 0 
diameter[106,103,0.05] 1 
diameter[106,103,0.06] 0 
diameter[106,103,0.08] 0 
diameter[106,103,0.1] 0 
diameter[106,103,0.15] 0 
diameter[106,103,0.2] 0 
diameter[106,103,0.25] 0 
diameter[106,103,0.3] 0 
diameter[106,103,0.35] 0 
diameter[106,103,0.4] 0 
diameter[106,103,0.45] 0 
diameter[106,103,0.5] 0 
diameter[106,103,0.6] 0 
diameter[106,107,0.05] 1 
diameter[106,107,0.06] -0 
diameter[106,107,0.08] -0 
diameter[106,107,0.1] 0 
diameter[106,107,0.15] 0 
diameter[106,107,0.2] 0 
diameter[106,107,0.25] 0 
diameter[106,107,0.3] 0 
diameter[106,107,0.35] 0 
diameter[106,107,0.4] 0 
diameter[106,107,0.45] 0 
diameter[106,107,0.5] 0 
diameter[106,107,0.6] 0 
diameter[107,99,0.05] 1 
diameter[107,99,0.06] -0 
diameter[107,99,0.08] -0 
diameter[107,99,0.1] 0 
diameter[107,99,0.15] 0 
diameter[107,99,0.2] 0 
diameter[107,99,0.25] 0 
diameter[107,99,0.3] 0 
diameter[107,99,0.35] 0 
diameter[107,99,0.4] 0 
diameter[107,99,0.45] 0 
diameter[107,99,0.5] 0 
diameter[107,99,0.6] 0 
diameter[109,112,0.05] 0 
diameter[109,112,0.06] 0 
diameter[109,112,0.08] 0 
diameter[109,112,0.1] 0 
diameter[109,112,0.15] 1 
diameter[109,112,0.2] 0 
diameter[109,112,0.25] 0 
diameter[109,112,0.3] 0 
diameter[109,112,0.35] 0 
diameter[109,112,0.4] 0 
diameter[109,112,0.45] 0 
diameter[109,112,0.5] 0 
diameter[109,112,0.6] 0 
diameter[109,111,0.05] 0 
diameter[109,111,0.06] -0 
diameter[109,111,0.08] 1 
diameter[109,111,0.1] 0 
diameter[109,111,0.15] 0 
diameter[109,111,0.2] 0 
diameter[109,111,0.25] 0 
diameter[109,111,0.3] 0 
diameter[109,111,0.35] 0 
diameter[109,111,0.4] 0 
diameter[109,111,0.45] 0 
diameter[109,111,0.5] 0 
diameter[109,111,0.6] 0 
diameter[110,106,0.05] 1 
diameter[110,106,0.06] -0 
diameter[110,106,0.08] -0 
diameter[110,106,0.1] 0 
diameter[110,106,0.15] 0 
diameter[110,106,0.2] 0 
diameter[110,106,0.25] 0 
diameter[110,106,0.3] 0 
diameter[110,106,0.35] 0 
diameter[110,106,0.4] 0 
diameter[110,106,0.45] 0 
diameter[110,106,0.5] 0 
diameter[110,106,0.6] 0 
diameter[111,110,0.05] 1 
diameter[111,110,0.06] -0 
diameter[111,110,0.08] 0 
diameter[111,110,0.1] 0 
diameter[111,110,0.15] 0 
diameter[111,110,0.2] 0 
diameter[111,110,0.25] 0 
diameter[111,110,0.3] 0 
diameter[111,110,0.35] 0 
diameter[111,110,0.4] 0 
diameter[111,110,0.45] 0 
diameter[111,110,0.5] 0 
diameter[111,110,0.6] 0 
diameter[111,114,0.05] 1 
diameter[111,114,0.06] -0 
diameter[111,114,0.08] -0 
diameter[111,114,0.1] 0 
diameter[111,114,0.15] 0 
diameter[111,114,0.2] 0 
diameter[111,114,0.25] 0 
diameter[111,114,0.3] 0 
diameter[111,114,0.35] 0 
diameter[111,114,0.4] 0 
diameter[111,114,0.45] 0 
diameter[111,114,0.5] 0 
diameter[111,114,0.6] 0 
diameter[112,119,0.05] 0 
diameter[112,119,0.06] 0 
diameter[112,119,0.08] 0 
diameter[112,119,0.1] 0 
diameter[112,119,0.15] 1 
diameter[112,119,0.2] 0 
diameter[112,119,0.25] 0 
diameter[112,119,0.3] 0 
diameter[112,119,0.35] 0 
diameter[112,119,0.4] 0 
diameter[112,119,0.45] 0 
diameter[112,119,0.5] 0 
diameter[112,119,0.6] 0 
diameter[113,104,0.05] 1 
diameter[113,104,0.06] -0 
diameter[113,104,0.08] -0 
diameter[113,104,0.1] 0 
diameter[113,104,0.15] 0 
diameter[113,104,0.2] 0 
diameter[113,104,0.25] 0 
diameter[113,104,0.3] 0 
diameter[113,104,0.35] 0 
diameter[113,104,0.4] 0 
diameter[113,104,0.45] 0 
diameter[113,104,0.5] 0 
diameter[113,104,0.6] 0 
diameter[114,115,0.05] -0 
diameter[114,115,0.06] 1 
diameter[114,115,0.08] -0 
diameter[114,115,0.1] 0 
diameter[114,115,0.15] 0 
diameter[114,115,0.2] 0 
diameter[114,115,0.25] 0 
diameter[114,115,0.3] 0 
diameter[114,115,0.35] 0 
diameter[114,115,0.4] 0 
diameter[114,115,0.45] 0 
diameter[114,115,0.5] 0 
diameter[114,115,0.6] 0 
diameter[115,116,0.05] 1 
diameter[115,116,0.06] -0 
diameter[115,116,0.08] -0 
diameter[115,116,0.1] 0 
diameter[115,116,0.15] 0 
diameter[115,116,0.2] 0 
diameter[115,116,0.25] 0 
diameter[115,116,0.3] 0 
diameter[115,116,0.35] 0 
diameter[115,116,0.4] 0 
diameter[115,116,0.45] 0 
diameter[115,116,0.5] 0 
diameter[115,116,0.6] 0 
diameter[116,117,0.05] 1 
diameter[116,117,0.06] -0 
diameter[116,117,0.08] -0 
diameter[116,117,0.1] 0 
diameter[116,117,0.15] 0 
diameter[116,117,0.2] 0 
diameter[116,117,0.25] 0 
diameter[116,117,0.3] 0 
diameter[116,117,0.35] 0 
diameter[116,117,0.4] 0 
diameter[116,117,0.45] 0 
diameter[116,117,0.5] 0 
diameter[116,117,0.6] 0 
diameter[117,118,0.05] 1 
diameter[117,118,0.06] -0 
diameter[117,118,0.08] -0 
diameter[117,118,0.1] 0 
diameter[117,118,0.15] 0 
diameter[117,118,0.2] 0 
diameter[117,118,0.25] 0 
diameter[117,118,0.3] 0 
diameter[117,118,0.35] 0 
diameter[117,118,0.4] 0 
diameter[117,118,0.45] 0 
diameter[117,118,0.5] 0 
diameter[117,118,0.6] 0 
diameter[118,113,0.05] 1 
diameter[118,113,0.06] -0 
diameter[118,113,0.08] -0 
diameter[118,113,0.1] 0 
diameter[118,113,0.15] 0 
diameter[118,113,0.2] 0 
diameter[118,113,0.25] 0 
diameter[118,113,0.3] 0 
diameter[118,113,0.35] 0 
diameter[118,113,0.4] 0 
diameter[118,113,0.45] 0 
diameter[118,113,0.5] 0 
diameter[118,113,0.6] 0 
diameter[118,120,0.05] 1 
diameter[118,120,0.06] 0 
diameter[118,120,0.08] 0 
diameter[118,120,0.1] 0 
diameter[118,120,0.15] 0 
diameter[118,120,0.2] 0 
diameter[118,120,0.25] 0 
diameter[118,120,0.3] 0 
diameter[118,120,0.35] 0 
diameter[118,120,0.4] 0 
diameter[118,120,0.45] 0 
diameter[118,120,0.5] 0 
diameter[118,120,0.6] 0 
diameter[119,121,0.05] 0 
diameter[119,121,0.06] 0 
diameter[119,121,0.08] 0 
diameter[119,121,0.1] 0 
diameter[119,121,0.15] 1 
diameter[119,121,0.2] 0 
diameter[119,121,0.25] 0 
diameter[119,121,0.3] 0 
diameter[119,121,0.35] 0 
diameter[119,121,0.4] 0 
diameter[119,121,0.45] 0 
diameter[119,121,0.5] 0 
diameter[119,121,0.6] 0 
diameter[121,124,0.05] 0 
diameter[121,124,0.06] 0 
diameter[121,124,0.08] 0 
diameter[121,124,0.1] 0 
diameter[121,124,0.15] 1 
diameter[121,124,0.2] 0 
diameter[121,124,0.25] 0 
diameter[121,124,0.3] 0 
diameter[121,124,0.35] 0 
diameter[121,124,0.4] 0 
diameter[121,124,0.45] 0 
diameter[121,124,0.5] 0 
diameter[121,124,0.6] 0 
diameter[123,122,0.05] 1 
diameter[123,122,0.06] 0 
diameter[123,122,0.08] 0 
diameter[123,122,0.1] 0 
diameter[123,122,0.15] 0 
diameter[123,122,0.2] 0 
diameter[123,122,0.25] 0 
diameter[123,122,0.3] 0 
diameter[123,122,0.35] 0 
diameter[123,122,0.4] 0 
diameter[123,122,0.45] 0 
diameter[123,122,0.5] 0 
diameter[123,122,0.6] 0 
diameter[123,125,0.05] 0 
diameter[123,125,0.06] 0 
diameter[123,125,0.08] 0 
diameter[123,125,0.1] -0 
diameter[123,125,0.15] 1 
diameter[123,125,0.2] 0 
diameter[123,125,0.25] 0 
diameter[123,125,0.3] 0 
diameter[123,125,0.35] 0 
diameter[123,125,0.4] 0 
diameter[123,125,0.45] 0 
diameter[123,125,0.5] 0 
diameter[123,125,0.6] 0 
diameter[124,123,0.05] 0 
diameter[124,123,0.06] 0 
diameter[124,123,0.08] 0 
diameter[124,123,0.1] 0 
diameter[124,123,0.15] 1 
diameter[124,123,0.2] 0 
diameter[124,123,0.25] 0 
diameter[124,123,0.3] 0 
diameter[124,123,0.35] 0 
diameter[124,123,0.4] 0 
diameter[124,123,0.45] 0 
diameter[124,123,0.5] 0 
diameter[124,123,0.6] 0 
diameter[124,126,0.05] 1 
diameter[124,126,0.06] 0 
diameter[124,126,0.08] 0 
diameter[124,126,0.1] 0 
diameter[124,126,0.15] 0 
diameter[124,126,0.2] 0 
diameter[124,126,0.25] 0 
diameter[124,126,0.3] 0 
diameter[124,126,0.35] 0 
diameter[124,126,0.4] 0 
diameter[124,126,0.45] 0 
diameter[124,126,0.5] 0 
diameter[124,126,0.6] 0 
diameter[125,127,0.05] 0 
diameter[125,127,0.06] 0 
diameter[125,127,0.08] 0 
diameter[125,127,0.1] -0 
diameter[125,127,0.15] 1 
diameter[125,127,0.2] 0 
diameter[125,127,0.25] 0 
diameter[125,127,0.3] 0 
diameter[125,127,0.35] 0 
diameter[125,127,0.4] 0 
diameter[125,127,0.45] 0 
diameter[125,127,0.5] 0 
diameter[125,127,0.6] 0 
diameter[127,129,0.05] 0 
diameter[127,129,0.06] 0 
diameter[127,129,0.08] 0 
diameter[127,129,0.1] -0 
diameter[127,129,0.15] 1 
diameter[127,129,0.2] 0 
diameter[127,129,0.25] 0 
diameter[127,129,0.3] 0 
diameter[127,129,0.35] 0 
diameter[127,129,0.4] 0 
diameter[127,129,0.45] 0 
diameter[127,129,0.5] 0 
diameter[127,129,0.6] 0 
diameter[128,130,0.05] 1 
diameter[128,130,0.06] 0 
diameter[128,130,0.08] 0 
diameter[128,130,0.1] 0 
diameter[128,130,0.15] 0 
diameter[128,130,0.2] 0 
diameter[128,130,0.25] 0 
diameter[128,130,0.3] 0 
diameter[128,130,0.35] 0 
diameter[128,130,0.4] 0 
diameter[128,130,0.45] 0 
diameter[128,130,0.5] 0 
diameter[128,130,0.6] 0 
diameter[129,133,0.05] 0 
diameter[129,133,0.06] 0 
diameter[129,133,0.08] 0 
diameter[129,133,0.1] -0 
diameter[129,133,0.15] 1 
diameter[129,133,0.2] 0 
diameter[129,133,0.25] 0 
diameter[129,133,0.3] 0 
diameter[129,133,0.35] 0 
diameter[129,133,0.4] 0 
diameter[129,133,0.45] 0 
diameter[129,133,0.5] 0 
diameter[129,133,0.6] 0 
diameter[130,134,0.05] 1 
diameter[130,134,0.06] 0 
diameter[130,134,0.08] 0 
diameter[130,134,0.1] 0 
diameter[130,134,0.15] 0 
diameter[130,134,0.2] 0 
diameter[130,134,0.25] 0 
diameter[130,134,0.3] 0 
diameter[130,134,0.35] 0 
diameter[130,134,0.4] 0 
diameter[130,134,0.45] 0 
diameter[130,134,0.5] 0 
diameter[130,134,0.6] 0 
diameter[131,128,0.05] -0 
diameter[131,128,0.06] 1 
diameter[131,128,0.08] -0 
diameter[131,128,0.1] 0 
diameter[131,128,0.15] 0 
diameter[131,128,0.2] 0 
diameter[131,128,0.25] 0 
diameter[131,128,0.3] 0 
diameter[131,128,0.35] 0 
diameter[131,128,0.4] 0 
diameter[131,128,0.45] 0 
diameter[131,128,0.5] 0 
diameter[131,128,0.6] 0 
diameter[133,136,0.05] 0 
diameter[133,136,0.06] 0 
diameter[133,136,0.08] 0 
diameter[133,136,0.1] -0 
diameter[133,136,0.15] 1 
diameter[133,136,0.2] 0 
diameter[133,136,0.25] 0 
diameter[133,136,0.3] 0 
diameter[133,136,0.35] 0 
diameter[133,136,0.4] 0 
diameter[133,136,0.45] 0 
diameter[133,136,0.5] 0 
diameter[133,136,0.6] 0 
diameter[135,132,0.05] 1 
diameter[135,132,0.06] 0 
diameter[135,132,0.08] 0 
diameter[135,132,0.1] 0 
diameter[135,132,0.15] 0 
diameter[135,132,0.2] 0 
diameter[135,132,0.25] 0 
diameter[135,132,0.3] 0 
diameter[135,132,0.35] 0 
diameter[135,132,0.4] 0 
diameter[135,132,0.45] 0 
diameter[135,132,0.5] 0 
diameter[135,132,0.6] 0 
diameter[136,138,0.05] 0 
diameter[136,138,0.06] 0 
diameter[136,138,0.08] 0 
diameter[136,138,0.1] -0 
diameter[136,138,0.15] 1 
diameter[136,138,0.2] 0 
diameter[136,138,0.25] 0 
diameter[136,138,0.3] 0 
diameter[136,138,0.35] 0 
diameter[136,138,0.4] 0 
diameter[136,138,0.45] 0 
diameter[136,138,0.5] 0 
diameter[136,138,0.6] 0 
diameter[137,135,0.05] 1 
diameter[137,135,0.06] 0 
diameter[137,135,0.08] 0 
diameter[137,135,0.1] 0 
diameter[137,135,0.15] 0 
diameter[137,135,0.2] 0 
diameter[137,135,0.25] 0 
diameter[137,135,0.3] 0 
diameter[137,135,0.35] 0 
diameter[137,135,0.4] 0 
diameter[137,135,0.45] 0 
diameter[137,135,0.5] 0 
diameter[137,135,0.6] 0 
diameter[138,146,0.05] 1 
diameter[138,146,0.06] 0 
diameter[138,146,0.08] 0 
diameter[138,146,0.1] 0 
diameter[138,146,0.15] 0 
diameter[138,146,0.2] 0 
diameter[138,146,0.25] 0 
diameter[138,146,0.3] 0 
diameter[138,146,0.35] 0 
diameter[138,146,0.4] 0 
diameter[138,146,0.45] 0 
diameter[138,146,0.5] 0 
diameter[138,146,0.6] 0 
diameter[138,139,0.05] 0 
diameter[138,139,0.06] 0 
diameter[138,139,0.08] 0 
diameter[138,139,0.1] 1 
diameter[138,139,0.15] 0 
diameter[138,139,0.2] 0 
diameter[138,139,0.25] 0 
diameter[138,139,0.3] 0 
diameter[138,139,0.35] 0 
diameter[138,139,0.4] 0 
diameter[138,139,0.45] 0 
diameter[138,139,0.5] 0 
diameter[138,139,0.6] 0 
diameter[139,147,0.05] 0 
diameter[139,147,0.06] 0 
diameter[139,147,0.08] 0 
diameter[139,147,0.1] 1 
diameter[139,147,0.15] 0 
diameter[139,147,0.2] 0 
diameter[139,147,0.25] 0 
diameter[139,147,0.3] 0 
diameter[139,147,0.35] 0 
diameter[139,147,0.4] 0 
diameter[139,147,0.45] 0 
diameter[139,147,0.5] 0 
diameter[139,147,0.6] 0 
diameter[140,131,0.05] -0 
diameter[140,131,0.06] -0 
diameter[140,131,0.08] 1 
diameter[140,131,0.1] 0 
diameter[140,131,0.15] 0 
diameter[140,131,0.2] 0 
diameter[140,131,0.25] 0 
diameter[140,131,0.3] 0 
diameter[140,131,0.35] 0 
diameter[140,131,0.4] 0 
diameter[140,131,0.45] 0 
diameter[140,131,0.5] 0 
diameter[140,131,0.6] 0 
diameter[141,140,0.05] -0 
diameter[141,140,0.06] 1 
diameter[141,140,0.08] -0 
diameter[141,140,0.1] 0 
diameter[141,140,0.15] 0 
diameter[141,140,0.2] 0 
diameter[141,140,0.25] 0 
diameter[141,140,0.3] 0 
diameter[141,140,0.35] 0 
diameter[141,140,0.4] 0 
diameter[141,140,0.45] 0 
diameter[141,140,0.5] 0 
diameter[141,140,0.6] 0 
diameter[141,149,0.05] 1 
diameter[141,149,0.06] 0 
diameter[141,149,0.08] 0 
diameter[141,149,0.1] 0 
diameter[141,149,0.15] 0 
diameter[141,149,0.2] 0 
diameter[141,149,0.25] 0 
diameter[141,149,0.3] 0 
diameter[141,149,0.35] 0 
diameter[141,149,0.4] 0 
diameter[141,149,0.45] 0 
diameter[141,149,0.5] 0 
diameter[141,149,0.6] 0 
diameter[142,137,0.05] 1 
diameter[142,137,0.06] 0 
diameter[142,137,0.08] 0 
diameter[142,137,0.1] 0 
diameter[142,137,0.15] 0 
diameter[142,137,0.2] 0 
diameter[142,137,0.25] 0 
diameter[142,137,0.3] 0 
diameter[142,137,0.35] 0 
diameter[142,137,0.4] 0 
diameter[142,137,0.45] 0 
diameter[142,137,0.5] 0 
diameter[142,137,0.6] 0 
diameter[143,144,0.05] 0 
diameter[143,144,0.06] 0 
diameter[143,144,0.08] -0 
diameter[143,144,0.1] 1 
diameter[143,144,0.15] 0 
diameter[143,144,0.2] 0 
diameter[143,144,0.25] 0 
diameter[143,144,0.3] 0 
diameter[143,144,0.35] 0 
diameter[143,144,0.4] 0 
diameter[143,144,0.45] 0 
diameter[143,144,0.5] 0 
diameter[143,144,0.6] 0 
diameter[144,141,0.05] 0 
diameter[144,141,0.06] -0 
diameter[144,141,0.08] 1 
diameter[144,141,0.1] 0 
diameter[144,141,0.15] 0 
diameter[144,141,0.2] 0 
diameter[144,141,0.25] 0 
diameter[144,141,0.3] 0 
diameter[144,141,0.35] 0 
diameter[144,141,0.4] 0 
diameter[144,141,0.45] 0 
diameter[144,141,0.5] 0 
diameter[144,141,0.6] 0 
diameter[144,150,0.05] 1 
diameter[144,150,0.06] 0 
diameter[144,150,0.08] 0 
diameter[144,150,0.1] 0 
diameter[144,150,0.15] 0 
diameter[144,150,0.2] 0 
diameter[144,150,0.25] 0 
diameter[144,150,0.3] 0 
diameter[144,150,0.35] 0 
diameter[144,150,0.4] 0 
diameter[144,150,0.45] 0 
diameter[144,150,0.5] 0 
diameter[144,150,0.6] 0 
diameter[145,142,0.05] 1 
diameter[145,142,0.06] 0 
diameter[145,142,0.08] 0 
diameter[145,142,0.1] 0 
diameter[145,142,0.15] 0 
diameter[145,142,0.2] 0 
diameter[145,142,0.25] 0 
diameter[145,142,0.3] 0 
diameter[145,142,0.35] 0 
diameter[145,142,0.4] 0 
diameter[145,142,0.45] 0 
diameter[145,142,0.5] 0 
diameter[145,142,0.6] 0 
diameter[146,145,0.05] 1 
diameter[146,145,0.06] 0 
diameter[146,145,0.08] 0 
diameter[146,145,0.1] 0 
diameter[146,145,0.15] 0 
diameter[146,145,0.2] 0 
diameter[146,145,0.25] 0 
diameter[146,145,0.3] 0 
diameter[146,145,0.35] 0 
diameter[146,145,0.4] 0 
diameter[146,145,0.45] 0 
diameter[146,145,0.5] 0 
diameter[146,145,0.6] 0 
diameter[147,148,0.05] 0 
diameter[147,148,0.06] 0 
diameter[147,148,0.08] 0 
diameter[147,148,0.1] 1 
diameter[147,148,0.15] 0 
diameter[147,148,0.2] 0 
diameter[147,148,0.25] 0 
diameter[147,148,0.3] 0 
diameter[147,148,0.35] 0 
diameter[147,148,0.4] 0 
diameter[147,148,0.45] 0 
diameter[147,148,0.5] 0 
diameter[147,148,0.6] 0 
diameter[148,143,0.05] 0 
diameter[148,143,0.06] -0 
diameter[148,143,0.08] -0 
diameter[148,143,0.1] 1 
diameter[148,143,0.15] 0 
diameter[148,143,0.2] 0 
diameter[148,143,0.25] 0 
diameter[148,143,0.3] 0 
diameter[148,143,0.35] 0 
diameter[148,143,0.4] 0 
diameter[148,143,0.45] 0 
diameter[148,143,0.5] 0 
diameter[148,143,0.6] 0 
diameter[148,151,0.05] 0 
diameter[148,151,0.06] 0 
diameter[148,151,0.08] 0 
diameter[148,151,0.1] 1 
diameter[148,151,0.15] 0 
diameter[148,151,0.2] 0 
diameter[148,151,0.25] 0 
diameter[148,151,0.3] 0 
diameter[148,151,0.35] 0 
diameter[148,151,0.4] 0 
diameter[148,151,0.45] 0 
diameter[148,151,0.5] 0 
diameter[148,151,0.6] 0 
diameter[151,152,0.05] 1 
diameter[151,152,0.06] 0 
diameter[151,152,0.08] 0 
diameter[151,152,0.1] 0 
diameter[151,152,0.15] 0 
diameter[151,152,0.2] 0 
diameter[151,152,0.25] 0 
diameter[151,152,0.3] 0 
diameter[151,152,0.35] 0 
diameter[151,152,0.4] 0 
diameter[151,152,0.45] 0 
diameter[151,152,0.5] 0 
diameter[151,152,0.6] 0 
diameter[151,154,0.05] 0 
diameter[151,154,0.06] 0 
diameter[151,154,0.08] 0 
diameter[151,154,0.1] 1 
diameter[151,154,0.15] 0 
diameter[151,154,0.2] 0 
diameter[151,154,0.25] 0 
diameter[151,154,0.3] 0 
diameter[151,154,0.35] 0 
diameter[151,154,0.4] 0 
diameter[151,154,0.45] 0 
diameter[151,154,0.5] 0 
diameter[151,154,0.6] 0 
diameter[154,155,0.05] 1 
diameter[154,155,0.06] 0 
diameter[154,155,0.08] 0 
diameter[154,155,0.1] 0 
diameter[154,155,0.15] 0 
diameter[154,155,0.2] 0 
diameter[154,155,0.25] 0 
diameter[154,155,0.3] 0 
diameter[154,155,0.35] 0 
diameter[154,155,0.4] 0 
diameter[154,155,0.45] 0 
diameter[154,155,0.5] 0 
diameter[154,155,0.6] 0 
diameter[154,156,0.05] 0 
diameter[154,156,0.06] 0 
diameter[154,156,0.08] 0 
diameter[154,156,0.1] 1 
diameter[154,156,0.15] 0 
diameter[154,156,0.2] 0 
diameter[154,156,0.25] 0 
diameter[154,156,0.3] 0 
diameter[154,156,0.35] 0 
diameter[154,156,0.4] 0 
diameter[154,156,0.45] 0 
diameter[154,156,0.5] 0 
diameter[154,156,0.6] 0 
diameter[155,153,0.05] 1 
diameter[155,153,0.06] 0 
diameter[155,153,0.08] 0 
diameter[155,153,0.1] 0 
diameter[155,153,0.15] 0 
diameter[155,153,0.2] 0 
diameter[155,153,0.25] 0 
diameter[155,153,0.3] 0 
diameter[155,153,0.35] 0 
diameter[155,153,0.4] 0 
diameter[155,153,0.45] 0 
diameter[155,153,0.5] 0 
diameter[155,153,0.6] 0 
diameter[156,158,0.05] 0 
diameter[156,158,0.06] 0 
diameter[156,158,0.08] -0 
diameter[156,158,0.1] 1 
diameter[156,158,0.15] 0 
diameter[156,158,0.2] 0 
diameter[156,158,0.25] 0 
diameter[156,158,0.3] 0 
diameter[156,158,0.35] 0 
diameter[156,158,0.4] 0 
diameter[156,158,0.45] 0 
diameter[156,158,0.5] 0 
diameter[156,158,0.6] 0 
diameter[156,159,0.05] -0 
diameter[156,159,0.06] 1 
diameter[156,159,0.08] -0 
diameter[156,159,0.1] 0 
diameter[156,159,0.15] 0 
diameter[156,159,0.2] 0 
diameter[156,159,0.25] 0 
diameter[156,159,0.3] 0 
diameter[156,159,0.35] 0 
diameter[156,159,0.4] 0 
diameter[156,159,0.45] 0 
diameter[156,159,0.5] 0 
diameter[156,159,0.6] 0 
diameter[158,160,0.05] 0 
diameter[158,160,0.06] -0 
diameter[158,160,0.08] -0 
diameter[158,160,0.1] 1 
diameter[158,160,0.15] 0 
diameter[158,160,0.2] 0 
diameter[158,160,0.25] 0 
diameter[158,160,0.3] 0 
diameter[158,160,0.35] 0 
diameter[158,160,0.4] 0 
diameter[158,160,0.45] 0 
diameter[158,160,0.5] 0 
diameter[158,160,0.6] 0 
diameter[159,157,0.05] 1 
diameter[159,157,0.06] -0 
diameter[159,157,0.08] -0 
diameter[159,157,0.1] 0 
diameter[159,157,0.15] 0 
diameter[159,157,0.2] 0 
diameter[159,157,0.25] 0 
diameter[159,157,0.3] 0 
diameter[159,157,0.35] 0 
diameter[159,157,0.4] 0 
diameter[159,157,0.45] 0 
diameter[159,157,0.5] 0 
diameter[159,157,0.6] 0 
diameter[160,161,0.05] 0 
diameter[160,161,0.06] -0 
diameter[160,161,0.08] 1 
diameter[160,161,0.1] 0 
diameter[160,161,0.15] 0 
diameter[160,161,0.2] 0 
diameter[160,161,0.25] 0 
diameter[160,161,0.3] 0 
diameter[160,161,0.35] 0 
diameter[160,161,0.4] 0 
diameter[160,161,0.45] 0 
diameter[160,161,0.5] 0 
diameter[160,161,0.6] 0 
diameter[161,162,0.05] 0 
diameter[161,162,0.06] -0 
diameter[161,162,0.08] 1 
diameter[161,162,0.1] 0 
diameter[161,162,0.15] 0 
diameter[161,162,0.2] 0 
diameter[161,162,0.25] 0 
diameter[161,162,0.3] 0 
diameter[161,162,0.35] 0 
diameter[161,162,0.4] 0 
diameter[161,162,0.45] 0 
diameter[161,162,0.5] 0 
diameter[161,162,0.6] 0 
diameter[162,163,0.05] -0 
diameter[162,163,0.06] -0 
diameter[162,163,0.08] 1 
diameter[162,163,0.1] 0 
diameter[162,163,0.15] 0 
diameter[162,163,0.2] 0 
diameter[162,163,0.25] 0 
diameter[162,163,0.3] 0 
diameter[162,163,0.35] 0 
diameter[162,163,0.4] 0 
diameter[162,163,0.45] 0 
diameter[162,163,0.5] 0 
diameter[162,163,0.6] 0 
diameter[162,164,0.05] 1 
diameter[162,164,0.06] -0 
diameter[162,164,0.08] -0 
diameter[162,164,0.1] 0 
diameter[162,164,0.15] 0 
diameter[162,164,0.2] 0 
diameter[162,164,0.25] 0 
diameter[162,164,0.3] 0 
diameter[162,164,0.35] 0 
diameter[162,164,0.4] 0 
diameter[162,164,0.45] 0 
diameter[162,164,0.5] 0 
diameter[162,164,0.6] 0 
diameter[163,165,0.05] -0 
diameter[163,165,0.06] -0 
diameter[163,165,0.08] 1 
diameter[163,165,0.1] 0 
diameter[163,165,0.15] 0 
diameter[163,165,0.2] 0 
diameter[163,165,0.25] 0 
diameter[163,165,0.3] 0 
diameter[163,165,0.35] 0 
diameter[163,165,0.4] 0 
diameter[163,165,0.45] 0 
diameter[163,165,0.5] 0 
diameter[163,165,0.6] 0 
diameter[165,166,0.05] -0 
diameter[165,166,0.06] 1 
diameter[165,166,0.08] -0 
diameter[165,166,0.1] 0 
diameter[165,166,0.15] 0 
diameter[165,166,0.2] 0 
diameter[165,166,0.25] 0 
diameter[165,166,0.3] 0 
diameter[165,166,0.35] 0 
diameter[165,166,0.4] 0 
diameter[165,166,0.45] 0 
diameter[165,166,0.5] 0 
diameter[165,166,0.6] 0 
diameter[166,167,0.05] -0 
diameter[166,167,0.06] 1 
diameter[166,167,0.08] -0 
diameter[166,167,0.1] 0 
diameter[166,167,0.15] 0 
diameter[166,167,0.2] 0 
diameter[166,167,0.25] 0 
diameter[166,167,0.3] 0 
diameter[166,167,0.35] 0 
diameter[166,167,0.4] 0 
diameter[166,167,0.45] 0 
diameter[166,167,0.5] 0 
diameter[166,167,0.6] 0 
diameter[167,168,0.05] -0 
diameter[167,168,0.06] 1 
diameter[167,168,0.08] -0 
diameter[167,168,0.1] 0 
diameter[167,168,0.15] 0 
diameter[167,168,0.2] 0 
diameter[167,168,0.25] 0 
diameter[167,168,0.3] 0 
diameter[167,168,0.35] 0 
diameter[167,168,0.4] 0 
diameter[167,168,0.45] 0 
diameter[167,168,0.5] 0 
diameter[167,168,0.6] 0 
diameter[168,169,0.05] 1 
diameter[168,169,0.06] 0 
diameter[168,169,0.08] 0 
diameter[168,169,0.1] 0 
diameter[168,169,0.15] 0 
diameter[168,169,0.2] 0 
diameter[168,169,0.25] 0 
diameter[168,169,0.3] 0 
diameter[168,169,0.35] 0 
diameter[168,169,0.4] 0 
diameter[168,169,0.45] 0 
diameter[168,169,0.5] 0 
diameter[168,169,0.6] 0 
diameter[169,170,0.05] 1 
diameter[169,170,0.06] 0 
diameter[169,170,0.08] 0 
diameter[169,170,0.1] 0 
diameter[169,170,0.15] 0 
diameter[169,170,0.2] 0 
diameter[169,170,0.25] 0 
diameter[169,170,0.3] 0 
diameter[169,170,0.35] 0 
diameter[169,170,0.4] 0 
diameter[169,170,0.45] 0 
diameter[169,170,0.5] 0 
diameter[169,170,0.6] 0 
hydro loss[1,0] 0.13911 
hydro loss[1,2] 0.148889 
hydro loss[3,1] 0.61105 
hydro loss[5,4] 0.0494544 
hydro loss[6,3] 0.459893 
hydro loss[6,5] 0.178531 
hydro loss[7,6] 0.250943 
hydro loss[7,8] 0.0494544 
hydro loss[9,17] 0.434053 
hydro loss[10,9] 0.878242 
hydro loss[10,11] 0.434086 
hydro loss[11,12] 0.263165 
hydro loss[12,13] 0.23809 
hydro loss[13,14] 0.214175 
hydro loss[14,7] 0.344192 
hydro loss[14,15] 1.81688 
hydro loss[15,16] 0.910437 
hydro loss[16,19] 0.822201 
hydro loss[17,20] 0.268744 
hydro loss[18,10] 0.553768 
hydro loss[19,26] 0.543877 
hydro loss[20,22] 0.0835896 
hydro loss[23,18] 0.595488 
hydro loss[25,21] 0.0357843 
hydro loss[26,27] 0.273729 
hydro loss[27,25] 0.129181 
hydro loss[28,24] 0.0323391 
hydro loss[29,23] 0.638599 
hydro loss[30,28] 0.129025 
hydro loss[30,31] 0.859158 
hydro loss[31,29] 0.734453 
hydro loss[31,34] 0.0448708 
hydro loss[33,30] 1.21173 
hydro loss[35,33] 1.20477 
hydro loss[35,37] 0.434054 
hydro loss[36,32] 0.0417335 
hydro loss[37,36] 0.116745 
hydro loss[38,35] 1.53254 
hydro loss[39,50] 0.256096 
hydro loss[40,38] 1.26182 
hydro loss[41,39] 0.28171 
hydro loss[42,40] 1.76319 
hydro loss[42,43] 0.566852 
hydro loss[43,41] 0.544699 
hydro loss[45,42] 1.70018 
hydro loss[45,44] 0.0513737 
hydro loss[46,47] 2.36898 
hydro loss[47,45] 2.3769 
hydro loss[47,48] 0.178531 
hydro loss[48,49] 0.0494544 
hydro loss[51,46] 5.84385 
hydro loss[53,51] 0.497273 
hydro loss[54,52] 0.0923871 
hydro loss[55,53] 0.429807 
hydro loss[55,56] 0.378297 
hydro loss[56,54] 0.233488 
hydro loss[58,55] 0.720987 
hydro loss[59,58] 0.243492 
hydro loss[60,57] 0.0562515 
hydro loss[62,65] 0.0139109 
hydro loss[63,59] 0.645716 
hydro loss[63,62] 0.238041 
hydro loss[63,67] 0.027822 
hydro loss[64,60] 0.26649 
hydro loss[64,66] 0.375808 
hydro loss[66,63] 0.52402 
hydro loss[68,64] 0.608008 
hydro loss[69,61] 0.12178 
hydro loss[71,68] 0.681905 
hydro loss[72,69] 0.251091 
hydro loss[73,72] 0.764041 
hydro loss[74,70] 0.0556439 
hydro loss[74,73] 0.669508 
hydro loss[75,74] 1.36565 
hydro loss[76,71] 0.700592 
hydro loss[76,75] 1.81688 
hydro loss[77,81] 4.94959 
hydro loss[77,82] 0.0897408 
hydro loss[78,76] 1.25843 
hydro loss[78,79] 0.0989088 
hydro loss[80,84] 5.23652 
hydro loss[81,80] 0.448427 
hydro loss[81,83] 0.0417327 
hydro loss[84,78] 1.50482 
hydro loss[84,85] 0.932525 
hydro loss[85,86] 1.48479 
hydro loss[86,93] 1.47848 
hydro loss[87,97] 1.11842 
hydro loss[88,87] 1.02386 
hydro loss[90,89] 0.0417948 
hydro loss[90,94] 0.501604 
hydro loss[91,90] 0.53562 
hydro loss[92,91] 0.821896 
hydro loss[93,92] 1.12074 
hydro loss[94,96] 0.489908 
hydro loss[95,88] 0.889492 
hydro loss[96,95] 1.19001 
hydro loss[96,98] 0.0278219 
hydro loss[97,100] 0.933681 
hydro loss[100,101] 0.419636 
hydro loss[101,102] 0.689864 
hydro loss[102,105] 0.185459 
hydro loss[102,109] 0.739756 
hydro loss[105,108] 0.0357841 
hydro loss[106,103] 0.0357842 
hydro loss[106,107] 0.178531 
hydro loss[107,99] 0.0973774 
hydro loss[109,112] 0.414906 
hydro loss[109,111] 1.24192 
hydro loss[110,106] 0.693112 
hydro loss[111,110] 0.849908 
hydro loss[111,114] 2.11099 
hydro loss[112,119] 0.957267 
hydro loss[113,104] 0.0973782 
hydro loss[114,115] 0.498415 
hydro loss[115,116] 0.910437 
hydro loss[116,117] 0.97431 
hydro loss[117,118] 0.429664 
hydro loss[118,113] 0.314045 
hydro loss[118,120] 0.0714823 
hydro loss[119,121] 0.475237 
hydro loss[121,124] 0.34061 
hydro loss[123,122] 0.0278218 
hydro loss[123,125] 0.245437 
hydro loss[124,123] 0.399533 
hydro loss[124,126] 0.0646774 
hydro loss[125,127] 0.169679 
hydro loss[127,129] 0.20984 
hydro loss[128,130] 0.314045 
hydro loss[129,133] 0.155672 
hydro loss[130,134] 0.0431401 
hydro loss[131,128] 0.141239 
hydro loss[133,136] 0.206569 
hydro loss[135,132] 0.0431397 
hydro loss[136,138] 0.197335 
hydro loss[137,135] 0.200872 
hydro loss[138,146] 1.60258 
hydro loss[138,139] 1.85483 
hydro loss[139,147] 1.16632 
hydro loss[140,131] 0.147002 
hydro loss[141,140] 0.290095 
hydro loss[141,149] 0.0417335 
hydro loss[142,137] 0.319229 
hydro loss[143,144] 0.230835 
hydro loss[144,141] 0.191301 
hydro loss[144,150] 0.0417333 
hydro loss[145,142] 0.466343 
hydro loss[146,145] 0.97431 
hydro loss[147,148] 0.977395 
hydro loss[148,143] 0.0676476 
hydro loss[148,151] 1.59393 
hydro loss[151,152] 0.04314 
hydro loss[151,154] 0.467073 
hydro loss[154,155] 0.360575 
hydro loss[154,156] 0.650604 
hydro loss[155,153] 0.0869929 
hydro loss[156,158] 0.243614 
hydro loss[156,159] 0.243406 
hydro loss[158,160] 0.161414 
hydro loss[159,157] 0.0692441 
hydro loss[160,161] 0.23312 
hydro loss[161,162] 0.38378 
hydro loss[162,163] 0.240961 
hydro loss[162,164] 0.122708 
hydro loss[163,165] 0.215442 
hydro loss[165,166] 0.563866 
hydro loss[166,167] 0.72277 
hydro loss[167,168] 0.37017 
hydro loss[168,169] 1.15657 
hydro loss[169,170] 0.148363 
PUMP[1,0] 0 
PUMP[1,2] 0 
PUMP[3,1] 0 
PUMP[5,4] 0 
PUMP[6,3] 0 
PUMP[6,5] 0 
PUMP[7,6] 0 
PUMP[7,8] 0 
PUMP[9,17] 0 
PUMP[10,9] 0 
PUMP[10,11] 0 
PUMP[11,12] 0 
PUMP[12,13] 0 
PUMP[13,14] 0 
PUMP[14,7] 0 
PUMP[14,15] 0 
PUMP[15,16] 0 
PUMP[16,19] 0 
PUMP[17,20] 0 
PUMP[18,10] 0 
PUMP[19,26] 0 
PUMP[20,22] 0 
PUMP[23,18] 0 
PUMP[25,21] 0 
PUMP[26,27] 0 
PUMP[27,25] 0 
PUMP[28,24] 0 
PUMP[29,23] 0 
PUMP[30,28] 0 
PUMP[30,31] 0 
PUMP[31,29] 0 
PUMP[31,34] 0 
PUMP[33,30] 0 
PUMP[35,33] 0 
PUMP[35,37] 0 
PUMP[36,32] 0 
PUMP[37,36] 0 
PUMP[38,35] 0 
PUMP[39,50] 0 
PUMP[40,38] 0 
PUMP[41,39] 0 
PUMP[42,40] 0 
PUMP[42,43] 0 
PUMP[43,41] 0 
PUMP[45,42] 0 
PUMP[45,44] 0 
PUMP[46,47] 0 
PUMP[47,45] 0 
PUMP[47,48] 0 
PUMP[48,49] 0 
PUMP[51,46] 0 
PUMP[53,51] 0 
PUMP[54,52] 0 
PUMP[55,53] 0 
PUMP[55,56] 0 
PUMP[56,54] 0 
PUMP[58,55] 0 
PUMP[59,58] 0 
PUMP[60,57] 0 
PUMP[62,65] 0 
PUMP[63,59] 0 
PUMP[63,62] 0 
PUMP[63,67] 0 
PUMP[64,60] 0 
PUMP[64,66] 0 
PUMP[66,63] 0 
PUMP[68,64] 0 
PUMP[69,61] 0 
PUMP[71,68] 0 
PUMP[72,69] 0 
PUMP[73,72] 0 
PUMP[74,70] 0 
PUMP[74,73] 0 
PUMP[75,74] 0 
PUMP[76,71] 0 
PUMP[76,75] 0 
PUMP[77,81] 0 
PUMP[77,82] 0 
PUMP[78,76] 0 
PUMP[78,79] 0 
PUMP[80,84] 0 
PUMP[81,80] 0 
PUMP[81,83] 0 
PUMP[84,78] 0 
PUMP[84,85] 0 
PUMP[85,86] 0 
PUMP[86,93] 0 
PUMP[87,97] 0 
PUMP[88,87] 0 
PUMP[90,89] 0 
PUMP[90,94] 0 
PUMP[91,90] 0 
PUMP[92,91] 0 
PUMP[93,92] 0 
PUMP[94,96] 0 
PUMP[95,88] 0 
PUMP[96,95] 0 
PUMP[96,98] 0 
PUMP[97,100] 0 
PUMP[100,101] 0 
PUMP[101,102] 0 
PUMP[102,105] 0 
PUMP[102,109] 0 
PUMP[105,108] 0 
PUMP[106,103] 0 
PUMP[106,107] 0 
PUMP[107,99] 0 
PUMP[109,112] 0 
PUMP[109,111] 0 
PUMP[110,106] 0 
PUMP[111,110] 0 
PUMP[111,114] 0 
PUMP[112,119] 0 
PUMP[113,104] 0 
PUMP[114,115] 0 
PUMP[115,116] 0 
PUMP[116,117] 0 
PUMP[117,118] 0 
PUMP[118,113] 0 
PUMP[118,120] 0 
PUMP[119,121] 0 
PUMP[121,124] 0 
PUMP[123,122] 0 
PUMP[123,125] 0 
PUMP[124,123] 0 
PUMP[124,126] 0 
PUMP[125,127] 0 
PUMP[127,129] 0 
PUMP[128,130] 0 
PUMP[129,133] 0 
PUMP[130,134] 0 
PUMP[131,128] 0 
PUMP[133,136] 0 
PUMP[135,132] 0 
PUMP[136,138] 0 
PUMP[137,135] 0 
PUMP[138,146] 0 
PUMP[138,139] 0 
PUMP[139,147] 0 
PUMP[140,131] 0 
PUMP[141,140] 0 
PUMP[141,149] 0 
PUMP[142,137] 0 
PUMP[143,144] 0 
PUMP[144,141] 0 
PUMP[144,150] 0 
PUMP[145,142] 0 
PUMP[146,145] 0 
PUMP[147,148] 0 
PUMP[148,143] 0 
PUMP[148,151] 0 
PUMP[151,152] 0 
PUMP[151,154] 0 
PUMP[154,155] 0 
PUMP[154,156] 0 
PUMP[155,153] 0 
PUMP[156,158] 0 
PUMP[156,159] 0 
PUMP[158,160] 0 
PUMP[159,157] 0 
PUMP[160,161] 0 
PUMP[161,162] 0 
PUMP[162,163] 0 
PUMP[162,164] 0 
PUMP[163,165] 0 
PUMP[165,166] 0 
PUMP[166,167] 0 
PUMP[167,168] 0 
PUMP[168,169] 0 
PUMP[169,170] 0 
PRESSURE BY PUMP[1,0] 0 
PRESSURE BY PUMP[1,2] 0 
PRESSURE BY PUMP[3,1] 0 
PRESSURE BY PUMP[5,4] 0 
PRESSURE BY PUMP[6,3] 0 
PRESSURE BY PUMP[6,5] 0 
PRESSURE BY PUMP[7,6] 0 
PRESSURE BY PUMP[7,8] 0 
PRESSURE BY PUMP[9,17] 0 
PRESSURE BY PUMP[10,9] 0 
PRESSURE BY PUMP[10,11] 0 
PRESSURE BY PUMP[11,12] 0 
PRESSURE BY PUMP[12,13] 0 
PRESSURE BY PUMP[13,14] 0 
PRESSURE BY PUMP[14,7] 0 
PRESSURE BY PUMP[14,15] 0 
PRESSURE BY PUMP[15,16] 0 
PRESSURE BY PUMP[16,19] 0 
PRESSURE BY PUMP[17,20] 0 
PRESSURE BY PUMP[18,10] 0 
PRESSURE BY PUMP[19,26] 0 
PRESSURE BY PUMP[20,22] 0 
PRESSURE BY PUMP[23,18] 0 
PRESSURE BY PUMP[25,21] 0 
PRESSURE BY PUMP[26,27] 0 
PRESSURE BY PUMP[27,25] 0 
PRESSURE BY PUMP[28,24] 0 
PRESSURE BY PUMP[29,23] 0 
PRESSURE BY PUMP[30,28] 0 
PRESSURE BY PUMP[30,31] 0 
PRESSURE BY PUMP[31,29] 0 
PRESSURE BY PUMP[31,34] 0 
PRESSURE BY PUMP[33,30] 0 
PRESSURE BY PUMP[35,33] 0 
PRESSURE BY PUMP[35,37] 0 
PRESSURE BY PUMP[36,32] 0 
PRESSURE BY PUMP[37,36] 0 
PRESSURE BY PUMP[38,35] 0 
PRESSURE BY PUMP[39,50] 0 
PRESSURE BY PUMP[40,38] 0 
PRESSURE BY PUMP[41,39] 0 
PRESSURE BY PUMP[42,40] 0 
PRESSURE BY PUMP[42,43] 0 
PRESSURE BY PUMP[43,41] 0 
PRESSURE BY PUMP[45,42] 0 
PRESSURE BY PUMP[45,44] 0 
PRESSURE BY PUMP[46,47] 0 
PRESSURE BY PUMP[47,45] 0 
PRESSURE BY PUMP[47,48] 0 
PRESSURE BY PUMP[48,49] 0 
PRESSURE BY PUMP[51,46] 0 
PRESSURE BY PUMP[53,51] 0 
PRESSURE BY PUMP[54,52] 0 
PRESSURE BY PUMP[55,53] 0 
PRESSURE BY PUMP[55,56] 0 
PRESSURE BY PUMP[56,54] 0 
PRESSURE BY PUMP[58,55] 0 
PRESSURE BY PUMP[59,58] 0 
PRESSURE BY PUMP[60,57] 0 
PRESSURE BY PUMP[62,65] 0 
PRESSURE BY PUMP[63,59] 0 
PRESSURE BY PUMP[63,62] 0 
PRESSURE BY PUMP[63,67] 0 
PRESSURE BY PUMP[64,60] 0 
PRESSURE BY PUMP[64,66] 0 
PRESSURE BY PUMP[66,63] 0 
PRESSURE BY PUMP[68,64] 0 
PRESSURE BY PUMP[69,61] 0 
PRESSURE BY PUMP[71,68] 0 
PRESSURE BY PUMP[72,69] 0 
PRESSURE BY PUMP[73,72] 0 
PRESSURE BY PUMP[74,70] 0 
PRESSURE BY PUMP[74,73] 0 
PRESSURE BY PUMP[75,74] 0 
PRESSURE BY PUMP[76,71] 0 
PRESSURE BY PUMP[76,75] 0 
PRESSURE BY PUMP[77,81] 0 
PRESSURE BY PUMP[77,82] 0 
PRESSURE BY PUMP[78,76] 0 
PRESSURE BY PUMP[78,79] 0 
PRESSURE BY PUMP[80,84] 0 
PRESSURE BY PUMP[81,80] 0 
PRESSURE BY PUMP[81,83] 0 
PRESSURE BY PUMP[84,78] 0 
PRESSURE BY PUMP[84,85] 0 
PRESSURE BY PUMP[85,86] 0 
PRESSURE BY PUMP[86,93] 0 
PRESSURE BY PUMP[87,97] 0 
PRESSURE BY PUMP[88,87] 0 
PRESSURE BY PUMP[90,89] 0 
PRESSURE BY PUMP[90,94] 0 
PRESSURE BY PUMP[91,90] 0 
PRESSURE BY PUMP[92,91] 0 
PRESSURE BY PUMP[93,92] 0 
PRESSURE BY PUMP[94,96] 0 
PRESSURE BY PUMP[95,88] 0 
PRESSURE BY PUMP[96,95] 0 
PRESSURE BY PUMP[96,98] 0 
PRESSURE BY PUMP[97,100] 0 
PRESSURE BY PUMP[100,101] 0 
PRESSURE BY PUMP[101,102] 0 
PRESSURE BY PUMP[102,105] 0 
PRESSURE BY PUMP[102,109] 0 
PRESSURE BY PUMP[105,108] 0 
PRESSURE BY PUMP[106,103] 0 
PRESSURE BY PUMP[106,107] 0 
PRESSURE BY PUMP[107,99] 0 
PRESSURE BY PUMP[109,112] 0 
PRESSURE BY PUMP[109,111] 0 
PRESSURE BY PUMP[110,106] 0 
PRESSURE BY PUMP[111,110] 0 
PRESSURE BY PUMP[111,114] 0 
PRESSURE BY PUMP[112,119] 0 
PRESSURE BY PUMP[113,104] 0 
PRESSURE BY PUMP[114,115] 0 
PRESSURE BY PUMP[115,116] 0 
PRESSURE BY PUMP[116,117] 0 
PRESSURE BY PUMP[117,118] 0 
PRESSURE BY PUMP[118,113] 0 
PRESSURE BY PUMP[118,120] 0 
PRESSURE BY PUMP[119,121] 0 
PRESSURE BY PUMP[121,124] 0 
PRESSURE BY PUMP[123,122] 0 
PRESSURE BY PUMP[123,125] 0 
PRESSURE BY PUMP[124,123] 0 
PRESSURE BY PUMP[124,126] 0 
PRESSURE BY PUMP[125,127] 0 
PRESSURE BY PUMP[127,129] 0 
PRESSURE BY PUMP[128,130] 0 
PRESSURE BY PUMP[129,133] 0 
PRESSURE BY PUMP[130,134] 0 
PRESSURE BY PUMP[131,128] 0 
PRESSURE BY PUMP[133,136] 0 
PRESSURE BY PUMP[135,132] 0 
PRESSURE BY PUMP[136,138] 0 
PRESSURE BY PUMP[137,135] 0 
PRESSURE BY PUMP[138,146] 0 
PRESSURE BY PUMP[138,139] 0 
PRESSURE BY PUMP[139,147] 0 
PRESSURE BY PUMP[140,131] 0 
PRESSURE BY PUMP[141,140] 0 
PRESSURE BY PUMP[141,149] 0 
PRESSURE BY PUMP[142,137] 0 
PRESSURE BY PUMP[143,144] 0 
PRESSURE BY PUMP[144,141] 0 
PRESSURE BY PUMP[144,150] 0 
PRESSURE BY PUMP[145,142] 0 
PRESSURE BY PUMP[146,145] 0 
PRESSURE BY PUMP[147,148] 0 
PRESSURE BY PUMP[148,143] 0 
PRESSURE BY PUMP[148,151] 0 
PRESSURE BY PUMP[151,152] 0 
PRESSURE BY PUMP[151,154] 0 
PRESSURE BY PUMP[154,155] 0 
PRESSURE BY PUMP[154,156] 0 
PRESSURE BY PUMP[155,153] 0 
PRESSURE BY PUMP[156,158] 0 
PRESSURE BY PUMP[156,159] 0 
PRESSURE BY PUMP[158,160] 0 
PRESSURE BY PUMP[159,157] 0 
PRESSURE BY PUMP[160,161] 0 
PRESSURE BY PUMP[161,162] 0 
PRESSURE BY PUMP[162,163] 0 
PRESSURE BY PUMP[162,164] 0 
PRESSURE BY PUMP[163,165] 0 
PRESSURE BY PUMP[165,166] 0 
PRESSURE BY PUMP[166,167] 0 
PRESSURE BY PUMP[167,168] 0 
PRESSURE BY PUMP[168,169] 0 
PRESSURE BY PUMP[169,170] 0 
In Node Elevation[0] 47.1422 
In Node Elevation[1] 45.9891 
In Node Elevation[2] 47.1033 
In Node Elevation[3] 47.4301 
In Node Elevation[4] 40.1259 
In Node Elevation[5] 40.0502 
In Node Elevation[6] 48.3522 
In Node Elevation[7] 39.784 
In Node Elevation[8] 48.5537 
In Node Elevation[9] 43.0498 
In Node Elevation[10] 42.2393 
In Node Elevation[11] 49.6628 
In Node Elevation[12] 41.7322 
In Node Elevation[13] 49.1615 
In Node Elevation[14] 48.9473 
In Node Elevation[15] 39.92 
In Node Elevation[16] 46.22 
In Node Elevation[17] 43.244 
In Node Elevation[18] 50.6506 
In Node Elevation[19] 45.3978 
In Node Elevation[20] 48.5158 
In Node Elevation[21] 44.4153 
In Node Elevation[22] 45.9041 
In Node Elevation[23] 51.2461 
In Node Elevation[24] 43.7677 
In Node Elevation[25] 43.2029 
In Node Elevation[26] 43.407 
In Node Elevation[27] 44.5802 
In Node Elevation[28] 44.4545 
In Node Elevation[29] 44.4988 
In Node Elevation[30] 45.8055 
In Node Elevation[31] 45.8221 
In Node Elevation[32] 55.3023 
In Node Elevation[33] 46.1788 
In Node Elevation[34] 46.2508 
In Node Elevation[35] 55.8948 
In Node Elevation[36] 55.344 
In Node Elevation[37] 55.4608 
In Node Elevation[38] 46.3902 
In Node Elevation[39] 46.7984 
In Node Elevation[40] 46.2951 
In Node Elevation[41] 59.3408 
In Node Elevation[42] 45.5202 
In Node Elevation[43] 59.8855 
In Node Elevation[44] 62.1012 
In Node Elevation[45] 44.4399 
In Node Elevation[46] 46.838 
In Node Elevation[47] 45.8179 
In Node Elevation[48] 64.3509 
In Node Elevation[49] 64.3015 
In Node Elevation[50] 49.1467 
In Node Elevation[51] 72.7423 
In Node Elevation[52] 49.3028 
In Node Elevation[53] 73.2396 
In Node Elevation[54] 73.0576 
In Node Elevation[55] 73.6694 
In Node Elevation[56] 73.2911 
In Node Elevation[57] 53.1959 
In Node Elevation[58] 54.0133 
In Node Elevation[59] 74.6338 
In Node Elevation[60] 53.9584 
In Node Elevation[61] 55.3933 
In Node Elevation[62] 75.0415 
In Node Elevation[63] 75.2796 
In Node Elevation[64] 76.1794 
In Node Elevation[65] 75.0276 
In Node Elevation[66] 75.8036 
In Node Elevation[67] 55.9941 
In Node Elevation[68] 56.0463 
In Node Elevation[69] 58.4764 
In Node Elevation[70] 57.6891 
In Node Elevation[71] 56.6771 
In Node Elevation[72] 60.9754 
In Node Elevation[73] 74.3178 
In Node Elevation[74] 58.688 
In Node Elevation[75] 58.4465 
In Node Elevation[76] 58.2279 
In Node Elevation[77] 91.5677 
In Node Elevation[78] 79.4283 
In Node Elevation[79] 79.3294 
In Node Elevation[80] 86.1697 
In Node Elevation[81] 86.6181 
In Node Elevation[82] 66.8642 
In Node Elevation[83] 86.5764 
In Node Elevation[84] 80.9331 
In Node Elevation[85] 80.0006 
In Node Elevation[86] 59.4477 
In Node Elevation[87] 60.6653 
In Node Elevation[88] 60.9637 
In Node Elevation[89] 60.8822 
In Node Elevation[90] 74.5591 
In Node Elevation[91] 60.5856 
In Node Elevation[92] 60.379 
In Node Elevation[93] 59.7637 
In Node Elevation[94] 60.7582 
In Node Elevation[95] 72.3776 
In Node Elevation[96] 73.5676 
In Node Elevation[97] 69.3458 
In Node Elevation[98] 60.4425 
In Node Elevation[99] 60.1387 
In Node Elevation[100] 68.4121 
In Node Elevation[101] 59.6924 
In Node Elevation[102] 67.3026 
In Node Elevation[103] 63.7421 
In Node Elevation[104] 59.3223 
In Node Elevation[105] 59.2238 
In Node Elevation[106] 59.7439 
In Node Elevation[107] 63.5994 
In Node Elevation[108] 67.0814 
In Node Elevation[109] 59.1729 
In Node Elevation[110] 64.471 
In Node Elevation[111] 59.1284 
In Node Elevation[112] 66.1479 
In Node Elevation[113] 60.0831 
In Node Elevation[114] 63.2099 
In Node Elevation[115] 58.8832 
In Node Elevation[116] 61.8011 
In Node Elevation[117] 60.8268 
In Node Elevation[118] 58.8258 
In Node Elevation[119] 65.1907 
In Node Elevation[120] 58.4899 
In Node Elevation[121] 64.7154 
In Node Elevation[122] 63.9475 
In Node Elevation[123] 63.9753 
In Node Elevation[124] 56.7136 
In Node Elevation[125] 57.016 
In Node Elevation[126] 64.3102 
In Node Elevation[127] 56.6668 
In Node Elevation[128] 57.6975 
In Node Elevation[129] 63.3503 
In Node Elevation[130] 57.0281 
In Node Elevation[131] 57.8653 
In Node Elevation[132] 55.6261 
In Node Elevation[133] 55.8183 
In Node Elevation[134] 56.7215 
In Node Elevation[135] 59.2274 
In Node Elevation[136] 62.9881 
In Node Elevation[137] 59.4283 
In Node Elevation[138] 62.7908 
In Node Elevation[139] 60.9359 
In Node Elevation[140] 58.0123 
In Node Elevation[141] 58.3024 
In Node Elevation[142] 59.7475 
In Node Elevation[143] 58.7246 
In Node Elevation[144] 58.4937 
In Node Elevation[145] 60.2139 
In Node Elevation[146] 61.1882 
In Node Elevation[147] 55.4482 
In Node Elevation[148] 55.5928 
In Node Elevation[149] 58.2607 
In Node Elevation[150] 58.452 
In Node Elevation[151] 55.369 
In Node Elevation[152] 55.3708 
In Node Elevation[153] 56.2836 
In Node Elevation[154] 55.3693 
In Node Elevation[155] 55.7925 
In Node Elevation[156] 55.8676 
In Node Elevation[157] 55.768 
In Node Elevation[158] 55.4823 
In Node Elevation[159] 55.6301 
In Node Elevation[160] 55.6756 
In Node Elevation[161] 54.6862 
In Node Elevation[162] 55.0587 
In Node Elevation[163] 53.8583 
In Node Elevation[164] 54.936 
In Node Elevation[165] 54.6023 
In Node Elevation[166] 54.0384 
In Node Elevation[167] 51.4586 
In Node Elevation[168] 52.9455 
In Node Elevation[169] 47.4441 
In Node Elevation[170] 46.705 
HEAD PRESSURE[0] 31.6462 
HEAD PRESSURE[1] 32.9384 
HEAD PRESSURE[2] 31.6753 
HEAD PRESSURE[3] 32.1085 
HEAD PRESSURE[4] 39.6446 
HEAD PRESSURE[5] 39.7697 
HEAD PRESSURE[6] 31.6462 
HEAD PRESSURE[7] 40.4654 
HEAD PRESSURE[8] 31.6462 
HEAD PRESSURE[9] 37.8151 
HEAD PRESSURE[10] 39.5037 
HEAD PRESSURE[11] 31.6462 
HEAD PRESSURE[12] 39.3136 
HEAD PRESSURE[13] 31.6462 
HEAD PRESSURE[14] 31.6462 
HEAD PRESSURE[15] 38.8567 
HEAD PRESSURE[16] 31.6462 
HEAD PRESSURE[17] 37.1868 
HEAD PRESSURE[18] 31.6462 
HEAD PRESSURE[19] 31.6462 
HEAD PRESSURE[20] 31.6462 
HEAD PRESSURE[21] 31.6462 
HEAD PRESSURE[22] 34.1744 
HEAD PRESSURE[23] 31.6462 
HEAD PRESSURE[24] 41.1955 
HEAD PRESSURE[25] 32.8944 
HEAD PRESSURE[26] 33.0932 
HEAD PRESSURE[27] 31.6462 
HEAD PRESSURE[28] 40.5411 
HEAD PRESSURE[29] 39.0322 
HEAD PRESSURE[30] 39.3191 
HEAD PRESSURE[31] 38.4433 
HEAD PRESSURE[32] 31.6462 
HEAD PRESSURE[33] 40.1575 
HEAD PRESSURE[34] 37.9697 
HEAD PRESSURE[35] 31.6462 
HEAD PRESSURE[36] 31.6462 
HEAD PRESSURE[37] 31.6462 
HEAD PRESSURE[38] 42.6834 
HEAD PRESSURE[39] 43.907 
HEAD PRESSURE[40] 44.0403 
HEAD PRESSURE[41] 31.6462 
HEAD PRESSURE[42] 46.5784 
HEAD PRESSURE[43] 31.6462 
HEAD PRESSURE[44] 31.6462 
HEAD PRESSURE[45] 49.3589 
HEAD PRESSURE[46] 51.7066 
HEAD PRESSURE[47] 50.3578 
HEAD PRESSURE[48] 31.6462 
HEAD PRESSURE[49] 31.6462 
HEAD PRESSURE[50] 41.3026 
HEAD PRESSURE[51] 31.6462 
HEAD PRESSURE[52] 55.3086 
HEAD PRESSURE[53] 31.6462 
HEAD PRESSURE[54] 31.6462 
HEAD PRESSURE[55] 31.6462 
HEAD PRESSURE[56] 31.6462 
HEAD PRESSURE[57] 54.3069 
HEAD PRESSURE[58] 52.0233 
HEAD PRESSURE[59] 31.6462 
HEAD PRESSURE[60] 53.6008 
HEAD PRESSURE[61] 49.4339 
HEAD PRESSURE[62] 31.6462 
HEAD PRESSURE[63] 31.6462 
HEAD PRESSURE[64] 31.6462 
HEAD PRESSURE[65] 31.6462 
HEAD PRESSURE[66] 31.6462 
HEAD PRESSURE[67] 50.9038 
HEAD PRESSURE[68] 52.3873 
HEAD PRESSURE[69] 46.4725 
HEAD PRESSURE[70] 48.8889 
HEAD PRESSURE[71] 52.4384 
HEAD PRESSURE[72] 44.2246 
HEAD PRESSURE[73] 31.6462 
HEAD PRESSURE[74] 47.9456 
HEAD PRESSURE[75] 49.5527 
HEAD PRESSURE[76] 51.5882 
HEAD PRESSURE[77] 31.6462 
HEAD PRESSURE[78] 31.6462 
HEAD PRESSURE[79] 31.6462 
HEAD PRESSURE[80] 31.6462 
HEAD PRESSURE[81] 31.6462 
HEAD PRESSURE[82] 56.26 
HEAD PRESSURE[83] 31.6462 
HEAD PRESSURE[84] 31.6462 
HEAD PRESSURE[85] 31.6462 
HEAD PRESSURE[86] 50.7143 
HEAD PRESSURE[87] 41.4451 
HEAD PRESSURE[88] 42.1706 
HEAD PRESSURE[89] 45.2813 
HEAD PRESSURE[90] 31.6462 
HEAD PRESSURE[91] 46.1554 
HEAD PRESSURE[92] 47.1838 
HEAD PRESSURE[93] 48.9199 
HEAD PRESSURE[94] 44.9455 
HEAD PRESSURE[95] 31.6462 
HEAD PRESSURE[96] 31.6462 
HEAD PRESSURE[97] 31.6462 
HEAD PRESSURE[98] 44.7435 
HEAD PRESSURE[99] 35.0096 
HEAD PRESSURE[100] 31.6462 
HEAD PRESSURE[101] 39.9463 
HEAD PRESSURE[102] 31.6462 
HEAD PRESSURE[103] 31.6462 
HEAD PRESSURE[104] 32.3097 
HEAD PRESSURE[105] 39.5396 
HEAD PRESSURE[106] 35.6802 
HEAD PRESSURE[107] 31.6462 
HEAD PRESSURE[108] 31.6462 
HEAD PRESSURE[109] 39.0362 
HEAD PRESSURE[110] 31.6462 
HEAD PRESSURE[111] 37.8388 
HEAD PRESSURE[112] 31.6462 
HEAD PRESSURE[113] 31.6462 
HEAD PRESSURE[114] 31.6462 
HEAD PRESSURE[115] 35.4746 
HEAD PRESSURE[116] 31.6462 
HEAD PRESSURE[117] 31.6462 
HEAD PRESSURE[118] 33.2176 
HEAD PRESSURE[119] 31.6462 
HEAD PRESSURE[120] 33.482 
HEAD PRESSURE[121] 31.6462 
HEAD PRESSURE[122] 31.6462 
HEAD PRESSURE[123] 31.6462 
HEAD PRESSURE[124] 39.3074 
HEAD PRESSURE[125] 38.3601 
HEAD PRESSURE[126] 31.6462 
HEAD PRESSURE[127] 38.5396 
HEAD PRESSURE[128] 31.6728 
HEAD PRESSURE[129] 31.6462 
HEAD PRESSURE[130] 32.0282 
HEAD PRESSURE[131] 31.6462 
HEAD PRESSURE[132] 35.2044 
HEAD PRESSURE[133] 39.0226 
HEAD PRESSURE[134] 32.2916 
HEAD PRESSURE[135] 31.6462 
HEAD PRESSURE[136] 31.6462 
HEAD PRESSURE[137] 31.6462 
HEAD PRESSURE[138] 31.6462 
HEAD PRESSURE[139] 31.6462 
HEAD PRESSURE[140] 31.6462 
HEAD PRESSURE[141] 31.6462 
HEAD PRESSURE[142] 31.6462 
HEAD PRESSURE[143] 31.6462 
HEAD PRESSURE[144] 31.6462 
HEAD PRESSURE[145] 31.6462 
HEAD PRESSURE[146] 31.6462 
HEAD PRESSURE[147] 35.9677 
HEAD PRESSURE[148] 34.8457 
HEAD PRESSURE[149] 31.6462 
HEAD PRESSURE[150] 31.6462 
HEAD PRESSURE[151] 33.4755 
HEAD PRESSURE[152] 33.4306 
HEAD PRESSURE[153] 31.6462 
HEAD PRESSURE[154] 33.0081 
HEAD PRESSURE[155] 32.2244 
HEAD PRESSURE[156] 31.8593 
HEAD PRESSURE[157] 31.6462 
HEAD PRESSURE[158] 32.001 
HEAD PRESSURE[159] 31.8534 
HEAD PRESSURE[160] 31.6462 
HEAD PRESSURE[161] 32.4025 
HEAD PRESSURE[162] 31.6462 
HEAD PRESSURE[163] 32.6057 
HEAD PRESSURE[164] 31.6462 
HEAD PRESSURE[165] 31.6462 
HEAD PRESSURE[166] 31.6462 
HEAD PRESSURE[167] 33.5033 
HEAD PRESSURE[168] 31.6462 
HEAD PRESSURE[169] 35.991 
HEAD PRESSURE[170] 36.5817 
