range: 21 
number of nodes: 121 
number of edges: 120 
capital_cost_pump_station: 166000 
ps_OM_cost: 175950 
water_demand: 1.095e-05 
Solution Value: 73987.8 
Solution Value 1: 73987.8 
Solution Value 2: 0 
Solution Value 3: 0 
diameter[1,0,0.05] 1 
diameter[1,0,0.06] 0 
diameter[1,0,0.08] 0 
diameter[1,0,0.1] 0 
diameter[1,0,0.15] 0 
diameter[1,0,0.2] 0 
diameter[1,0,0.25] 0 
diameter[1,0,0.3] 0 
diameter[1,0,0.35] 0 
diameter[1,0,0.4] 0 
diameter[1,0,0.45] 0 
diameter[1,0,0.5] 0 
diameter[1,0,0.6] 0 
diameter[1,2,0.05] 0 
diameter[1,2,0.06] -0 
diameter[1,2,0.08] 1 
diameter[1,2,0.1] 0 
diameter[1,2,0.15] 0 
diameter[1,2,0.2] 0 
diameter[1,2,0.25] 0 
diameter[1,2,0.3] 0 
diameter[1,2,0.35] 0 
diameter[1,2,0.4] 0 
diameter[1,2,0.45] 0 
diameter[1,2,0.5] 0 
diameter[1,2,0.6] 0 
diameter[2,3,0.05] 0 
diameter[2,3,0.06] -0 
diameter[2,3,0.08] 1 
diameter[2,3,0.1] 0 
diameter[2,3,0.15] 0 
diameter[2,3,0.2] 0 
diameter[2,3,0.25] 0 
diameter[2,3,0.3] 0 
diameter[2,3,0.35] 0 
diameter[2,3,0.4] 0 
diameter[2,3,0.45] 0 
diameter[2,3,0.5] 0 
diameter[2,3,0.6] 0 
diameter[3,6,0.05] -0 
diameter[3,6,0.06] 1 
diameter[3,6,0.08] -0 
diameter[3,6,0.1] 0 
diameter[3,6,0.15] 0 
diameter[3,6,0.2] 0 
diameter[3,6,0.25] 0 
diameter[3,6,0.3] 0 
diameter[3,6,0.35] 0 
diameter[3,6,0.4] 0 
diameter[3,6,0.45] 0 
diameter[3,6,0.5] 0 
diameter[3,6,0.6] 0 
diameter[4,5,0.05] 0 
diameter[4,5,0.06] 0 
diameter[4,5,0.08] -0 
diameter[4,5,0.1] 1 
diameter[4,5,0.15] 0 
diameter[4,5,0.2] 0 
diameter[4,5,0.25] 0 
diameter[4,5,0.3] 0 
diameter[4,5,0.35] 0 
diameter[4,5,0.4] 0 
diameter[4,5,0.45] 0 
diameter[4,5,0.5] 0 
diameter[4,5,0.6] 0 
diameter[5,1,0.05] 0 
diameter[5,1,0.06] 0 
diameter[5,1,0.08] 1 
diameter[5,1,0.1] 0 
diameter[5,1,0.15] 0 
diameter[5,1,0.2] 0 
diameter[5,1,0.25] 0 
diameter[5,1,0.3] 0 
diameter[5,1,0.35] 0 
diameter[5,1,0.4] 0 
diameter[5,1,0.45] 0 
diameter[5,1,0.5] 0 
diameter[5,1,0.6] 0 
diameter[6,7,0.05] 1 
diameter[6,7,0.06] -0 
diameter[6,7,0.08] -0 
diameter[6,7,0.1] 0 
diameter[6,7,0.15] 0 
diameter[6,7,0.2] 0 
diameter[6,7,0.25] 0 
diameter[6,7,0.3] 0 
diameter[6,7,0.35] 0 
diameter[6,7,0.4] 0 
diameter[6,7,0.45] 0 
diameter[6,7,0.5] 0 
diameter[6,7,0.6] 0 
diameter[7,11,0.05] 1 
diameter[7,11,0.06] 0 
diameter[7,11,0.08] 0 
diameter[7,11,0.1] 0 
diameter[7,11,0.15] 0 
diameter[7,11,0.2] 0 
diameter[7,11,0.25] 0 
diameter[7,11,0.3] 0 
diameter[7,11,0.35] 0 
diameter[7,11,0.4] 0 
diameter[7,11,0.45] 0 
diameter[7,11,0.5] 0 
diameter[7,11,0.6] 0 
diameter[8,4,0.05] 0 
diameter[8,4,0.06] 0 
diameter[8,4,0.08] 1 
diameter[8,4,0.1] 0 
diameter[8,4,0.15] 0 
diameter[8,4,0.2] 0 
diameter[8,4,0.25] 0 
diameter[8,4,0.3] 0 
diameter[8,4,0.35] 0 
diameter[8,4,0.4] 0 
diameter[8,4,0.45] 0 
diameter[8,4,0.5] 0 
diameter[8,4,0.6] 0 
diameter[10,8,0.05] 0 
diameter[10,8,0.06] 0 
diameter[10,8,0.08] -0 
diameter[10,8,0.1] 1 
diameter[10,8,0.15] 0 
diameter[10,8,0.2] 0 
diameter[10,8,0.25] 0 
diameter[10,8,0.3] 0 
diameter[10,8,0.35] 0 
diameter[10,8,0.4] 0 
diameter[10,8,0.45] 0 
diameter[10,8,0.5] 0 
diameter[10,8,0.6] 0 
diameter[10,12,0.05] 1 
diameter[10,12,0.06] 0 
diameter[10,12,0.08] 0 
diameter[10,12,0.1] 0 
diameter[10,12,0.15] 0 
diameter[10,12,0.2] 0 
diameter[10,12,0.25] 0 
diameter[10,12,0.3] 0 
diameter[10,12,0.35] 0 
diameter[10,12,0.4] 0 
diameter[10,12,0.45] 0 
diameter[10,12,0.5] 0 
diameter[10,12,0.6] 0 
diameter[13,10,0.05] 0 
diameter[13,10,0.06] 0 
diameter[13,10,0.08] -0 
diameter[13,10,0.1] 1 
diameter[13,10,0.15] 0 
diameter[13,10,0.2] 0 
diameter[13,10,0.25] 0 
diameter[13,10,0.3] 0 
diameter[13,10,0.35] 0 
diameter[13,10,0.4] 0 
diameter[13,10,0.45] 0 
diameter[13,10,0.5] 0 
diameter[13,10,0.6] 0 
diameter[14,9,0.05] 1 
diameter[14,9,0.06] 0 
diameter[14,9,0.08] 0 
diameter[14,9,0.1] 0 
diameter[14,9,0.15] 0 
diameter[14,9,0.2] 0 
diameter[14,9,0.25] 0 
diameter[14,9,0.3] 0 
diameter[14,9,0.35] 0 
diameter[14,9,0.4] 0 
diameter[14,9,0.45] 0 
diameter[14,9,0.5] 0 
diameter[14,9,0.6] 0 
diameter[15,13,0.05] 0 
diameter[15,13,0.06] 0 
diameter[15,13,0.08] 0 
diameter[15,13,0.1] 1 
diameter[15,13,0.15] 0 
diameter[15,13,0.2] 0 
diameter[15,13,0.25] 0 
diameter[15,13,0.3] 0 
diameter[15,13,0.35] 0 
diameter[15,13,0.4] 0 
diameter[15,13,0.45] 0 
diameter[15,13,0.5] 0 
diameter[15,13,0.6] 0 
diameter[15,14,0.05] 1 
diameter[15,14,0.06] 0 
diameter[15,14,0.08] 0 
diameter[15,14,0.1] 0 
diameter[15,14,0.15] 0 
diameter[15,14,0.2] 0 
diameter[15,14,0.25] 0 
diameter[15,14,0.3] 0 
diameter[15,14,0.35] 0 
diameter[15,14,0.4] 0 
diameter[15,14,0.45] 0 
diameter[15,14,0.5] 0 
diameter[15,14,0.6] 0 
diameter[16,15,0.05] 0 
diameter[16,15,0.06] 0 
diameter[16,15,0.08] 0 
diameter[16,15,0.1] 1 
diameter[16,15,0.15] 0 
diameter[16,15,0.2] 0 
diameter[16,15,0.25] 0 
diameter[16,15,0.3] 0 
diameter[16,15,0.35] 0 
diameter[16,15,0.4] 0 
diameter[16,15,0.45] 0 
diameter[16,15,0.5] 0 
diameter[16,15,0.6] 0 
diameter[18,16,0.05] 0 
diameter[18,16,0.06] 0 
diameter[18,16,0.08] 0 
diameter[18,16,0.1] 1 
diameter[18,16,0.15] 0 
diameter[18,16,0.2] 0 
diameter[18,16,0.25] 0 
diameter[18,16,0.3] 0 
diameter[18,16,0.35] 0 
diameter[18,16,0.4] 0 
diameter[18,16,0.45] 0 
diameter[18,16,0.5] 0 
diameter[18,16,0.6] 0 
diameter[18,17,0.05] 1 
diameter[18,17,0.06] 0 
diameter[18,17,0.08] 0 
diameter[18,17,0.1] 0 
diameter[18,17,0.15] 0 
diameter[18,17,0.2] 0 
diameter[18,17,0.25] 0 
diameter[18,17,0.3] 0 
diameter[18,17,0.35] 0 
diameter[18,17,0.4] 0 
diameter[18,17,0.45] 0 
diameter[18,17,0.5] 0 
diameter[18,17,0.6] 0 
diameter[20,18,0.05] 0 
diameter[20,18,0.06] 0 
diameter[20,18,0.08] 0 
diameter[20,18,0.1] 1 
diameter[20,18,0.15] 0 
diameter[20,18,0.2] 0 
diameter[20,18,0.25] 0 
diameter[20,18,0.3] 0 
diameter[20,18,0.35] 0 
diameter[20,18,0.4] 0 
diameter[20,18,0.45] 0 
diameter[20,18,0.5] 0 
diameter[20,18,0.6] 0 
diameter[20,19,0.05] 1 
diameter[20,19,0.06] 0 
diameter[20,19,0.08] 0 
diameter[20,19,0.1] 0 
diameter[20,19,0.15] 0 
diameter[20,19,0.2] 0 
diameter[20,19,0.25] 0 
diameter[20,19,0.3] 0 
diameter[20,19,0.35] 0 
diameter[20,19,0.4] 0 
diameter[20,19,0.45] 0 
diameter[20,19,0.5] 0 
diameter[20,19,0.6] 0 
diameter[21,20,0.05] 0 
diameter[21,20,0.06] 0 
diameter[21,20,0.08] 0 
diameter[21,20,0.1] 1 
diameter[21,20,0.15] 0 
diameter[21,20,0.2] 0 
diameter[21,20,0.25] 0 
diameter[21,20,0.3] 0 
diameter[21,20,0.35] 0 
diameter[21,20,0.4] 0 
diameter[21,20,0.45] 0 
diameter[21,20,0.5] 0 
diameter[21,20,0.6] 0 
diameter[22,21,0.05] 0 
diameter[22,21,0.06] 0 
diameter[22,21,0.08] 0 
diameter[22,21,0.1] 1 
diameter[22,21,0.15] 0 
diameter[22,21,0.2] 0 
diameter[22,21,0.25] 0 
diameter[22,21,0.3] 0 
diameter[22,21,0.35] 0 
diameter[22,21,0.4] 0 
diameter[22,21,0.45] 0 
diameter[22,21,0.5] 0 
diameter[22,21,0.6] 0 
diameter[23,22,0.05] 0 
diameter[23,22,0.06] 0 
diameter[23,22,0.08] 0 
diameter[23,22,0.1] 1 
diameter[23,22,0.15] 0 
diameter[23,22,0.2] 0 
diameter[23,22,0.25] 0 
diameter[23,22,0.3] 0 
diameter[23,22,0.35] 0 
diameter[23,22,0.4] 0 
diameter[23,22,0.45] 0 
diameter[23,22,0.5] 0 
diameter[23,22,0.6] 0 
diameter[26,24,0.05] 1 
diameter[26,24,0.06] 0 
diameter[26,24,0.08] 0 
diameter[26,24,0.1] 0 
diameter[26,24,0.15] 0 
diameter[26,24,0.2] 0 
diameter[26,24,0.25] 0 
diameter[26,24,0.3] 0 
diameter[26,24,0.35] 0 
diameter[26,24,0.4] 0 
diameter[26,24,0.45] 0 
diameter[26,24,0.5] 0 
diameter[26,24,0.6] 0 
diameter[27,23,0.05] 0 
diameter[27,23,0.06] 0 
diameter[27,23,0.08] 0 
diameter[27,23,0.1] 1 
diameter[27,23,0.15] 0 
diameter[27,23,0.2] 0 
diameter[27,23,0.25] 0 
diameter[27,23,0.3] 0 
diameter[27,23,0.35] 0 
diameter[27,23,0.4] 0 
diameter[27,23,0.45] 0 
diameter[27,23,0.5] 0 
diameter[27,23,0.6] 0 
diameter[28,27,0.05] 0 
diameter[28,27,0.06] 0 
diameter[28,27,0.08] 0 
diameter[28,27,0.1] 1 
diameter[28,27,0.15] 0 
diameter[28,27,0.2] 0 
diameter[28,27,0.25] 0 
diameter[28,27,0.3] 0 
diameter[28,27,0.35] 0 
diameter[28,27,0.4] 0 
diameter[28,27,0.45] 0 
diameter[28,27,0.5] 0 
diameter[28,27,0.6] 0 
diameter[28,32,0.05] 1 
diameter[28,32,0.06] 0 
diameter[28,32,0.08] 0 
diameter[28,32,0.1] 0 
diameter[28,32,0.15] 0 
diameter[28,32,0.2] 0 
diameter[28,32,0.25] 0 
diameter[28,32,0.3] 0 
diameter[28,32,0.35] 0 
diameter[28,32,0.4] 0 
diameter[28,32,0.45] 0 
diameter[28,32,0.5] 0 
diameter[28,32,0.6] 0 
diameter[29,25,0.05] 1 
diameter[29,25,0.06] 0 
diameter[29,25,0.08] 0 
diameter[29,25,0.1] 0 
diameter[29,25,0.15] 0 
diameter[29,25,0.2] 0 
diameter[29,25,0.25] 0 
diameter[29,25,0.3] 0 
diameter[29,25,0.35] 0 
diameter[29,25,0.4] 0 
diameter[29,25,0.45] 0 
diameter[29,25,0.5] 0 
diameter[29,25,0.6] 0 
diameter[29,28,0.05] 0 
diameter[29,28,0.06] 0 
diameter[29,28,0.08] 0 
diameter[29,28,0.1] 1 
diameter[29,28,0.15] 0 
diameter[29,28,0.2] 0 
diameter[29,28,0.25] 0 
diameter[29,28,0.3] 0 
diameter[29,28,0.35] 0 
diameter[29,28,0.4] 0 
diameter[29,28,0.45] 0 
diameter[29,28,0.5] 0 
diameter[29,28,0.6] 0 
diameter[30,26,0.05] 1 
diameter[30,26,0.06] 0 
diameter[30,26,0.08] 0 
diameter[30,26,0.1] 0 
diameter[30,26,0.15] 0 
diameter[30,26,0.2] 0 
diameter[30,26,0.25] 0 
diameter[30,26,0.3] 0 
diameter[30,26,0.35] 0 
diameter[30,26,0.4] 0 
diameter[30,26,0.45] 0 
diameter[30,26,0.5] 0 
diameter[30,26,0.6] 0 
diameter[31,30,0.05] 1 
diameter[31,30,0.06] 0 
diameter[31,30,0.08] 0 
diameter[31,30,0.1] 0 
diameter[31,30,0.15] 0 
diameter[31,30,0.2] 0 
diameter[31,30,0.25] 0 
diameter[31,30,0.3] 0 
diameter[31,30,0.35] 0 
diameter[31,30,0.4] 0 
diameter[31,30,0.45] 0 
diameter[31,30,0.5] 0 
diameter[31,30,0.6] 0 
diameter[33,29,0.05] 0 
diameter[33,29,0.06] 0 
diameter[33,29,0.08] 0 
diameter[33,29,0.1] 1 
diameter[33,29,0.15] 0 
diameter[33,29,0.2] 0 
diameter[33,29,0.25] 0 
diameter[33,29,0.3] 0 
diameter[33,29,0.35] 0 
diameter[33,29,0.4] 0 
diameter[33,29,0.45] 0 
diameter[33,29,0.5] 0 
diameter[33,29,0.6] 0 
diameter[34,33,0.05] 0 
diameter[34,33,0.06] 0 
diameter[34,33,0.08] 0 
diameter[34,33,0.1] 1 
diameter[34,33,0.15] 0 
diameter[34,33,0.2] 0 
diameter[34,33,0.25] 0 
diameter[34,33,0.3] 0 
diameter[34,33,0.35] 0 
diameter[34,33,0.4] 0 
diameter[34,33,0.45] 0 
diameter[34,33,0.5] 0 
diameter[34,33,0.6] 0 
diameter[35,31,0.05] 1 
diameter[35,31,0.06] 0 
diameter[35,31,0.08] 0 
diameter[35,31,0.1] 0 
diameter[35,31,0.15] 0 
diameter[35,31,0.2] 0 
diameter[35,31,0.25] 0 
diameter[35,31,0.3] 0 
diameter[35,31,0.35] 0 
diameter[35,31,0.4] 0 
diameter[35,31,0.45] 0 
diameter[35,31,0.5] 0 
diameter[35,31,0.6] 0 
diameter[36,35,0.05] 1 
diameter[36,35,0.06] 0 
diameter[36,35,0.08] 0 
diameter[36,35,0.1] 0 
diameter[36,35,0.15] 0 
diameter[36,35,0.2] 0 
diameter[36,35,0.25] 0 
diameter[36,35,0.3] 0 
diameter[36,35,0.35] 0 
diameter[36,35,0.4] 0 
diameter[36,35,0.45] 0 
diameter[36,35,0.5] 0 
diameter[36,35,0.6] 0 
diameter[37,34,0.05] 0 
diameter[37,34,0.06] 0 
diameter[37,34,0.08] 0 
diameter[37,34,0.1] 1 
diameter[37,34,0.15] 0 
diameter[37,34,0.2] 0 
diameter[37,34,0.25] 0 
diameter[37,34,0.3] 0 
diameter[37,34,0.35] 0 
diameter[37,34,0.4] 0 
diameter[37,34,0.45] 0 
diameter[37,34,0.5] 0 
diameter[37,34,0.6] 0 
diameter[38,36,0.05] 1 
diameter[38,36,0.06] 0 
diameter[38,36,0.08] 0 
diameter[38,36,0.1] 0 
diameter[38,36,0.15] 0 
diameter[38,36,0.2] 0 
diameter[38,36,0.25] 0 
diameter[38,36,0.3] 0 
diameter[38,36,0.35] 0 
diameter[38,36,0.4] 0 
diameter[38,36,0.45] 0 
diameter[38,36,0.5] 0 
diameter[38,36,0.6] 0 
diameter[39,37,0.05] 0 
diameter[39,37,0.06] 0 
diameter[39,37,0.08] 0 
diameter[39,37,0.1] 1 
diameter[39,37,0.15] 0 
diameter[39,37,0.2] 0 
diameter[39,37,0.25] 0 
diameter[39,37,0.3] 0 
diameter[39,37,0.35] 0 
diameter[39,37,0.4] 0 
diameter[39,37,0.45] 0 
diameter[39,37,0.5] 0 
diameter[39,37,0.6] 0 
diameter[39,41,0.05] 1 
diameter[39,41,0.06] 0 
diameter[39,41,0.08] 0 
diameter[39,41,0.1] 0 
diameter[39,41,0.15] 0 
diameter[39,41,0.2] 0 
diameter[39,41,0.25] 0 
diameter[39,41,0.3] 0 
diameter[39,41,0.35] 0 
diameter[39,41,0.4] 0 
diameter[39,41,0.45] 0 
diameter[39,41,0.5] 0 
diameter[39,41,0.6] 0 
diameter[42,38,0.05] 1 
diameter[42,38,0.06] 0 
diameter[42,38,0.08] 0 
diameter[42,38,0.1] 0 
diameter[42,38,0.15] 0 
diameter[42,38,0.2] 0 
diameter[42,38,0.25] 0 
diameter[42,38,0.3] 0 
diameter[42,38,0.35] 0 
diameter[42,38,0.4] 0 
diameter[42,38,0.45] 0 
diameter[42,38,0.5] 0 
diameter[42,38,0.6] 0 
diameter[42,43,0.05] 0 
diameter[42,43,0.06] 0 
diameter[42,43,0.08] 0 
diameter[42,43,0.1] 1 
diameter[42,43,0.15] 0 
diameter[42,43,0.2] 0 
diameter[42,43,0.25] 0 
diameter[42,43,0.3] 0 
diameter[42,43,0.35] 0 
diameter[42,43,0.4] 0 
diameter[42,43,0.45] 0 
diameter[42,43,0.5] 0 
diameter[42,43,0.6] 0 
diameter[43,39,0.05] 0 
diameter[43,39,0.06] 0 
diameter[43,39,0.08] 0 
diameter[43,39,0.1] 1 
diameter[43,39,0.15] 0 
diameter[43,39,0.2] 0 
diameter[43,39,0.25] 0 
diameter[43,39,0.3] 0 
diameter[43,39,0.35] 0 
diameter[43,39,0.4] 0 
diameter[43,39,0.45] 0 
diameter[43,39,0.5] 0 
diameter[43,39,0.6] 0 
diameter[44,40,0.05] 1 
diameter[44,40,0.06] 0 
diameter[44,40,0.08] 0 
diameter[44,40,0.1] 0 
diameter[44,40,0.15] 0 
diameter[44,40,0.2] 0 
diameter[44,40,0.25] 0 
diameter[44,40,0.3] 0 
diameter[44,40,0.35] 0 
diameter[44,40,0.4] 0 
diameter[44,40,0.45] 0 
diameter[44,40,0.5] 0 
diameter[44,40,0.6] 0 
diameter[45,42,0.05] 0 
diameter[45,42,0.06] 0 
diameter[45,42,0.08] 0 
diameter[45,42,0.1] 1 
diameter[45,42,0.15] 0 
diameter[45,42,0.2] 0 
diameter[45,42,0.25] 0 
diameter[45,42,0.3] 0 
diameter[45,42,0.35] 0 
diameter[45,42,0.4] 0 
diameter[45,42,0.45] 0 
diameter[45,42,0.5] 0 
diameter[45,42,0.6] 0 
diameter[46,44,0.05] 1 
diameter[46,44,0.06] 0 
diameter[46,44,0.08] 0 
diameter[46,44,0.1] 0 
diameter[46,44,0.15] 0 
diameter[46,44,0.2] 0 
diameter[46,44,0.25] 0 
diameter[46,44,0.3] 0 
diameter[46,44,0.35] 0 
diameter[46,44,0.4] 0 
diameter[46,44,0.45] 0 
diameter[46,44,0.5] 0 
diameter[46,44,0.6] 0 
diameter[47,46,0.05] 1 
diameter[47,46,0.06] 0 
diameter[47,46,0.08] 0 
diameter[47,46,0.1] 0 
diameter[47,46,0.15] 0 
diameter[47,46,0.2] 0 
diameter[47,46,0.25] 0 
diameter[47,46,0.3] 0 
diameter[47,46,0.35] 0 
diameter[47,46,0.4] 0 
diameter[47,46,0.45] 0 
diameter[47,46,0.5] 0 
diameter[47,46,0.6] 0 
diameter[48,49,0.05] 0 
diameter[48,49,0.06] 0 
diameter[48,49,0.08] 0 
diameter[48,49,0.1] 1 
diameter[48,49,0.15] 0 
diameter[48,49,0.2] 0 
diameter[48,49,0.25] 0 
diameter[48,49,0.3] 0 
diameter[48,49,0.35] 0 
diameter[48,49,0.4] 0 
diameter[48,49,0.45] 0 
diameter[48,49,0.5] 0 
diameter[48,49,0.6] 0 
diameter[49,45,0.05] 0 
diameter[49,45,0.06] 0 
diameter[49,45,0.08] 0 
diameter[49,45,0.1] 1 
diameter[49,45,0.15] 0 
diameter[49,45,0.2] 0 
diameter[49,45,0.25] 0 
diameter[49,45,0.3] 0 
diameter[49,45,0.35] 0 
diameter[49,45,0.4] 0 
diameter[49,45,0.45] 0 
diameter[49,45,0.5] 0 
diameter[49,45,0.6] 0 
diameter[49,52,0.05] 1 
diameter[49,52,0.06] 0 
diameter[49,52,0.08] 0 
diameter[49,52,0.1] 0 
diameter[49,52,0.15] 0 
diameter[49,52,0.2] 0 
diameter[49,52,0.25] 0 
diameter[49,52,0.3] 0 
diameter[49,52,0.35] 0 
diameter[49,52,0.4] 0 
diameter[49,52,0.45] 0 
diameter[49,52,0.5] 0 
diameter[49,52,0.6] 0 
diameter[50,47,0.05] 1 
diameter[50,47,0.06] 0 
diameter[50,47,0.08] 0 
diameter[50,47,0.1] 0 
diameter[50,47,0.15] 0 
diameter[50,47,0.2] 0 
diameter[50,47,0.25] 0 
diameter[50,47,0.3] 0 
diameter[50,47,0.35] 0 
diameter[50,47,0.4] 0 
diameter[50,47,0.45] 0 
diameter[50,47,0.5] 0 
diameter[50,47,0.6] 0 
diameter[51,56,0.05] 1 
diameter[51,56,0.06] 0 
diameter[51,56,0.08] 0 
diameter[51,56,0.1] 0 
diameter[51,56,0.15] 0 
diameter[51,56,0.2] 0 
diameter[51,56,0.25] 0 
diameter[51,56,0.3] 0 
diameter[51,56,0.35] 0 
diameter[51,56,0.4] 0 
diameter[51,56,0.45] 0 
diameter[51,56,0.5] 0 
diameter[51,56,0.6] 0 
diameter[53,48,0.05] 0 
diameter[53,48,0.06] 0 
diameter[53,48,0.08] 0 
diameter[53,48,0.1] 0 
diameter[53,48,0.15] 1 
diameter[53,48,0.2] 0 
diameter[53,48,0.25] 0 
diameter[53,48,0.3] 0 
diameter[53,48,0.35] 0 
diameter[53,48,0.4] 0 
diameter[53,48,0.45] 0 
diameter[53,48,0.5] 0 
diameter[53,48,0.6] 0 
diameter[53,51,0.05] 1 
diameter[53,51,0.06] 0 
diameter[53,51,0.08] 0 
diameter[53,51,0.1] 0 
diameter[53,51,0.15] 0 
diameter[53,51,0.2] 0 
diameter[53,51,0.25] 0 
diameter[53,51,0.3] 0 
diameter[53,51,0.35] 0 
diameter[53,51,0.4] 0 
diameter[53,51,0.45] 0 
diameter[53,51,0.5] 0 
diameter[53,51,0.6] 0 
diameter[54,50,0.05] 1 
diameter[54,50,0.06] 0 
diameter[54,50,0.08] 0 
diameter[54,50,0.1] 0 
diameter[54,50,0.15] 0 
diameter[54,50,0.2] 0 
diameter[54,50,0.25] 0 
diameter[54,50,0.3] 0 
diameter[54,50,0.35] 0 
diameter[54,50,0.4] 0 
diameter[54,50,0.45] 0 
diameter[54,50,0.5] 0 
diameter[54,50,0.6] 0 
diameter[55,54,0.05] 1 
diameter[55,54,0.06] 0 
diameter[55,54,0.08] 0 
diameter[55,54,0.1] 0 
diameter[55,54,0.15] 0 
diameter[55,54,0.2] 0 
diameter[55,54,0.25] 0 
diameter[55,54,0.3] 0 
diameter[55,54,0.35] 0 
diameter[55,54,0.4] 0 
diameter[55,54,0.45] 0 
diameter[55,54,0.5] 0 
diameter[55,54,0.6] 0 
diameter[57,53,0.05] 0 
diameter[57,53,0.06] 0 
diameter[57,53,0.08] 0 
diameter[57,53,0.1] 0 
diameter[57,53,0.15] 1 
diameter[57,53,0.2] 0 
diameter[57,53,0.25] 0 
diameter[57,53,0.3] 0 
diameter[57,53,0.35] 0 
diameter[57,53,0.4] 0 
diameter[57,53,0.45] 0 
diameter[57,53,0.5] 0 
diameter[57,53,0.6] 0 
diameter[58,57,0.05] 0 
diameter[58,57,0.06] 0 
diameter[58,57,0.08] 0 
diameter[58,57,0.1] 0 
diameter[58,57,0.15] 1 
diameter[58,57,0.2] 0 
diameter[58,57,0.25] 0 
diameter[58,57,0.3] 0 
diameter[58,57,0.35] 0 
diameter[58,57,0.4] 0 
diameter[58,57,0.45] 0 
diameter[58,57,0.5] 0 
diameter[58,57,0.6] 0 
diameter[59,55,0.05] 1 
diameter[59,55,0.06] 0 
diameter[59,55,0.08] 0 
diameter[59,55,0.1] 0 
diameter[59,55,0.15] 0 
diameter[59,55,0.2] 0 
diameter[59,55,0.25] 0 
diameter[59,55,0.3] 0 
diameter[59,55,0.35] 0 
diameter[59,55,0.4] 0 
diameter[59,55,0.45] 0 
diameter[59,55,0.5] 0 
diameter[59,55,0.6] 0 
diameter[60,59,0.05] 1 
diameter[60,59,0.06] 0 
diameter[60,59,0.08] 0 
diameter[60,59,0.1] 0 
diameter[60,59,0.15] 0 
diameter[60,59,0.2] 0 
diameter[60,59,0.25] 0 
diameter[60,59,0.3] 0 
diameter[60,59,0.35] 0 
diameter[60,59,0.4] 0 
diameter[60,59,0.45] 0 
diameter[60,59,0.5] 0 
diameter[60,59,0.6] 0 
diameter[61,58,0.05] 0 
diameter[61,58,0.06] 0 
diameter[61,58,0.08] 0 
diameter[61,58,0.1] 0 
diameter[61,58,0.15] 1 
diameter[61,58,0.2] 0 
diameter[61,58,0.25] 0 
diameter[61,58,0.3] 0 
diameter[61,58,0.35] 0 
diameter[61,58,0.4] 0 
diameter[61,58,0.45] 0 
diameter[61,58,0.5] 0 
diameter[61,58,0.6] 0 
diameter[61,62,0.05] 1 
diameter[61,62,0.06] 0 
diameter[61,62,0.08] 0 
diameter[61,62,0.1] 0 
diameter[61,62,0.15] 0 
diameter[61,62,0.2] 0 
diameter[61,62,0.25] 0 
diameter[61,62,0.3] 0 
diameter[61,62,0.35] 0 
diameter[61,62,0.4] 0 
diameter[61,62,0.45] 0 
diameter[61,62,0.5] 0 
diameter[61,62,0.6] 0 
diameter[62,63,0.05] 1 
diameter[62,63,0.06] 0 
diameter[62,63,0.08] 0 
diameter[62,63,0.1] 0 
diameter[62,63,0.15] 0 
diameter[62,63,0.2] 0 
diameter[62,63,0.25] 0 
diameter[62,63,0.3] 0 
diameter[62,63,0.35] 0 
diameter[62,63,0.4] 0 
diameter[62,63,0.45] 0 
diameter[62,63,0.5] 0 
diameter[62,63,0.6] 0 
diameter[64,60,0.05] 1 
diameter[64,60,0.06] 0 
diameter[64,60,0.08] 0 
diameter[64,60,0.1] 0 
diameter[64,60,0.15] 0 
diameter[64,60,0.2] 0 
diameter[64,60,0.25] 0 
diameter[64,60,0.3] 0 
diameter[64,60,0.35] 0 
diameter[64,60,0.4] 0 
diameter[64,60,0.45] 0 
diameter[64,60,0.5] 0 
diameter[64,60,0.6] 0 
diameter[65,61,0.05] 0 
diameter[65,61,0.06] 0 
diameter[65,61,0.08] 0 
diameter[65,61,0.1] 0 
diameter[65,61,0.15] 1 
diameter[65,61,0.2] 0 
diameter[65,61,0.25] 0 
diameter[65,61,0.3] 0 
diameter[65,61,0.35] 0 
diameter[65,61,0.4] 0 
diameter[65,61,0.45] 0 
diameter[65,61,0.5] 0 
diameter[65,61,0.6] 0 
diameter[67,64,0.05] 1 
diameter[67,64,0.06] 0 
diameter[67,64,0.08] 0 
diameter[67,64,0.1] 0 
diameter[67,64,0.15] 0 
diameter[67,64,0.2] 0 
diameter[67,64,0.25] 0 
diameter[67,64,0.3] 0 
diameter[67,64,0.35] 0 
diameter[67,64,0.4] 0 
diameter[67,64,0.45] 0 
diameter[67,64,0.5] 0 
diameter[67,64,0.6] 0 
diameter[67,65,0.05] 0 
diameter[67,65,0.06] 0 
diameter[67,65,0.08] 0 
diameter[67,65,0.1] 0 
diameter[67,65,0.15] 1 
diameter[67,65,0.2] 0 
diameter[67,65,0.25] 0 
diameter[67,65,0.3] 0 
diameter[67,65,0.35] 0 
diameter[67,65,0.4] 0 
diameter[67,65,0.45] 0 
diameter[67,65,0.5] 0 
diameter[67,65,0.6] 0 
diameter[68,71,0.05] 0 
diameter[68,71,0.06] 0 
diameter[68,71,0.08] 0 
diameter[68,71,0.1] 0 
diameter[68,71,0.15] 1 
diameter[68,71,0.2] 0 
diameter[68,71,0.25] 0 
diameter[68,71,0.3] 0 
diameter[68,71,0.35] 0 
diameter[68,71,0.4] 0 
diameter[68,71,0.45] 0 
diameter[68,71,0.5] 0 
diameter[68,71,0.6] 0 
diameter[69,67,0.05] 0 
diameter[69,67,0.06] 0 
diameter[69,67,0.08] 0 
diameter[69,67,0.1] 0 
diameter[69,67,0.15] 1 
diameter[69,67,0.2] 0 
diameter[69,67,0.25] 0 
diameter[69,67,0.3] 0 
diameter[69,67,0.35] 0 
diameter[69,67,0.4] 0 
diameter[69,67,0.45] 0 
diameter[69,67,0.5] 0 
diameter[69,67,0.6] 0 
diameter[69,73,0.05] 0 
diameter[69,73,0.06] 0 
diameter[69,73,0.08] 0 
diameter[69,73,0.1] 1 
diameter[69,73,0.15] 0 
diameter[69,73,0.2] 0 
diameter[69,73,0.25] 0 
diameter[69,73,0.3] 0 
diameter[69,73,0.35] 0 
diameter[69,73,0.4] 0 
diameter[69,73,0.45] 0 
diameter[69,73,0.5] 0 
diameter[69,73,0.6] 0 
diameter[70,77,0.05] 1 
diameter[70,77,0.06] 0 
diameter[70,77,0.08] 0 
diameter[70,77,0.1] 0 
diameter[70,77,0.15] 0 
diameter[70,77,0.2] 0 
diameter[70,77,0.25] 0 
diameter[70,77,0.3] 0 
diameter[70,77,0.35] 0 
diameter[70,77,0.4] 0 
diameter[70,77,0.45] 0 
diameter[70,77,0.5] 0 
diameter[70,77,0.6] 0 
diameter[70,75,0.05] 0 
diameter[70,75,0.06] 0 
diameter[70,75,0.08] 0 
diameter[70,75,0.1] 0 
diameter[70,75,0.15] 1 
diameter[70,75,0.2] 0 
diameter[70,75,0.25] 0 
diameter[70,75,0.3] 0 
diameter[70,75,0.35] 0 
diameter[70,75,0.4] 0 
diameter[70,75,0.45] 0 
diameter[70,75,0.5] 0 
diameter[70,75,0.6] 0 
diameter[71,70,0.05] 0 
diameter[71,70,0.06] 0 
diameter[71,70,0.08] 0 
diameter[71,70,0.1] 0 
diameter[71,70,0.15] 1 
diameter[71,70,0.2] 0 
diameter[71,70,0.25] 0 
diameter[71,70,0.3] 0 
diameter[71,70,0.35] 0 
diameter[71,70,0.4] 0 
diameter[71,70,0.45] 0 
diameter[71,70,0.5] 0 
diameter[71,70,0.6] 0 
diameter[71,76,0.05] 1 
diameter[71,76,0.06] 0 
diameter[71,76,0.08] 0 
diameter[71,76,0.1] 0 
diameter[71,76,0.15] 0 
diameter[71,76,0.2] 0 
diameter[71,76,0.25] 0 
diameter[71,76,0.3] 0 
diameter[71,76,0.35] 0 
diameter[71,76,0.4] 0 
diameter[71,76,0.45] 0 
diameter[71,76,0.5] 0 
diameter[71,76,0.6] 0 
diameter[72,66,0.05] 1 
diameter[72,66,0.06] 0 
diameter[72,66,0.08] 0 
diameter[72,66,0.1] 0 
diameter[72,66,0.15] 0 
diameter[72,66,0.2] 0 
diameter[72,66,0.25] 0 
diameter[72,66,0.3] 0 
diameter[72,66,0.35] 0 
diameter[72,66,0.4] 0 
diameter[72,66,0.45] 0 
diameter[72,66,0.5] 0 
diameter[72,66,0.6] 0 
diameter[72,80,0.05] 0 
diameter[72,80,0.06] 0 
diameter[72,80,0.08] 0 
diameter[72,80,0.1] 1 
diameter[72,80,0.15] 0 
diameter[72,80,0.2] 0 
diameter[72,80,0.25] 0 
diameter[72,80,0.3] 0 
diameter[72,80,0.35] 0 
diameter[72,80,0.4] 0 
diameter[72,80,0.45] 0 
diameter[72,80,0.5] 0 
diameter[72,80,0.6] 0 
diameter[73,72,0.05] 0 
diameter[73,72,0.06] 0 
diameter[73,72,0.08] 0 
diameter[73,72,0.1] 1 
diameter[73,72,0.15] 0 
diameter[73,72,0.2] 0 
diameter[73,72,0.25] 0 
diameter[73,72,0.3] 0 
diameter[73,72,0.35] 0 
diameter[73,72,0.4] 0 
diameter[73,72,0.45] 0 
diameter[73,72,0.5] 0 
diameter[73,72,0.6] 0 
diameter[74,69,0.05] 0 
diameter[74,69,0.06] 0 
diameter[74,69,0.08] 0 
diameter[74,69,0.1] 0 
diameter[74,69,0.15] 1 
diameter[74,69,0.2] 0 
diameter[74,69,0.25] 0 
diameter[74,69,0.3] 0 
diameter[74,69,0.35] 0 
diameter[74,69,0.4] 0 
diameter[74,69,0.45] 0 
diameter[74,69,0.5] 0 
diameter[74,69,0.6] 0 
diameter[74,79,0.05] 1 
diameter[74,79,0.06] 0 
diameter[74,79,0.08] 0 
diameter[74,79,0.1] 0 
diameter[74,79,0.15] 0 
diameter[74,79,0.2] 0 
diameter[74,79,0.25] 0 
diameter[74,79,0.3] 0 
diameter[74,79,0.35] 0 
diameter[74,79,0.4] 0 
diameter[74,79,0.45] 0 
diameter[74,79,0.5] 0 
diameter[74,79,0.6] 0 
diameter[75,74,0.05] 0 
diameter[75,74,0.06] 0 
diameter[75,74,0.08] 0 
diameter[75,74,0.1] 0 
diameter[75,74,0.15] 1 
diameter[75,74,0.2] 0 
diameter[75,74,0.25] 0 
diameter[75,74,0.3] 0 
diameter[75,74,0.35] 0 
diameter[75,74,0.4] 0 
diameter[75,74,0.45] 0 
diameter[75,74,0.5] 0 
diameter[75,74,0.6] 0 
diameter[78,83,0.05] 1 
diameter[78,83,0.06] 0 
diameter[78,83,0.08] 0 
diameter[78,83,0.1] 0 
diameter[78,83,0.15] 0 
diameter[78,83,0.2] 0 
diameter[78,83,0.25] 0 
diameter[78,83,0.3] 0 
diameter[78,83,0.35] 0 
diameter[78,83,0.4] 0 
diameter[78,83,0.45] 0 
diameter[78,83,0.5] 0 
diameter[78,83,0.6] 0 
diameter[79,78,0.05] 1 
diameter[79,78,0.06] 0 
diameter[79,78,0.08] 0 
diameter[79,78,0.1] 0 
diameter[79,78,0.15] 0 
diameter[79,78,0.2] 0 
diameter[79,78,0.25] 0 
diameter[79,78,0.3] 0 
diameter[79,78,0.35] 0 
diameter[79,78,0.4] 0 
diameter[79,78,0.45] 0 
diameter[79,78,0.5] 0 
diameter[79,78,0.6] 0 
diameter[79,81,0.05] 1 
diameter[79,81,0.06] 0 
diameter[79,81,0.08] 0 
diameter[79,81,0.1] 0 
diameter[79,81,0.15] 0 
diameter[79,81,0.2] 0 
diameter[79,81,0.25] 0 
diameter[79,81,0.3] 0 
diameter[79,81,0.35] 0 
diameter[79,81,0.4] 0 
diameter[79,81,0.45] 0 
diameter[79,81,0.5] 0 
diameter[79,81,0.6] 0 
diameter[80,85,0.05] 0 
diameter[80,85,0.06] 0 
diameter[80,85,0.08] 0 
diameter[80,85,0.1] 1 
diameter[80,85,0.15] 0 
diameter[80,85,0.2] 0 
diameter[80,85,0.25] 0 
diameter[80,85,0.3] 0 
diameter[80,85,0.35] 0 
diameter[80,85,0.4] 0 
diameter[80,85,0.45] 0 
diameter[80,85,0.5] 0 
diameter[80,85,0.6] 0 
diameter[81,84,0.05] 1 
diameter[81,84,0.06] 0 
diameter[81,84,0.08] 0 
diameter[81,84,0.1] 0 
diameter[81,84,0.15] 0 
diameter[81,84,0.2] 0 
diameter[81,84,0.25] 0 
diameter[81,84,0.3] 0 
diameter[81,84,0.35] 0 
diameter[81,84,0.4] 0 
diameter[81,84,0.45] 0 
diameter[81,84,0.5] 0 
diameter[81,84,0.6] 0 
diameter[84,86,0.05] 1 
diameter[84,86,0.06] 0 
diameter[84,86,0.08] 0 
diameter[84,86,0.1] 0 
diameter[84,86,0.15] 0 
diameter[84,86,0.2] 0 
diameter[84,86,0.25] 0 
diameter[84,86,0.3] 0 
diameter[84,86,0.35] 0 
diameter[84,86,0.4] 0 
diameter[84,86,0.45] 0 
diameter[84,86,0.5] 0 
diameter[84,86,0.6] 0 
diameter[85,89,0.05] 0 
diameter[85,89,0.06] 0 
diameter[85,89,0.08] 0 
diameter[85,89,0.1] 1 
diameter[85,89,0.15] 0 
diameter[85,89,0.2] 0 
diameter[85,89,0.25] 0 
diameter[85,89,0.3] 0 
diameter[85,89,0.35] 0 
diameter[85,89,0.4] 0 
diameter[85,89,0.45] 0 
diameter[85,89,0.5] 0 
diameter[85,89,0.6] 0 
diameter[86,87,0.05] 1 
diameter[86,87,0.06] 0 
diameter[86,87,0.08] 0 
diameter[86,87,0.1] 0 
diameter[86,87,0.15] 0 
diameter[86,87,0.2] 0 
diameter[86,87,0.25] 0 
diameter[86,87,0.3] 0 
diameter[86,87,0.35] 0 
diameter[86,87,0.4] 0 
diameter[86,87,0.45] 0 
diameter[86,87,0.5] 0 
diameter[86,87,0.6] 0 
diameter[87,88,0.05] 1 
diameter[87,88,0.06] 0 
diameter[87,88,0.08] 0 
diameter[87,88,0.1] 0 
diameter[87,88,0.15] 0 
diameter[87,88,0.2] 0 
diameter[87,88,0.25] 0 
diameter[87,88,0.3] 0 
diameter[87,88,0.35] 0 
diameter[87,88,0.4] 0 
diameter[87,88,0.45] 0 
diameter[87,88,0.5] 0 
diameter[87,88,0.6] 0 
diameter[88,82,0.05] 1 
diameter[88,82,0.06] 0 
diameter[88,82,0.08] 0 
diameter[88,82,0.1] 0 
diameter[88,82,0.15] 0 
diameter[88,82,0.2] 0 
diameter[88,82,0.25] 0 
diameter[88,82,0.3] 0 
diameter[88,82,0.35] 0 
diameter[88,82,0.4] 0 
diameter[88,82,0.45] 0 
diameter[88,82,0.5] 0 
diameter[88,82,0.6] 0 
diameter[88,91,0.05] 1 
diameter[88,91,0.06] 0 
diameter[88,91,0.08] 0 
diameter[88,91,0.1] 0 
diameter[88,91,0.15] 0 
diameter[88,91,0.2] 0 
diameter[88,91,0.25] 0 
diameter[88,91,0.3] 0 
diameter[88,91,0.35] 0 
diameter[88,91,0.4] 0 
diameter[88,91,0.45] 0 
diameter[88,91,0.5] 0 
diameter[88,91,0.6] 0 
diameter[89,90,0.05] 0 
diameter[89,90,0.06] 0 
diameter[89,90,0.08] 0 
diameter[89,90,0.1] 1 
diameter[89,90,0.15] 0 
diameter[89,90,0.2] 0 
diameter[89,90,0.25] 0 
diameter[89,90,0.3] 0 
diameter[89,90,0.35] 0 
diameter[89,90,0.4] 0 
diameter[89,90,0.45] 0 
diameter[89,90,0.5] 0 
diameter[89,90,0.6] 0 
diameter[90,93,0.05] 0 
diameter[90,93,0.06] 0 
diameter[90,93,0.08] 0 
diameter[90,93,0.1] 1 
diameter[90,93,0.15] 0 
diameter[90,93,0.2] 0 
diameter[90,93,0.25] 0 
diameter[90,93,0.3] 0 
diameter[90,93,0.35] 0 
diameter[90,93,0.4] 0 
diameter[90,93,0.45] 0 
diameter[90,93,0.5] 0 
diameter[90,93,0.6] 0 
diameter[93,95,0.05] 0 
diameter[93,95,0.06] 0 
diameter[93,95,0.08] 0 
diameter[93,95,0.1] 1 
diameter[93,95,0.15] 0 
diameter[93,95,0.2] 0 
diameter[93,95,0.25] 0 
diameter[93,95,0.3] 0 
diameter[93,95,0.35] 0 
diameter[93,95,0.4] 0 
diameter[93,95,0.45] 0 
diameter[93,95,0.5] 0 
diameter[93,95,0.6] 0 
diameter[94,92,0.05] 1 
diameter[94,92,0.06] 0 
diameter[94,92,0.08] 0 
diameter[94,92,0.1] 0 
diameter[94,92,0.15] 0 
diameter[94,92,0.2] 0 
diameter[94,92,0.25] 0 
diameter[94,92,0.3] 0 
diameter[94,92,0.35] 0 
diameter[94,92,0.4] 0 
diameter[94,92,0.45] 0 
diameter[94,92,0.5] 0 
diameter[94,92,0.6] 0 
diameter[95,99,0.05] 1 
diameter[95,99,0.06] 0 
diameter[95,99,0.08] 0 
diameter[95,99,0.1] 0 
diameter[95,99,0.15] 0 
diameter[95,99,0.2] 0 
diameter[95,99,0.25] 0 
diameter[95,99,0.3] 0 
diameter[95,99,0.35] 0 
diameter[95,99,0.4] 0 
diameter[95,99,0.45] 0 
diameter[95,99,0.5] 0 
diameter[95,99,0.6] 0 
diameter[95,96,0.05] 0 
diameter[95,96,0.06] 0 
diameter[95,96,0.08] -0 
diameter[95,96,0.1] 1 
diameter[95,96,0.15] 0 
diameter[95,96,0.2] 0 
diameter[95,96,0.25] 0 
diameter[95,96,0.3] 0 
diameter[95,96,0.35] 0 
diameter[95,96,0.4] 0 
diameter[95,96,0.45] 0 
diameter[95,96,0.5] 0 
diameter[95,96,0.6] 0 
diameter[96,98,0.05] 0 
diameter[96,98,0.06] 0 
diameter[96,98,0.08] -0 
diameter[96,98,0.1] 1 
diameter[96,98,0.15] 0 
diameter[96,98,0.2] 0 
diameter[96,98,0.25] 0 
diameter[96,98,0.3] 0 
diameter[96,98,0.35] 0 
diameter[96,98,0.4] 0 
diameter[96,98,0.45] 0 
diameter[96,98,0.5] 0 
diameter[96,98,0.6] 0 
diameter[97,94,0.05] 1 
diameter[97,94,0.06] 0 
diameter[97,94,0.08] 0 
diameter[97,94,0.1] 0 
diameter[97,94,0.15] 0 
diameter[97,94,0.2] 0 
diameter[97,94,0.25] 0 
diameter[97,94,0.3] 0 
diameter[97,94,0.35] 0 
diameter[97,94,0.4] 0 
diameter[97,94,0.45] 0 
diameter[97,94,0.5] 0 
diameter[97,94,0.6] 0 
diameter[98,103,0.05] 0 
diameter[98,103,0.06] 0 
diameter[98,103,0.08] 1 
diameter[98,103,0.1] 0 
diameter[98,103,0.15] 0 
diameter[98,103,0.2] 0 
diameter[98,103,0.25] 0 
diameter[98,103,0.3] 0 
diameter[98,103,0.35] 0 
diameter[98,103,0.4] 0 
diameter[98,103,0.45] 0 
diameter[98,103,0.5] 0 
diameter[98,103,0.6] 0 
diameter[99,97,0.05] 1 
diameter[99,97,0.06] 0 
diameter[99,97,0.08] 0 
diameter[99,97,0.1] 0 
diameter[99,97,0.15] 0 
diameter[99,97,0.2] 0 
diameter[99,97,0.25] 0 
diameter[99,97,0.3] 0 
diameter[99,97,0.35] 0 
diameter[99,97,0.4] 0 
diameter[99,97,0.45] 0 
diameter[99,97,0.5] 0 
diameter[99,97,0.6] 0 
diameter[99,101,0.05] 1 
diameter[99,101,0.06] 0 
diameter[99,101,0.08] 0 
diameter[99,101,0.1] 0 
diameter[99,101,0.15] 0 
diameter[99,101,0.2] 0 
diameter[99,101,0.25] 0 
diameter[99,101,0.3] 0 
diameter[99,101,0.35] 0 
diameter[99,101,0.4] 0 
diameter[99,101,0.45] 0 
diameter[99,101,0.5] 0 
diameter[99,101,0.6] 0 
diameter[101,100,0.05] 1 
diameter[101,100,0.06] 0 
diameter[101,100,0.08] 0 
diameter[101,100,0.1] 0 
diameter[101,100,0.15] 0 
diameter[101,100,0.2] 0 
diameter[101,100,0.25] 0 
diameter[101,100,0.3] 0 
diameter[101,100,0.35] 0 
diameter[101,100,0.4] 0 
diameter[101,100,0.45] 0 
diameter[101,100,0.5] 0 
diameter[101,100,0.6] 0 
diameter[102,107,0.05] 0 
diameter[102,107,0.06] 0 
diameter[102,107,0.08] 1 
diameter[102,107,0.1] 0 
diameter[102,107,0.15] 0 
diameter[102,107,0.2] 0 
diameter[102,107,0.25] 0 
diameter[102,107,0.3] 0 
diameter[102,107,0.35] 0 
diameter[102,107,0.4] 0 
diameter[102,107,0.45] 0 
diameter[102,107,0.5] 0 
diameter[102,107,0.6] 0 
diameter[103,102,0.05] 0 
diameter[103,102,0.06] 0 
diameter[103,102,0.08] 1 
diameter[103,102,0.1] 0 
diameter[103,102,0.15] 0 
diameter[103,102,0.2] 0 
diameter[103,102,0.25] 0 
diameter[103,102,0.3] 0 
diameter[103,102,0.35] 0 
diameter[103,102,0.4] 0 
diameter[103,102,0.45] 0 
diameter[103,102,0.5] 0 
diameter[103,102,0.6] 0 
diameter[106,104,0.05] 1 
diameter[106,104,0.06] 0 
diameter[106,104,0.08] 0 
diameter[106,104,0.1] 0 
diameter[106,104,0.15] 0 
diameter[106,104,0.2] 0 
diameter[106,104,0.25] 0 
diameter[106,104,0.3] 0 
diameter[106,104,0.35] 0 
diameter[106,104,0.4] 0 
diameter[106,104,0.45] 0 
diameter[106,104,0.5] 0 
diameter[106,104,0.6] 0 
diameter[106,105,0.05] 1 
diameter[106,105,0.06] 0 
diameter[106,105,0.08] 0 
diameter[106,105,0.1] 0 
diameter[106,105,0.15] 0 
diameter[106,105,0.2] 0 
diameter[106,105,0.25] 0 
diameter[106,105,0.3] 0 
diameter[106,105,0.35] 0 
diameter[106,105,0.4] 0 
diameter[106,105,0.45] 0 
diameter[106,105,0.5] 0 
diameter[106,105,0.6] 0 
diameter[107,106,0.05] 1 
diameter[107,106,0.06] 0 
diameter[107,106,0.08] 0 
diameter[107,106,0.1] 0 
diameter[107,106,0.15] 0 
diameter[107,106,0.2] 0 
diameter[107,106,0.25] 0 
diameter[107,106,0.3] 0 
diameter[107,106,0.35] 0 
diameter[107,106,0.4] 0 
diameter[107,106,0.45] 0 
diameter[107,106,0.5] 0 
diameter[107,106,0.6] 0 
diameter[107,108,0.05] 0 
diameter[107,108,0.06] 0 
diameter[107,108,0.08] 1 
diameter[107,108,0.1] 0 
diameter[107,108,0.15] 0 
diameter[107,108,0.2] 0 
diameter[107,108,0.25] 0 
diameter[107,108,0.3] 0 
diameter[107,108,0.35] 0 
diameter[107,108,0.4] 0 
diameter[107,108,0.45] 0 
diameter[107,108,0.5] 0 
diameter[107,108,0.6] 0 
diameter[108,112,0.05] 0 
diameter[108,112,0.06] 0 
diameter[108,112,0.08] 1 
diameter[108,112,0.1] 0 
diameter[108,112,0.15] 0 
diameter[108,112,0.2] 0 
diameter[108,112,0.25] 0 
diameter[108,112,0.3] 0 
diameter[108,112,0.35] 0 
diameter[108,112,0.4] 0 
diameter[108,112,0.45] 0 
diameter[108,112,0.5] 0 
diameter[108,112,0.6] 0 
diameter[109,113,0.05] 0 
diameter[109,113,0.06] 1 
diameter[109,113,0.08] 0 
diameter[109,113,0.1] 0 
diameter[109,113,0.15] 0 
diameter[109,113,0.2] 0 
diameter[109,113,0.25] 0 
diameter[109,113,0.3] 0 
diameter[109,113,0.35] 0 
diameter[109,113,0.4] 0 
diameter[109,113,0.45] 0 
diameter[109,113,0.5] 0 
diameter[109,113,0.6] 0 
diameter[110,109,0.05] 0 
diameter[110,109,0.06] 1 
diameter[110,109,0.08] 0 
diameter[110,109,0.1] 0 
diameter[110,109,0.15] 0 
diameter[110,109,0.2] 0 
diameter[110,109,0.25] 0 
diameter[110,109,0.3] 0 
diameter[110,109,0.35] 0 
diameter[110,109,0.4] 0 
diameter[110,109,0.45] 0 
diameter[110,109,0.5] 0 
diameter[110,109,0.6] 0 
diameter[111,110,0.05] 0 
diameter[111,110,0.06] -0 
diameter[111,110,0.08] 1 
diameter[111,110,0.1] 0 
diameter[111,110,0.15] 0 
diameter[111,110,0.2] 0 
diameter[111,110,0.25] 0 
diameter[111,110,0.3] 0 
diameter[111,110,0.35] 0 
diameter[111,110,0.4] 0 
diameter[111,110,0.45] 0 
diameter[111,110,0.5] 0 
diameter[111,110,0.6] 0 
diameter[112,111,0.05] 0 
diameter[112,111,0.06] 0 
diameter[112,111,0.08] 1 
diameter[112,111,0.1] 0 
diameter[112,111,0.15] 0 
diameter[112,111,0.2] 0 
diameter[112,111,0.25] 0 
diameter[112,111,0.3] 0 
diameter[112,111,0.35] 0 
diameter[112,111,0.4] 0 
diameter[112,111,0.45] 0 
diameter[112,111,0.5] 0 
diameter[112,111,0.6] 0 
diameter[113,114,0.05] -0 
diameter[113,114,0.06] 1 
diameter[113,114,0.08] 0 
diameter[113,114,0.1] 0 
diameter[113,114,0.15] 0 
diameter[113,114,0.2] 0 
diameter[113,114,0.25] 0 
diameter[113,114,0.3] 0 
diameter[113,114,0.35] 0 
diameter[113,114,0.4] 0 
diameter[113,114,0.45] 0 
diameter[113,114,0.5] 0 
diameter[113,114,0.6] 0 
diameter[114,115,0.05] 0 
diameter[114,115,0.06] 1 
diameter[114,115,0.08] 0 
diameter[114,115,0.1] 0 
diameter[114,115,0.15] 0 
diameter[114,115,0.2] 0 
diameter[114,115,0.25] 0 
diameter[114,115,0.3] 0 
diameter[114,115,0.35] 0 
diameter[114,115,0.4] 0 
diameter[114,115,0.45] 0 
diameter[114,115,0.5] 0 
diameter[114,115,0.6] 0 
diameter[115,118,0.05] -0 
diameter[115,118,0.06] 1 
diameter[115,118,0.08] 0 
diameter[115,118,0.1] 0 
diameter[115,118,0.15] 0 
diameter[115,118,0.2] 0 
diameter[115,118,0.25] 0 
diameter[115,118,0.3] 0 
diameter[115,118,0.35] 0 
diameter[115,118,0.4] 0 
diameter[115,118,0.45] 0 
diameter[115,118,0.5] 0 
diameter[115,118,0.6] 0 
diameter[116,117,0.05] 1 
diameter[116,117,0.06] 0 
diameter[116,117,0.08] 0 
diameter[116,117,0.1] 0 
diameter[116,117,0.15] 0 
diameter[116,117,0.2] 0 
diameter[116,117,0.25] 0 
diameter[116,117,0.3] 0 
diameter[116,117,0.35] 0 
diameter[116,117,0.4] 0 
diameter[116,117,0.45] 0 
diameter[116,117,0.5] 0 
diameter[116,117,0.6] 0 
diameter[118,119,0.05] 1 
diameter[118,119,0.06] 0 
diameter[118,119,0.08] 0 
diameter[118,119,0.1] 0 
diameter[118,119,0.15] 0 
diameter[118,119,0.2] 0 
diameter[118,119,0.25] 0 
diameter[118,119,0.3] 0 
diameter[118,119,0.35] 0 
diameter[118,119,0.4] 0 
diameter[118,119,0.45] 0 
diameter[118,119,0.5] 0 
diameter[118,119,0.6] 0 
diameter[119,116,0.05] 1 
diameter[119,116,0.06] 0 
diameter[119,116,0.08] 0 
diameter[119,116,0.1] 0 
diameter[119,116,0.15] 0 
diameter[119,116,0.2] 0 
diameter[119,116,0.25] 0 
diameter[119,116,0.3] 0 
diameter[119,116,0.35] 0 
diameter[119,116,0.4] 0 
diameter[119,116,0.45] 0 
diameter[119,116,0.5] 0 
diameter[119,116,0.6] 0 
diameter[119,120,0.05] 1 
diameter[119,120,0.06] 0 
diameter[119,120,0.08] 0 
diameter[119,120,0.1] 0 
diameter[119,120,0.15] 0 
diameter[119,120,0.2] 0 
diameter[119,120,0.25] 0 
diameter[119,120,0.3] 0 
diameter[119,120,0.35] 0 
diameter[119,120,0.4] 0 
diameter[119,120,0.45] 0 
diameter[119,120,0.5] 0 
diameter[119,120,0.6] 0 
hydro loss[1,0] 0.0556423 
hydro loss[1,2] 0.0658355 
hydro loss[2,3] 0.108874 
hydro loss[3,6] 0.0437857 
hydro loss[4,5] 0.0530273 
hydro loss[5,1] 0.250943 
hydro loss[6,7] 0.100435 
hydro loss[7,11] 0.0714802 
hydro loss[8,4] 0.33 
hydro loss[10,8] 0.0986986 
hydro loss[10,12] 0.052818 
hydro loss[13,10] 0.124068 
hydro loss[14,9] 0.0695529 
hydro loss[15,13] 0.219933 
hydro loss[15,14] 0.258361 
hydro loss[16,15] 0.336951 
hydro loss[18,16] 0.464916 
hydro loss[18,17] 0.0323383 
hydro loss[20,18] 0.737435 
hydro loss[20,19] 0.0998822 
hydro loss[21,20] 0.621388 
hydro loss[22,21] 0.374731 
hydro loss[23,22] 3.06118 
hydro loss[26,24] 0.0417314 
hydro loss[27,23] 1.55359 
hydro loss[28,27] 0.47483 
hydro loss[28,32] 0.0850761 
hydro loss[29,25] 0.0556429 
hydro loss[29,28] 1.76576 
hydro loss[30,26] 0.150651 
hydro loss[31,30] 0.425629 
hydro loss[33,29] 1.70088 
hydro loss[34,33] 1.03491 
hydro loss[35,31] 1.26898 
hydro loss[36,35] 1.9678 
hydro loss[37,34] 1.0997 
hydro loss[38,36] 1.56692 
hydro loss[39,37] 1.49826 
hydro loss[39,41] 0.0357841 
hydro loss[42,38] 3.12557 
hydro loss[42,43] 2.44744 
hydro loss[43,39] 0.652442 
hydro loss[44,40] 0.0580324 
hydro loss[45,42] 3.12573 
hydro loss[46,44] 0.15065 
hydro loss[47,46] 0.212814 
hydro loss[48,49] 4.09996 
hydro loss[49,45] 3.15525 
hydro loss[49,52] 0.0850757 
hydro loss[50,47] 0.931525 
hydro loss[51,56] 0.055643 
hydro loss[53,48] 0.585512 
hydro loss[53,51] 0.360575 
hydro loss[54,50] 1.14331 
hydro loss[55,54] 0.768259 
hydro loss[57,53] 0.430001 
hydro loss[58,57] 0.287817 
hydro loss[59,55] 3.13534 
hydro loss[60,59] 3.36699 
hydro loss[61,58] 0.298356 
hydro loss[61,62] 0.148775 
hydro loss[62,63] 0.0576968 
hydro loss[64,60] 4.97809 
hydro loss[65,61] 0.662032 
hydro loss[67,64] 3.65376 
hydro loss[67,65] 0.552677 
hydro loss[68,71] 1.95232 
hydro loss[69,67] 0.663427 
hydro loss[69,73] 2.03435 
hydro loss[70,77] 0.0580333 
hydro loss[70,75] 2.04443 
hydro loss[71,70] 2.15029 
hydro loss[71,76] 0.0448701 
hydro loss[72,66] 0.0973732 
hydro loss[72,80] 1.85201 
hydro loss[73,72] 1.63163 
hydro loss[74,69] 1.15805 
hydro loss[74,79] 4.9467 
hydro loss[75,74] 1.53761 
hydro loss[78,83] 0.0714797 
hydro loss[79,78] 0.11902 
hydro loss[79,81] 2.47583 
hydro loss[80,85] 1.74942 
hydro loss[81,84] 1.53654 
hydro loss[84,86] 0.822168 
hydro loss[85,89] 2.1022 
hydro loss[86,87] 0.543855 
hydro loss[87,88] 0.884296 
hydro loss[88,82] 0.104331 
hydro loss[88,91] 0.0782648 
hydro loss[89,90] 1.03489 
hydro loss[90,93] 1.01367 
hydro loss[93,95] 1.05917 
hydro loss[94,92] 0.0417314 
hydro loss[95,99] 2.12552 
hydro loss[95,96] 1.10865 
hydro loss[96,98] 0.757316 
hydro loss[97,94] 0.268739 
hydro loss[98,103] 2.33717 
hydro loss[99,97] 0.392978 
hydro loss[99,101] 0.277866 
hydro loss[101,100] 0.0659392 
hydro loss[102,107] 1.60748 
hydro loss[103,102] 1.41176 
hydro loss[106,104] 0.0714799 
hydro loss[106,105] 0.0659392 
hydro loss[107,106] 0.504397 
hydro loss[107,108] 0.789725 
hydro loss[108,112] 0.722246 
hydro loss[109,113] 4.08948 
hydro loss[110,109] 1.58766 
hydro loss[111,110] 0.475333 
hydro loss[112,111] 0.708871 
hydro loss[113,114] 0.326077 
hydro loss[114,115] 2.86972 
hydro loss[115,118] 0.689685 
hydro loss[116,117] 0.13261 
hydro loss[118,119] 0.429664 
hydro loss[119,116] 0.591525 
hydro loss[119,120] 0.743863 
PUMP[1,0] 0 
PUMP[1,2] 0 
PUMP[2,3] 0 
PUMP[3,6] 0 
PUMP[4,5] 0 
PUMP[5,1] 0 
PUMP[6,7] 0 
PUMP[7,11] 0 
PUMP[8,4] 0 
PUMP[10,8] 0 
PUMP[10,12] 0 
PUMP[13,10] 0 
PUMP[14,9] 0 
PUMP[15,13] 0 
PUMP[15,14] 0 
PUMP[16,15] 0 
PUMP[18,16] 0 
PUMP[18,17] 0 
PUMP[20,18] 0 
PUMP[20,19] 0 
PUMP[21,20] 0 
PUMP[22,21] 0 
PUMP[23,22] 0 
PUMP[26,24] 0 
PUMP[27,23] 0 
PUMP[28,27] 0 
PUMP[28,32] 0 
PUMP[29,25] 0 
PUMP[29,28] 0 
PUMP[30,26] 0 
PUMP[31,30] 0 
PUMP[33,29] 0 
PUMP[34,33] 0 
PUMP[35,31] 0 
PUMP[36,35] 0 
PUMP[37,34] 0 
PUMP[38,36] 0 
PUMP[39,37] 0 
PUMP[39,41] 0 
PUMP[42,38] 0 
PUMP[42,43] 0 
PUMP[43,39] 0 
PUMP[44,40] 0 
PUMP[45,42] 0 
PUMP[46,44] 0 
PUMP[47,46] 0 
PUMP[48,49] 0 
PUMP[49,45] 0 
PUMP[49,52] 0 
PUMP[50,47] 0 
PUMP[51,56] 0 
PUMP[53,48] 0 
PUMP[53,51] 0 
PUMP[54,50] 0 
PUMP[55,54] 0 
PUMP[57,53] 0 
PUMP[58,57] 0 
PUMP[59,55] 0 
PUMP[60,59] 0 
PUMP[61,58] 0 
PUMP[61,62] 0 
PUMP[62,63] 0 
PUMP[64,60] 0 
PUMP[65,61] 0 
PUMP[67,64] 0 
PUMP[67,65] 0 
PUMP[68,71] 0 
PUMP[69,67] 0 
PUMP[69,73] 0 
PUMP[70,77] 0 
PUMP[70,75] 0 
PUMP[71,70] 0 
PUMP[71,76] 0 
PUMP[72,66] 0 
PUMP[72,80] 0 
PUMP[73,72] 0 
PUMP[74,69] 0 
PUMP[74,79] 0 
PUMP[75,74] 0 
PUMP[78,83] 0 
PUMP[79,78] 0 
PUMP[79,81] 0 
PUMP[80,85] 0 
PUMP[81,84] 0 
PUMP[84,86] 0 
PUMP[85,89] 0 
PUMP[86,87] 0 
PUMP[87,88] 0 
PUMP[88,82] 0 
PUMP[88,91] 0 
PUMP[89,90] 0 
PUMP[90,93] 0 
PUMP[93,95] 0 
PUMP[94,92] 0 
PUMP[95,99] 0 
PUMP[95,96] 0 
PUMP[96,98] 0 
PUMP[97,94] 0 
PUMP[98,103] 0 
PUMP[99,97] 0 
PUMP[99,101] 0 
PUMP[101,100] 0 
PUMP[102,107] 0 
PUMP[103,102] 0 
PUMP[106,104] 0 
PUMP[106,105] 0 
PUMP[107,106] 0 
PUMP[107,108] 0 
PUMP[108,112] 0 
PUMP[109,113] 0 
PUMP[110,109] 0 
PUMP[111,110] 0 
PUMP[112,111] 0 
PUMP[113,114] 0 
PUMP[114,115] 0 
PUMP[115,118] 0 
PUMP[116,117] 0 
PUMP[118,119] 0 
PUMP[119,116] 0 
PUMP[119,120] 0 
PRESSURE BY PUMP[1,0] 0 
PRESSURE BY PUMP[1,2] 0 
PRESSURE BY PUMP[2,3] 0 
PRESSURE BY PUMP[3,6] 0 
PRESSURE BY PUMP[4,5] 0 
PRESSURE BY PUMP[5,1] 0 
PRESSURE BY PUMP[6,7] 0 
PRESSURE BY PUMP[7,11] 0 
PRESSURE BY PUMP[8,4] 0 
PRESSURE BY PUMP[10,8] 0 
PRESSURE BY PUMP[10,12] 0 
PRESSURE BY PUMP[13,10] 0 
PRESSURE BY PUMP[14,9] 0 
PRESSURE BY PUMP[15,13] 0 
PRESSURE BY PUMP[15,14] 0 
PRESSURE BY PUMP[16,15] 0 
PRESSURE BY PUMP[18,16] 0 
PRESSURE BY PUMP[18,17] 0 
PRESSURE BY PUMP[20,18] 0 
PRESSURE BY PUMP[20,19] 0 
PRESSURE BY PUMP[21,20] 0 
PRESSURE BY PUMP[22,21] 0 
PRESSURE BY PUMP[23,22] 0 
PRESSURE BY PUMP[26,24] 0 
PRESSURE BY PUMP[27,23] 0 
PRESSURE BY PUMP[28,27] 0 
PRESSURE BY PUMP[28,32] 0 
PRESSURE BY PUMP[29,25] 0 
PRESSURE BY PUMP[29,28] 0 
PRESSURE BY PUMP[30,26] 0 
PRESSURE BY PUMP[31,30] 0 
PRESSURE BY PUMP[33,29] 0 
PRESSURE BY PUMP[34,33] 0 
PRESSURE BY PUMP[35,31] 0 
PRESSURE BY PUMP[36,35] 0 
PRESSURE BY PUMP[37,34] 0 
PRESSURE BY PUMP[38,36] 0 
PRESSURE BY PUMP[39,37] 0 
PRESSURE BY PUMP[39,41] 0 
PRESSURE BY PUMP[42,38] 0 
PRESSURE BY PUMP[42,43] 0 
PRESSURE BY PUMP[43,39] 0 
PRESSURE BY PUMP[44,40] 0 
PRESSURE BY PUMP[45,42] 0 
PRESSURE BY PUMP[46,44] 0 
PRESSURE BY PUMP[47,46] 0 
PRESSURE BY PUMP[48,49] 0 
PRESSURE BY PUMP[49,45] 0 
PRESSURE BY PUMP[49,52] 0 
PRESSURE BY PUMP[50,47] 0 
PRESSURE BY PUMP[51,56] 0 
PRESSURE BY PUMP[53,48] 0 
PRESSURE BY PUMP[53,51] 0 
PRESSURE BY PUMP[54,50] 0 
PRESSURE BY PUMP[55,54] 0 
PRESSURE BY PUMP[57,53] 0 
PRESSURE BY PUMP[58,57] 0 
PRESSURE BY PUMP[59,55] 0 
PRESSURE BY PUMP[60,59] 0 
PRESSURE BY PUMP[61,58] 0 
PRESSURE BY PUMP[61,62] 0 
PRESSURE BY PUMP[62,63] 0 
PRESSURE BY PUMP[64,60] 0 
PRESSURE BY PUMP[65,61] 0 
PRESSURE BY PUMP[67,64] 0 
PRESSURE BY PUMP[67,65] 0 
PRESSURE BY PUMP[68,71] 0 
PRESSURE BY PUMP[69,67] 0 
PRESSURE BY PUMP[69,73] 0 
PRESSURE BY PUMP[70,77] 0 
PRESSURE BY PUMP[70,75] 0 
PRESSURE BY PUMP[71,70] 0 
PRESSURE BY PUMP[71,76] 0 
PRESSURE BY PUMP[72,66] 0 
PRESSURE BY PUMP[72,80] 0 
PRESSURE BY PUMP[73,72] 0 
PRESSURE BY PUMP[74,69] 0 
PRESSURE BY PUMP[74,79] 0 
PRESSURE BY PUMP[75,74] 0 
PRESSURE BY PUMP[78,83] 0 
PRESSURE BY PUMP[79,78] 0 
PRESSURE BY PUMP[79,81] 0 
PRESSURE BY PUMP[80,85] 0 
PRESSURE BY PUMP[81,84] 0 
PRESSURE BY PUMP[84,86] 0 
PRESSURE BY PUMP[85,89] 0 
PRESSURE BY PUMP[86,87] 0 
PRESSURE BY PUMP[87,88] 0 
PRESSURE BY PUMP[88,82] 0 
PRESSURE BY PUMP[88,91] 0 
PRESSURE BY PUMP[89,90] 0 
PRESSURE BY PUMP[90,93] 0 
PRESSURE BY PUMP[93,95] 0 
PRESSURE BY PUMP[94,92] 0 
PRESSURE BY PUMP[95,99] 0 
PRESSURE BY PUMP[95,96] 0 
PRESSURE BY PUMP[96,98] 0 
PRESSURE BY PUMP[97,94] 0 
PRESSURE BY PUMP[98,103] 0 
PRESSURE BY PUMP[99,97] 0 
PRESSURE BY PUMP[99,101] 0 
PRESSURE BY PUMP[101,100] 0 
PRESSURE BY PUMP[102,107] 0 
PRESSURE BY PUMP[103,102] 0 
PRESSURE BY PUMP[106,104] 0 
PRESSURE BY PUMP[106,105] 0 
PRESSURE BY PUMP[107,106] 0 
PRESSURE BY PUMP[107,108] 0 
PRESSURE BY PUMP[108,112] 0 
PRESSURE BY PUMP[109,113] 0 
PRESSURE BY PUMP[110,109] 0 
PRESSURE BY PUMP[111,110] 0 
PRESSURE BY PUMP[112,111] 0 
PRESSURE BY PUMP[113,114] 0 
PRESSURE BY PUMP[114,115] 0 
PRESSURE BY PUMP[115,118] 0 
PRESSURE BY PUMP[116,117] 0 
PRESSURE BY PUMP[118,119] 0 
PRESSURE BY PUMP[119,116] 0 
PRESSURE BY PUMP[119,120] 0 
In Node Elevation[0] 60.9992 
In Node Elevation[1] 60.9992 
In Node Elevation[2] 61.3289 
In Node Elevation[3] 61.22 
In Node Elevation[4] 61.6987 
In Node Elevation[5] 60.9992 
In Node Elevation[6] 60.9992 
In Node Elevation[7] 60.9992 
In Node Elevation[8] 62.0287 
In Node Elevation[9] 60.9992 
In Node Elevation[10] 62.1274 
In Node Elevation[11] 61.0043 
In Node Elevation[12] 60.9992 
In Node Elevation[13] 62.2514 
In Node Elevation[14] 62.213 
In Node Elevation[15] 62.4714 
In Node Elevation[16] 60.9992 
In Node Elevation[17] 63.2409 
In Node Elevation[18] 63.2732 
In Node Elevation[19] 60.9992 
In Node Elevation[20] 60.9992 
In Node Elevation[21] 60.9992 
In Node Elevation[22] 65.0068 
In Node Elevation[23] 68.068 
In Node Elevation[24] 71.7485 
In Node Elevation[25] 60.9992 
In Node Elevation[26] 60.9992 
In Node Elevation[27] 69.6216 
In Node Elevation[28] 70.0964 
In Node Elevation[29] 60.9992 
In Node Elevation[30] 71.9409 
In Node Elevation[31] 72.3665 
In Node Elevation[32] 60.9992 
In Node Elevation[33] 73.563 
In Node Elevation[34] 60.9992 
In Node Elevation[35] 60.9992 
In Node Elevation[36] 60.9992 
In Node Elevation[37] 60.9992 
In Node Elevation[38] 60.9992 
In Node Elevation[39] 77.1959 
In Node Elevation[40] 75.0943 
In Node Elevation[41] 77.1601 
In Node Elevation[42] 60.9992 
In Node Elevation[43] 77.8483 
In Node Elevation[44] 60.9992 
In Node Elevation[45] 60.9992 
In Node Elevation[46] 75.303 
In Node Elevation[47] 75.5158 
In Node Elevation[48] 90.6767 
In Node Elevation[49] 86.5768 
In Node Elevation[50] 60.9992 
In Node Elevation[51] 90.9017 
In Node Elevation[52] 86.4917 
In Node Elevation[53] 91.2622 
In Node Elevation[54] 60.9992 
In Node Elevation[55] 60.9992 
In Node Elevation[56] 90.846 
In Node Elevation[57] 91.6922 
In Node Elevation[58] 91.98 
In Node Elevation[59] 60.9992 
In Node Elevation[60] 84.8613 
In Node Elevation[61] 92.2784 
In Node Elevation[62] 92.1296 
In Node Elevation[63] 92.0719 
In Node Elevation[64] 89.8394 
In Node Elevation[65] 92.9404 
In Node Elevation[66] 90.3932 
In Node Elevation[67] 93.4931 
In Node Elevation[68] 102.999 
In Node Elevation[69] 94.1565 
In Node Elevation[70] 98.8966 
In Node Elevation[71] 101.047 
In Node Elevation[72] 90.4906 
In Node Elevation[73] 92.1222 
In Node Elevation[74] 95.3146 
In Node Elevation[75] 96.8522 
In Node Elevation[76] 101.002 
In Node Elevation[77] 98.8386 
In Node Elevation[78] 90.2489 
In Node Elevation[79] 90.3679 
In Node Elevation[80] 88.6385 
In Node Elevation[81] 87.8921 
In Node Elevation[82] 84.0009 
In Node Elevation[83] 90.1774 
In Node Elevation[84] 86.3555 
In Node Elevation[85] 86.8891 
In Node Elevation[86] 85.5334 
In Node Elevation[87] 60.9992 
In Node Elevation[88] 60.9992 
In Node Elevation[89] 84.7869 
In Node Elevation[90] 83.752 
In Node Elevation[91] 84.0269 
In Node Elevation[92] 78.8502 
In Node Elevation[93] 60.9992 
In Node Elevation[94] 78.892 
In Node Elevation[95] 60.9992 
In Node Elevation[96] 60.9992 
In Node Elevation[97] 60.9992 
In Node Elevation[98] 60.9992 
In Node Elevation[99] 79.5537 
In Node Elevation[100] 60.9992 
In Node Elevation[101] 79.2758 
In Node Elevation[102] 76.0643 
In Node Elevation[103] 60.9992 
In Node Elevation[104] 73.8809 
In Node Elevation[105] 73.8865 
In Node Elevation[106] 73.9524 
In Node Elevation[107] 60.9992 
In Node Elevation[108] 73.6671 
In Node Elevation[109] 70.173 
In Node Elevation[110] 60.9992 
In Node Elevation[111] 72.236 
In Node Elevation[112] 60.9992 
In Node Elevation[113] 60.9992 
In Node Elevation[114] 60.9992 
In Node Elevation[115] 62.8877 
In Node Elevation[116] 61.1768 
In Node Elevation[117] 60.9992 
In Node Elevation[118] 60.9992 
In Node Elevation[119] 61.7684 
In Node Elevation[120] 60.9992 
HEAD PRESSURE[0] 31.9861 
HEAD PRESSURE[1] 32.0417 
HEAD PRESSURE[2] 31.6462 
HEAD PRESSURE[3] 31.6462 
HEAD PRESSURE[4] 31.6462 
HEAD PRESSURE[5] 32.2926 
HEAD PRESSURE[6] 31.8232 
HEAD PRESSURE[7] 31.7228 
HEAD PRESSURE[8] 31.6462 
HEAD PRESSURE[9] 32.7905 
HEAD PRESSURE[10] 31.6462 
HEAD PRESSURE[11] 31.6462 
HEAD PRESSURE[12] 32.7215 
HEAD PRESSURE[13] 31.6462 
HEAD PRESSURE[14] 31.6462 
HEAD PRESSURE[15] 31.6462 
HEAD PRESSURE[16] 33.4553 
HEAD PRESSURE[17] 31.6462 
HEAD PRESSURE[18] 31.6462 
HEAD PRESSURE[19] 34.5578 
HEAD PRESSURE[20] 34.6577 
HEAD PRESSURE[21] 35.2791 
HEAD PRESSURE[22] 31.6462 
HEAD PRESSURE[23] 31.6462 
HEAD PRESSURE[24] 31.6462 
HEAD PRESSURE[25] 42.4535 
HEAD PRESSURE[26] 42.4372 
HEAD PRESSURE[27] 31.6462 
HEAD PRESSURE[28] 31.6462 
HEAD PRESSURE[29] 42.5091 
HEAD PRESSURE[30] 31.6462 
HEAD PRESSURE[31] 31.6462 
HEAD PRESSURE[32] 40.6583 
HEAD PRESSURE[33] 31.6462 
HEAD PRESSURE[34] 45.2449 
HEAD PRESSURE[35] 44.2825 
HEAD PRESSURE[36] 46.2503 
HEAD PRESSURE[37] 46.3446 
HEAD PRESSURE[38] 47.8172 
HEAD PRESSURE[39] 31.6462 
HEAD PRESSURE[40] 31.6462 
HEAD PRESSURE[41] 31.6462 
HEAD PRESSURE[42] 50.9428 
HEAD PRESSURE[43] 31.6462 
HEAD PRESSURE[44] 45.7994 
HEAD PRESSURE[45] 54.0685 
HEAD PRESSURE[46] 31.6462 
HEAD PRESSURE[47] 31.6462 
HEAD PRESSURE[48] 31.6462 
HEAD PRESSURE[49] 31.6462 
HEAD PRESSURE[50] 47.0944 
HEAD PRESSURE[51] 31.6462 
HEAD PRESSURE[52] 31.6462 
HEAD PRESSURE[53] 31.6462 
HEAD PRESSURE[54] 48.2377 
HEAD PRESSURE[55] 49.0059 
HEAD PRESSURE[56] 31.6462 
HEAD PRESSURE[57] 31.6462 
HEAD PRESSURE[58] 31.6462 
HEAD PRESSURE[59] 52.1413 
HEAD PRESSURE[60] 31.6462 
HEAD PRESSURE[61] 31.6462 
HEAD PRESSURE[62] 31.6462 
HEAD PRESSURE[63] 31.6462 
HEAD PRESSURE[64] 31.6462 
HEAD PRESSURE[65] 31.6462 
HEAD PRESSURE[66] 31.6462 
HEAD PRESSURE[67] 31.6462 
HEAD PRESSURE[68] 31.6462 
HEAD PRESSURE[69] 31.6462 
HEAD PRESSURE[70] 31.6462 
HEAD PRESSURE[71] 31.6462 
HEAD PRESSURE[72] 31.6462 
HEAD PRESSURE[73] 31.6462 
HEAD PRESSURE[74] 31.6462 
HEAD PRESSURE[75] 31.6462 
HEAD PRESSURE[76] 31.6462 
HEAD PRESSURE[77] 31.6462 
HEAD PRESSURE[78] 31.6462 
HEAD PRESSURE[79] 31.6462 
HEAD PRESSURE[80] 31.6462 
HEAD PRESSURE[81] 31.6462 
HEAD PRESSURE[82] 31.6462 
HEAD PRESSURE[83] 31.6462 
HEAD PRESSURE[84] 31.6462 
HEAD PRESSURE[85] 31.6462 
HEAD PRESSURE[86] 31.6462 
HEAD PRESSURE[87] 55.6365 
HEAD PRESSURE[88] 54.7522 
HEAD PRESSURE[89] 31.6462 
HEAD PRESSURE[90] 31.6462 
HEAD PRESSURE[91] 31.6462 
HEAD PRESSURE[92] 31.6462 
HEAD PRESSURE[93] 53.3854 
HEAD PRESSURE[94] 31.6462 
HEAD PRESSURE[95] 52.3262 
HEAD PRESSURE[96] 51.2175 
HEAD PRESSURE[97] 49.8077 
HEAD PRESSURE[98] 50.4602 
HEAD PRESSURE[99] 31.6462 
HEAD PRESSURE[100] 49.8569 
HEAD PRESSURE[101] 31.6462 
HEAD PRESSURE[102] 31.6462 
HEAD PRESSURE[103] 48.1231 
HEAD PRESSURE[104] 31.6462 
HEAD PRESSURE[105] 31.6462 
HEAD PRESSURE[106] 31.6462 
HEAD PRESSURE[107] 45.1038 
HEAD PRESSURE[108] 31.6462 
HEAD PRESSURE[109] 31.6462 
HEAD PRESSURE[110] 42.4076 
HEAD PRESSURE[111] 31.6462 
HEAD PRESSURE[112] 43.5918 
HEAD PRESSURE[113] 36.7305 
HEAD PRESSURE[114] 36.4044 
HEAD PRESSURE[115] 31.6462 
HEAD PRESSURE[116] 31.6462 
HEAD PRESSURE[117] 31.6912 
HEAD PRESSURE[118] 32.845 
HEAD PRESSURE[119] 31.6462 
HEAD PRESSURE[120] 31.6715 
